date,asset,open,high,low,close,adjusted_close,volume,sector,historical_member
2023-01-02,ALFA,69.941102,70.741576,69.265168,69.747276,69.747276,3989181,technology,True
2023-01-03,ALFA,69.837044,70.557894,68.916708,69.578852,69.578852,753578,technology,True
2023-01-04,ALFA,70.236296,71.057056,69.650142,70.086314,70.086314,688245,technology,True
2023-01-05,ALFA,69.875996,70.507043,69.188603,69.659836,69.659836,2958687,technology,True
2023-01-06,ALFA,70.163548,70.487922,69.204574,69.916925,69.916925,2743907,technology,True
2023-01-09,ALFA,70.299533,70.53818,69.737517,70.300159,70.300159,507506,technology,True
2023-01-10,ALFA,70.60825,70.799759,70.549153,70.676409,70.676409,3926586,technology,True
2023-01-11,ALFA,71.081776,71.731938,70.472772,70.737666,70.737666,2308486,technology,True
2023-01-12,ALFA,69.89725,70.480541,69.141247,69.977686,69.977686,2149123,technology,True
2023-01-13,ALFA,69.504321,69.761506,69.247978,69.607077,69.607077,3967918,technology,True
2023-01-16,ALFA,69.322769,69.488214,69.108935,69.260433,69.260433,1246514,technology,True
2023-01-17,ALFA,69.267525,69.523415,68.850243,69.233373,69.233373,3487122,technology,True
2023-01-18,ALFA,69.606902,70.341996,69.064346,69.609546,69.609546,3361553,technology,True
2023-01-19,ALFA,69.990462,70.820234,69.378926,69.783132,69.783132,3264554,technology,True
2023-01-20,ALFA,69.989103,70.086042,69.61963,69.915553,69.915553,2650751,technology,True
2023-01-23,ALFA,70.063295,70.50182,69.76583,69.890263,69.890263,2709307,technology,True
2023-01-24,ALFA,69.89789,70.391562,69.347411,69.882746,69.882746,2557056,technology,True
2023-01-25,ALFA,70.072905,70.720476,69.407839,70.163134,70.163134,2612205,technology,True
2023-01-26,ALFA,70.073639,70.642396,69.470184,70.46482,70.46482,1387879,technology,True
2023-01-27,ALFA,70.707138,71.51992,70.499254,70.544368,70.544368,1917822,technology,True
2023-01-30,ALFA,70.902096,71.301554,70.790616,70.830416,70.830416,752158,technology,True
2023-01-31,ALFA,71.192169,71.47853,70.226671,71.014295,71.014295,1514527,technology,True
2023-02-01,ALFA,71.225848,71.570914,70.304719,71.03409,71.03409,1389048,technology,True
2023-02-02,ALFA,71.3123,71.676905,71.188251,71.391042,71.391042,3571562,technology,True
2023-02-03,ALFA,71.374582,72.220516,71.167865,71.445577,71.445577,1058249,technology,True
2023-02-06,ALFA,71.087563,71.329218,70.910349,71.136731,71.136731,1619959,technology,True
2023-02-07,ALFA,70.615717,70.766226,69.964343,70.58555,70.58555,803756,technology,True
2023-02-08,ALFA,70.856285,71.61887,70.088805,70.860844,70.860844,1804252,technology,True
2023-02-09,ALFA,70.834573,71.495195,70.551001,70.968207,70.968207,771822,technology,True
2023-02-10,ALFA,71.30614,71.573395,70.814799,70.976875,70.976875,2918596,technology,True
2023-02-13,ALFA,71.234209,71.464364,70.520025,71.351924,71.351924,3060923,technology,True
2023-02-14,ALFA,71.6219,72.368291,71.336888,71.660816,71.660816,512446,technology,True
2023-02-15,ALFA,72.372887,72.971233,72.016235,72.109687,72.109687,1022706,technology,True
2023-02-16,ALFA,71.71684,72.146961,71.044323,71.867608,71.867608,3527764,technology,True
2023-02-17,ALFA,72.462118,73.048956,71.744711,72.248719,72.248719,1904756,technology,True
2023-02-20,ALFA,73.409279,73.647427,73.062986,73.383991,73.383991,405704,technology,True
2023-02-21,ALFA,73.653367,73.824821,73.179381,73.574057,73.574057,1557648,technology,True
2023-02-22,ALFA,74.005577,74.261505,73.278091,73.794455,73.794455,2689331,technology,True
2023-02-23,ALFA,74.045251,74.692616,73.732064,74.16929,74.16929,2924216,technology,True
2023-02-24,ALFA,73.727928,74.349011,73.332018,73.801059,73.801059,648487,technology,True
2023-02-27,ALFA,73.574276,74.086339,73.283923,73.663813,73.663813,3227912,technology,True
2023-02-28,ALFA,73.967375,74.672293,73.575378,74.032493,74.032493,3203645,technology,True
2023-03-01,ALFA,74.014528,74.897425,73.652551,74.161931,74.161931,727918,technology,True
2023-03-02,ALFA,73.52129,73.998112,73.13983,73.763745,73.763745,375519,technology,True
2023-03-03,ALFA,73.917031,74.740277,73.541557,73.949732,73.949732,2709897,technology,True
2023-03-06,ALFA,74.1323,74.900891,73.787935,74.258198,74.258198,1077799,technology,True
2023-03-07,ALFA,73.889607,74.861518,73.681259,74.214997,74.214997,3616587,technology,True
2023-03-08,ALFA,74.166116,74.395248,73.693715,74.074178,74.074178,3772530,technology,True
2023-03-09,ALFA,74.357974,75.07548,73.688879,74.474283,74.474283,2263883,technology,True
2023-03-10,ALFA,74.142289,75.200021,73.630826,74.458456,74.458456,3597215,technology,True
2023-03-13,ALFA,74.278404,74.439291,73.942751,74.336452,74.336452,3214767,technology,True
2023-03-14,ALFA,74.439479,75.086467,74.040413,74.414205,74.414205,3889534,technology,True
2023-03-15,ALFA,74.65692,75.525109,74.564789,74.624246,74.624246,1051695,technology,True
2023-03-16,ALFA,75.296886,76.038636,74.449281,75.296694,75.296694,775517,technology,True
2023-03-17,ALFA,76.286319,76.652705,75.509855,76.141057,76.141057,2419027,technology,True
2023-03-20,ALFA,75.672066,76.039542,75.447114,75.908373,75.908373,740752,technology,True
2023-03-21,ALFA,76.127943,76.280931,75.886175,76.150885,76.150885,2742436,technology,True
2023-03-22,ALFA,76.216734,76.684466,75.30376,76.562161,76.562161,997407,technology,True
2023-03-23,ALFA,76.044543,76.375211,75.184439,76.094128,76.094128,1642731,technology,True
2023-03-24,ALFA,76.297211,77.038123,75.569541,76.35471,76.35471,1142072,technology,True
2023-03-27,ALFA,76.242183,77.022714,75.690184,76.568133,76.568133,3797499,technology,True
2023-03-28,ALFA,76.792086,77.141064,76.640261,76.773632,76.773632,560402,technology,True
2023-03-29,ALFA,76.359524,76.427147,76.078733,76.358964,76.358964,1194822,technology,True
2023-03-30,ALFA,76.741189,77.244586,76.048833,76.377645,76.377645,2662903,technology,True
2023-03-31,ALFA,76.344449,77.252284,75.52452,76.009361,76.009361,3888292,technology,True
2023-04-03,ALFA,76.497683,77.092899,76.025862,76.333427,76.333427,459509,technology,True
2023-04-04,ALFA,75.816966,76.300342,75.000646,76.009926,76.009926,3177848,technology,True
2023-04-05,ALFA,76.120003,76.956865,75.719536,76.053495,76.053495,1296974,technology,True
2023-04-06,ALFA,76.087537,76.486967,75.042042,75.823916,75.823916,3346594,technology,True
2023-04-07,ALFA,75.338134,76.174121,74.709636,75.488871,75.488871,3613086,technology,True
2023-04-10,ALFA,75.679114,75.744826,74.840709,75.609453,75.609453,641573,technology,True
2023-04-11,ALFA,75.405857,75.681859,75.052248,75.3435,75.3435,2465554,technology,True
2023-04-12,ALFA,76.511114,77.193641,76.093686,76.436775,76.436775,478822,technology,True
2023-04-13,ALFA,77.260992,77.994586,76.266803,77.163037,77.163037,390404,technology,True
2023-04-14,ALFA,77.632097,78.456846,77.550846,77.661974,77.661974,3364905,technology,True
2023-04-17,ALFA,77.877774,78.522473,77.250239,78.04362,78.04362,2547330,technology,True
2023-04-18,ALFA,77.546387,78.328461,77.4959,77.872832,77.872832,2812554,technology,True
2023-04-19,ALFA,77.960222,78.676805,77.741806,77.832799,77.832799,1161845,technology,True
2023-04-20,ALFA,77.391451,78.185127,76.932038,77.474069,77.474069,1690834,technology,True
2023-04-21,ALFA,77.878062,78.779124,76.770995,77.689944,77.689944,3499187,technology,True
2023-04-24,ALFA,77.996023,78.849836,77.358318,77.974374,77.974374,2189003,technology,True
2023-04-25,ALFA,78.475658,79.406197,77.946018,78.542997,78.542997,2740021,technology,True
2023-04-26,ALFA,78.934237,79.572082,78.075086,78.801501,78.801501,1810059,technology,True
2023-04-27,ALFA,78.31646,78.964322,78.130699,78.28627,78.28627,3168889,technology,True
2023-04-28,ALFA,79.346941,80.276356,78.800282,79.142778,79.142778,1696289,technology,True
2023-05-01,ALFA,78.56706,79.589097,77.770389,78.760058,78.760058,3335252,technology,True
2023-05-02,ALFA,78.993728,79.29651,78.45321,79.05683,79.05683,2594076,technology,True
2023-05-03,ALFA,78.556494,79.075078,78.01274,78.514848,78.514848,2904886,technology,True
2023-05-04,ALFA,78.206878,79.006065,77.225358,78.06278,78.06278,2227023,technology,True
2023-05-05,ALFA,77.719102,77.827561,77.606735,77.760709,77.760709,2252232,technology,True
2023-05-08,ALFA,78.108081,78.570635,77.245239,78.363007,78.363007,3976004,technology,True
2023-05-09,ALFA,78.927308,79.26365,77.815147,78.591247,78.591247,2435968,technology,True
2023-05-10,ALFA,78.608358,79.548951,78.11183,78.557751,78.557751,3283716,technology,True
2023-05-11,ALFA,78.149069,78.701069,77.73696,78.354447,78.354447,2685029,technology,True
2023-05-12,ALFA,78.874796,80.09865,78.663307,79.151807,79.151807,1164015,technology,True
2023-05-15,ALFA,78.273393,78.787639,77.811467,78.517432,78.517432,2283797,technology,True
2023-05-16,ALFA,79.083564,79.924025,78.882674,79.152456,79.152456,1201733,technology,True
2023-05-17,ALFA,79.063358,79.797947,78.267483,78.891288,78.891288,3794163,technology,True
2023-05-18,ALFA,78.409288,78.771555,77.638313,78.596311,78.596311,1999475,technology,True
2023-05-19,ALFA,78.918024,79.361766,78.454119,78.80832,78.80832,1708923,technology,True
2023-05-22,ALFA,77.468731,78.495787,76.732746,77.71394,77.71394,3865280,technology,True
2023-05-23,ALFA,78.549103,78.896017,78.199677,78.485478,78.485478,1311722,technology,True
2023-05-24,ALFA,78.374279,78.693593,78.011989,78.175275,78.175275,1608639,technology,True
2023-05-25,ALFA,78.328431,78.957535,77.648053,78.358915,78.358915,3919086,technology,True
2023-05-26,ALFA,78.759399,79.449738,77.752415,78.565232,78.565232,1906181,technology,True
2023-05-29,ALFA,78.280186,78.384877,77.41268,78.267845,78.267845,3264137,technology,True
2023-05-30,ALFA,78.016897,78.429869,77.323533,78.244673,78.244673,1116122,technology,True
2023-05-31,ALFA,78.597241,79.313354,77.555365,78.451547,78.451547,433936,technology,True
2023-06-01,ALFA,77.13068,77.972988,76.348037,77.064298,77.064298,3032827,technology,True
2023-06-02,ALFA,77.021275,77.924753,75.754455,76.567108,76.567108,2179239,technology,True
2023-06-05,ALFA,76.223151,76.400632,76.035876,76.111529,76.111529,2732502,technology,True
2023-06-06,ALFA,75.756824,75.831502,75.502411,75.553605,75.553605,3486617,technology,True
2023-06-07,ALFA,75.852512,76.183148,75.568345,75.929475,75.929475,3323850,technology,True
2023-06-08,ALFA,74.591788,75.061863,74.313156,74.641064,74.641064,3921154,technology,True
2023-06-09,ALFA,74.758701,75.693447,74.181937,74.883554,74.883554,1498120,technology,True
2023-06-12,ALFA,74.511362,75.056067,74.309422,74.539642,74.539642,2238446,technology,True
2023-06-13,ALFA,74.365385,74.729883,74.106409,74.36187,74.36187,1287713,technology,True
2023-06-14,ALFA,74.395757,74.991872,73.801652,74.398279,74.398279,3269577,technology,True
2023-06-15,ALFA,74.325922,74.437883,73.560564,74.23561,74.23561,1772883,technology,True
2023-06-16,ALFA,75.094614,75.570897,74.865234,74.925111,74.925111,2861812,technology,True
2023-06-19,ALFA,74.778928,75.148705,74.050519,74.802751,74.802751,2304604,technology,True
2023-06-20,ALFA,75.612423,75.821892,75.051953,75.443171,75.443171,1658487,technology,True
2023-06-21,ALFA,75.057504,76.048559,74.368957,75.220629,75.220629,1881723,technology,True
2023-06-22,ALFA,76.384931,76.579514,75.802242,76.227137,76.227137,1305917,technology,True
2023-06-23,ALFA,76.303414,76.898784,75.724173,76.515134,76.515134,3598265,technology,True
2023-06-26,ALFA,76.543264,76.95764,76.324168,76.439554,76.439554,3290249,technology,True
2023-06-27,ALFA,76.380758,77.271789,76.295219,76.374514,76.374514,3275623,technology,True
2023-06-28,ALFA,76.081541,76.808261,75.258923,76.112649,76.112649,1708275,technology,True
2023-06-29,ALFA,75.708524,76.159227,74.817283,75.444565,75.444565,2341605,technology,True
2023-06-30,ALFA,75.590926,76.37865,74.875492,75.753893,75.753893,3885500,technology,True
2023-07-03,ALFA,75.990388,76.309325,75.308297,75.996625,75.996625,3150988,technology,True
2023-07-04,ALFA,75.40025,75.816268,75.239563,75.433704,75.433704,1457834,technology,True
2023-07-05,ALFA,75.275234,75.701005,75.057326,75.266668,75.266668,656389,technology,True
2023-07-06,ALFA,76.132519,76.287068,75.392727,76.000899,76.000899,1642823,technology,True
2023-07-07,ALFA,75.503816,76.148009,75.082505,75.667588,75.667588,2299786,technology,True
2023-07-10,ALFA,76.464502,76.929726,75.734289,76.489771,76.489771,1492045,technology,True
2023-07-11,ALFA,77.582306,77.883084,76.760008,77.194742,77.194742,3586874,technology,True
2023-07-12,ALFA,77.565088,78.384834,76.955296,77.607431,77.607431,2358097,technology,True
2023-07-13,ALFA,78.047685,78.235222,76.908127,77.825202,77.825202,1749393,technology,True
2023-07-14,ALFA,77.530651,78.488682,76.965533,77.57971,77.57971,1779073,technology,True
2023-07-17,ALFA,77.477019,77.942729,76.809306,77.467643,77.467643,1976777,technology,True
2023-07-18,ALFA,77.786574,78.133819,77.370297,77.923554,77.923554,2710960,technology,True
2023-07-19,ALFA,77.570161,78.270209,77.47544,77.627997,77.627997,3909047,technology,True
2023-07-20,ALFA,78.101136,78.803198,77.433176,78.378536,78.378536,945928,technology,True
2023-07-21,ALFA,77.685316,78.646448,77.513209,77.760283,77.760283,3097396,technology,True
2023-07-24,ALFA,77.346881,77.939468,77.170332,77.483023,77.483023,747220,technology,True
2023-07-25,ALFA,77.873584,78.206829,77.568382,77.87418,77.87418,3259499,technology,True
2023-07-26,ALFA,77.980668,78.754086,77.586037,77.971714,77.971714,2357302,technology,True
2023-07-27,ALFA,77.17497,78.006448,76.305101,77.221948,77.221948,2639522,technology,True
2023-07-28,ALFA,77.354796,78.024516,76.852299,77.263501,77.263501,902144,technology,True
2023-07-31,ALFA,77.102373,77.493991,76.358608,77.198754,77.198754,2781243,technology,True
2023-08-01,ALFA,77.632102,77.683541,76.929778,77.638291,77.638291,1469050,technology,True
2023-08-02,ALFA,77.906767,78.170664,77.07266,77.923962,77.923962,630460,technology,True
2023-08-03,ALFA,78.370942,78.502248,77.746431,78.170719,78.170719,669026,technology,True
2023-08-04,ALFA,78.180513,78.987243,77.379602,78.334689,78.334689,3302799,technology,True
2023-08-07,ALFA,78.251432,78.597611,77.117091,78.043397,78.043397,3425206,technology,True
2023-08-08,ALFA,77.823008,78.878409,77.053703,77.995389,77.995389,1314130,technology,True
2023-08-09,ALFA,77.560383,78.03267,77.478133,77.601354,77.601354,3566108,technology,True
2023-08-10,ALFA,77.983416,78.405659,77.274771,77.683002,77.683002,1267361,technology,True
2023-08-11,ALFA,78.18953,78.704838,77.292529,78.221041,78.221041,2323771,technology,True
2023-08-14,ALFA,77.903778,78.492223,77.777622,78.275756,78.275756,2688555,technology,True
2023-08-15,ALFA,78.160795,79.473567,77.838747,78.562549,78.562549,2960665,technology,True
2023-08-16,ALFA,79.477968,80.073159,78.583065,79.51841,79.51841,379156,technology,True
2023-08-17,ALFA,78.697083,78.989694,78.576213,78.648007,78.648007,3913780,technology,True
2023-08-18,ALFA,78.174738,78.886234,77.750324,78.118233,78.118233,1687490,technology,True
2023-08-21,ALFA,78.026339,78.925742,77.113046,77.948372,77.948372,1897167,technology,True
2023-08-22,ALFA,78.206493,78.613875,77.898458,78.061267,78.061267,1221273,technology,True
2023-08-23,ALFA,78.236592,78.96534,77.066063,77.912847,77.912847,1138980,technology,True
2023-08-24,ALFA,78.070599,78.371791,77.679685,77.902209,77.902209,1771244,technology,True
2023-08-25,ALFA,77.805563,77.897889,76.963415,77.798927,77.798927,2895549,technology,True
2023-08-28,ALFA,77.853096,78.255746,76.851436,77.711924,77.711924,427975,technology,True
2023-08-29,ALFA,77.255092,78.042377,77.002084,77.396252,77.396252,2613924,technology,True
2023-08-30,ALFA,77.332114,77.432347,76.717931,77.383054,77.383054,2052015,technology,True
2023-08-31,ALFA,76.498651,76.954895,75.626033,76.639254,76.639254,2876071,technology,True
2023-09-01,ALFA,76.937094,77.557036,76.661785,76.870578,76.870578,3340679,technology,True
2023-09-04,ALFA,76.759864,77.845719,76.694814,77.063984,77.063984,3280351,technology,True
2023-09-05,ALFA,76.810519,77.430981,76.121719,76.897338,76.897338,2879182,technology,True
2023-09-06,ALFA,76.8109,77.481461,76.027941,76.659063,76.659063,2312108,technology,True
2023-09-07,ALFA,77.556847,78.128524,77.007082,77.487161,77.487161,1811604,technology,True
2023-09-08,ALFA,78.048273,78.848444,77.739827,77.960151,77.960151,1059416,technology,True
2023-09-11,ALFA,77.200387,77.310792,76.649681,76.991661,76.991661,1094971,technology,True
2023-09-12,ALFA,76.377907,76.91524,75.718808,76.54448,76.54448,1419454,technology,True
2023-09-13,ALFA,76.473618,76.977662,75.578341,76.58751,76.58751,1866207,technology,True
2023-09-14,ALFA,76.388685,76.777559,76.037789,76.624095,76.624095,2640876,technology,True
2023-09-15,ALFA,76.487956,77.609956,76.107733,76.809483,76.809483,432143,technology,True
2023-09-18,ALFA,76.386193,76.746992,76.224371,76.290042,76.290042,3193053,technology,True
2023-09-19,ALFA,76.66843,77.226487,75.889175,76.759004,76.759004,1607976,technology,True
2023-09-20,ALFA,76.637655,76.985474,75.957311,76.579227,76.579227,2369748,technology,True
2023-09-21,ALFA,77.125696,77.851967,76.209876,77.268129,77.268129,2008981,technology,True
2023-09-22,ALFA,77.430373,77.950439,77.085803,77.747865,77.747865,1023126,technology,True
2023-09-25,ALFA,77.170782,77.225758,76.258567,77.073335,77.073335,3354758,technology,True
2023-09-26,ALFA,77.399914,78.159453,76.922496,77.47385,77.47385,1155849,technology,True
2023-09-27,ALFA,77.303437,78.168042,76.348942,77.103958,77.103958,2474382,technology,True
2023-09-28,ALFA,76.771909,77.426083,76.269798,76.530759,76.530759,3708729,technology,True
2023-09-29,ALFA,77.084954,77.978902,76.382647,77.212046,77.212046,3848969,technology,True
2023-10-02,ALFA,77.789759,77.909463,77.271458,77.628312,77.628312,1815919,technology,True
2023-10-03,ALFA,77.075737,78.131074,76.27483,77.337462,77.337462,3759869,technology,True
2023-10-04,ALFA,77.043765,77.492773,76.135054,77.15143,77.15143,820232,technology,True
2023-10-05,ALFA,77.002078,77.570053,76.078719,76.8314,76.8314,1757586,technology,True
2023-10-06,ALFA,77.469413,78.013338,77.10779,77.598509,77.598509,2354264,technology,True
2023-10-09,ALFA,77.613702,78.430639,76.770074,77.870523,77.870523,3698498,technology,True
2023-10-10,ALFA,77.358337,78.349118,77.00499,77.71515,77.71515,1332833,technology,True
2023-10-11,ALFA,77.376555,77.5867,77.141869,77.19914,77.19914,1120098,technology,True
2023-10-12,ALFA,77.283495,78.307814,76.420534,77.397987,77.397987,3432370,technology,True
2023-10-13,ALFA,76.675974,77.498755,76.483067,76.944077,76.944077,684835,technology,True
2023-10-16,ALFA,76.63055,76.953027,75.675692,76.394946,76.394946,503339,technology,True
2023-10-17,ALFA,76.385012,77.328076,75.617004,76.413916,76.413916,473214,technology,True
2023-10-18,ALFA,75.863554,76.899421,75.675317,76.002033,76.002033,2729162,technology,True
2023-10-19,ALFA,76.662769,77.017095,76.184629,76.772963,76.772963,3858665,technology,True
2023-10-20,ALFA,76.641645,77.319789,75.987442,76.274405,76.274405,3034338,technology,True
2023-10-23,ALFA,76.266143,76.565793,74.901142,75.795114,75.795114,2989357,technology,True
2023-10-24,ALFA,75.743583,76.318094,75.183773,75.950531,75.950531,3369074,technology,True
2023-10-25,ALFA,76.267043,76.442076,75.573893,76.137553,76.137553,3759714,technology,True
2023-10-26,ALFA,75.912726,76.284302,75.647202,75.704889,75.704889,2871784,technology,True
2023-10-27,ALFA,76.089051,76.170554,75.641456,75.922376,75.922376,3195348,technology,True
2023-10-30,ALFA,75.383468,76.404469,74.948216,75.668738,75.668738,812727,technology,True
2023-10-31,ALFA,75.979757,76.531823,75.742651,75.967256,75.967256,2692738,technology,True
2023-11-01,ALFA,75.405996,75.972554,75.335132,75.530541,75.530541,3341854,technology,True
2023-11-02,ALFA,75.839506,76.525825,75.049861,75.800325,75.800325,3604385,technology,True
2023-11-03,ALFA,75.955147,76.457065,75.507194,75.904215,75.904215,793911,technology,True
2023-11-06,ALFA,74.819156,76.268903,74.633363,75.508025,75.508025,910551,technology,True
2023-11-07,ALFA,76.778772,77.061839,76.056941,76.551909,76.551909,2769051,technology,True
2023-11-08,ALFA,77.011796,77.842797,76.778733,76.849966,76.849966,1305679,technology,True
2023-11-09,ALFA,77.147098,77.885825,76.634276,76.984885,76.984885,2656167,technology,True
2023-11-10,ALFA,76.807743,77.22953,76.618723,76.971341,76.971341,2175230,technology,True
2023-11-13,ALFA,77.285064,77.799549,76.85193,77.385378,77.385378,1307551,technology,True
2023-11-14,ALFA,76.988846,77.238613,76.668229,76.894561,76.894561,2523185,technology,True
2023-11-15,ALFA,76.849923,77.810899,76.319276,77.081739,77.081739,408919,technology,True
2023-11-16,ALFA,76.840288,77.331398,76.611996,77.127567,77.127567,3771969,technology,True
2023-11-17,ALFA,78.3947,79.288363,77.851056,78.261289,78.261289,1044043,technology,True
2023-11-20,ALFA,79.105747,79.150164,78.692766,78.995768,78.995768,2418218,technology,True
2023-11-21,ALFA,79.099933,79.932572,78.776744,78.989498,78.989498,374122,technology,True
2023-11-22,ALFA,79.331899,79.378856,78.575619,79.098225,79.098225,3634717,technology,True
2023-11-23,ALFA,78.689722,79.439987,78.44208,78.911297,78.911297,3303748,technology,True
2023-11-24,ALFA,78.78388,79.435623,78.478853,78.693901,78.693901,3173140,technology,True
2023-11-27,ALFA,78.765706,79.681652,78.263968,78.697074,78.697074,358821,technology,True
2023-11-28,ALFA,78.176205,79.123162,77.566046,78.373448,78.373448,3336841,technology,True
2023-11-29,ALFA,78.685477,79.246225,77.501009,78.434048,78.434048,2309657,technology,True
2023-11-30,ALFA,78.557724,78.753493,78.102073,78.528673,78.528673,2987274,technology,True
2023-12-01,ALFA,78.377485,78.98265,77.588821,78.73334,78.73334,2980318,technology,True
2023-12-04,ALFA,77.796112,78.680628,76.936653,77.975715,77.975715,2155897,technology,True
2023-12-05,ALFA,78.388773,78.612566,77.075242,78.011015,78.011015,1118026,technology,True
2023-12-06,ALFA,77.929502,78.136004,77.378842,78.004028,78.004028,2824108,technology,True
2023-12-07,ALFA,77.265055,78.247008,76.657908,77.4188,77.4188,791464,technology,True
2023-12-08,ALFA,77.505858,78.463679,77.066903,77.710464,77.710464,3419309,technology,True
2023-12-11,ALFA,78.017425,78.100187,77.558154,77.950962,77.950962,1415551,technology,True
2023-12-12,ALFA,77.519303,78.371018,76.714176,77.748093,77.748093,3227963,technology,True
2023-12-13,ALFA,78.36569,79.183955,77.902901,78.079916,78.079916,2253878,technology,True
2023-12-14,ALFA,77.486158,77.55081,77.137037,77.485003,77.485003,2463828,technology,True
2023-12-15,ALFA,77.444349,77.59202,77.051381,77.416438,77.416438,3118853,technology,True
2023-12-18,ALFA,77.691699,77.765759,77.035284,77.618105,77.618105,2139273,technology,True
2023-12-19,ALFA,76.80357,77.345856,76.680807,77.098074,77.098074,1716152,technology,True
2023-12-20,ALFA,76.936691,77.205742,76.140821,76.803446,76.803446,2812898,technology,True
2023-12-21,ALFA,77.80849,78.65506,76.789501,77.503063,77.503063,1224515,technology,True
2023-12-22,ALFA,77.614028,78.700474,77.21552,77.809231,77.809231,1418803,technology,True
2023-12-25,ALFA,78.496175,79.04832,77.721442,78.479597,78.479597,2586481,technology,True
2023-12-26,ALFA,77.825867,78.375113,77.141695,77.67034,77.67034,1992474,technology,True
2023-12-27,ALFA,77.779502,78.685991,77.1026,77.853271,77.853271,2247437,technology,True
2023-12-28,ALFA,78.815036,79.67733,78.272417,78.906382,78.906382,528193,technology,True
2023-12-29,ALFA,78.336109,78.576321,78.24544,78.341197,78.341197,2097848,technology,True
2024-01-01,ALFA,77.574874,78.24495,76.726575,77.63059,77.63059,1757409,technology,True
2024-01-02,ALFA,78.200593,78.245533,77.99703,78.171573,78.171573,524983,technology,True
2024-01-03,ALFA,78.956674,79.287202,78.518967,78.639454,78.639454,733518,technology,True
2024-01-04,ALFA,78.048295,78.767683,77.182611,78.202117,78.202117,2586702,technology,True
2024-01-05,ALFA,79.016448,79.923533,77.908589,78.796997,78.796997,505770,technology,True
2024-01-08,ALFA,78.683799,79.103494,78.088997,78.547641,78.547641,667367,technology,True
2024-01-09,ALFA,79.749045,79.834433,78.561938,79.47896,79.47896,1990321,technology,True
2024-01-10,ALFA,79.796742,80.42921,79.311275,79.683267,79.683267,1782396,technology,True
2024-01-11,ALFA,80.128929,80.496194,79.902055,80.168982,80.168982,1480624,technology,True
2024-01-12,ALFA,79.739727,80.320457,79.262458,79.920509,79.920509,1456724,technology,True
2024-01-15,ALFA,80.030052,80.669146,79.364651,80.211376,80.211376,1864782,technology,True
2024-01-16,ALFA,80.830958,81.61416,80.131049,80.487465,80.487465,3675461,technology,True
2024-01-17,ALFA,80.900976,81.400144,80.673101,81.201903,81.201903,1510508,technology,True
2024-01-18,ALFA,81.466245,82.478247,80.954612,81.604149,81.604149,2918297,technology,True
2024-01-19,ALFA,82.332573,82.71117,81.790964,82.359803,82.359803,746575,technology,True
2024-01-22,ALFA,82.055926,82.916365,81.084597,82.127567,82.127567,2501376,technology,True
2024-01-23,ALFA,83.309656,84.015504,82.174478,83.108494,83.108494,355966,technology,True
2024-01-24,ALFA,83.355363,83.91564,83.007541,83.182476,83.182476,1209108,technology,True
2024-01-25,ALFA,83.604744,84.032932,83.091694,83.532027,83.532027,1440921,technology,True
2024-01-26,ALFA,83.817016,84.409528,83.071621,83.693803,83.693803,3641963,technology,True
2024-01-29,ALFA,83.822006,84.182484,83.332331,83.590186,83.590186,3070333,technology,True
2024-01-30,ALFA,82.732766,83.76067,82.4699,83.270061,83.270061,501673,technology,True
2024-01-31,ALFA,82.513969,82.76821,82.165149,82.579101,82.579101,1380390,technology,True
2024-02-01,ALFA,82.929811,83.412279,82.097804,82.722062,82.722062,347474,technology,True
2024-02-02,ALFA,82.796004,83.136081,82.197303,82.375672,82.375672,1504696,technology,True
2024-02-05,ALFA,82.636814,83.246242,81.724564,82.839785,82.839785,1267442,technology,True
2024-02-06,ALFA,82.66147,83.213006,81.700576,82.763483,82.763483,682011,technology,True
2024-02-07,ALFA,82.72682,83.827356,82.322037,82.987325,82.987325,1994940,technology,True
2024-02-08,ALFA,84.321187,84.965187,83.388757,83.932804,83.932804,2484553,technology,True
2024-02-09,ALFA,82.926486,83.907031,82.537259,83.094788,83.094788,1168244,technology,True
2024-02-12,ALFA,82.458627,83.004897,81.562824,82.670482,82.670482,1516753,technology,True
2024-02-13,ALFA,83.558139,84.292745,83.410175,83.91425,83.91425,811930,technology,True
2024-02-14,ALFA,84.203905,84.899206,83.853523,84.103781,84.103781,2022636,technology,True
2024-02-15,ALFA,84.958843,85.400339,83.929046,84.839688,84.839688,3385327,technology,True
2024-02-16,ALFA,85.489213,86.08253,84.78688,85.578562,85.578562,1882685,technology,True
2024-02-19,ALFA,85.754534,86.171498,84.974627,85.786974,85.786974,660592,technology,True
2024-02-20,ALFA,85.303301,86.115497,84.438666,85.573971,85.573971,612395,technology,True
2024-02-21,ALFA,85.238825,86.535391,84.766294,85.518413,85.518413,639069,technology,True
2024-02-22,ALFA,85.484536,85.857567,84.418659,85.437928,85.437928,1866072,technology,True
2024-02-23,ALFA,85.6853,86.871161,85.323539,85.974722,85.974722,3623170,technology,True
2024-02-26,ALFA,85.80982,86.37983,85.401498,85.533446,85.533446,385269,technology,True
2024-02-27,ALFA,85.632178,86.059351,85.297502,85.671391,85.671391,3368910,technology,True
2024-02-28,ALFA,85.64717,86.472373,85.253,85.453542,85.453542,513703,technology,True
2024-02-29,ALFA,85.159606,85.983059,84.582326,85.326511,85.326511,2443701,technology,True
2024-03-01,ALFA,85.503105,86.121309,85.192718,85.417567,85.417567,403784,technology,True
2024-03-04,ALFA,85.072563,85.533182,84.322242,85.408855,85.408855,1896910,technology,True
2024-03-05,ALFA,85.445198,86.151608,85.224556,85.681163,85.681163,924732,technology,True
2024-03-06,ALFA,85.680899,86.248774,85.090545,85.69781,85.69781,1683836,technology,True
2024-03-07,ALFA,86.488,86.706512,85.551334,86.357142,86.357142,438132,technology,True
2024-03-08,ALFA,85.983664,86.787328,85.426689,85.896951,85.896951,2940485,technology,True
2024-03-11,ALFA,85.652161,87.040631,85.373745,86.329376,86.329376,3832415,technology,True
2024-03-12,ALFA,86.120705,86.48299,85.565502,86.008353,86.008353,2083003,technology,True
2024-03-13,ALFA,86.927749,87.149932,86.690355,86.806256,86.806256,2784956,technology,True
2024-03-14,ALFA,87.43732,87.84071,86.805249,87.556429,87.556429,380474,technology,True
2024-03-15,ALFA,88.260222,88.733422,87.027441,88.024443,88.024443,584396,technology,True
2024-03-18,ALFA,87.370186,88.409205,86.762536,87.640837,87.640837,1329507,technology,True
2024-03-19,ALFA,87.278599,87.69177,86.699423,87.267173,87.267173,2632243,technology,True
2024-03-20,ALFA,87.323265,88.451117,86.78499,87.512977,87.512977,555934,technology,True
2024-03-21,ALFA,88.156004,88.575423,87.988163,88.285494,88.285494,602780,technology,True
2024-03-22,ALFA,88.861451,89.88353,88.462393,88.840858,88.840858,2453261,technology,True
2024-03-25,ALFA,88.889017,89.76447,88.251201,89.21441,89.21441,2759676,technology,True
2024-03-26,ALFA,89.592164,90.181898,89.36935,89.481348,89.481348,2492218,technology,True
2024-03-27,ALFA,88.832849,89.885885,88.185679,88.996336,88.996336,3649281,technology,True
2024-03-28,ALFA,88.114104,88.32046,87.6274,88.110536,88.110536,2377106,technology,True
2024-03-29,ALFA,88.102665,88.825826,87.187231,88.445237,88.445237,677813,technology,True
2024-04-01,ALFA,88.084686,88.65082,87.656908,88.387512,88.387512,2993287,technology,True
2024-04-02,ALFA,87.75818,88.575251,87.612067,87.853095,87.853095,2727078,technology,True
2024-04-03,ALFA,87.929393,88.656461,87.816381,88.147631,88.147631,1553001,technology,True
2024-04-04,ALFA,87.935375,88.454357,87.845663,88.147969,88.147969,2464956,technology,True
2024-04-05,ALFA,89.424927,89.86965,88.437339,89.27144,89.27144,1834722,technology,True
2024-04-08,ALFA,89.8779,90.729347,89.367939,89.994268,89.994268,3560827,technology,True
2024-04-09,ALFA,89.935609,90.741891,89.58179,89.83965,89.83965,2844256,technology,True
2024-04-10,ALFA,90.049941,90.424631,88.977039,90.090725,90.090725,3485542,technology,True
2024-04-11,ALFA,90.199228,90.606541,89.575088,90.408513,90.408513,3158234,technology,True
2024-04-12,ALFA,90.478165,91.439029,90.158872,90.228753,90.228753,1846976,technology,True
2024-04-15,ALFA,89.300059,89.832955,88.519583,89.725649,89.725649,533621,technology,True
2024-04-16,ALFA,89.106814,89.964447,88.756357,88.927325,88.927325,1856998,technology,True
2024-04-17,ALFA,88.902677,89.072403,87.891697,88.825252,88.825252,3728663,technology,True
2024-04-18,ALFA,88.662535,89.717842,87.806031,88.899314,88.899314,1894880,technology,True
2024-04-19,ALFA,89.455563,90.133906,88.505905,89.577709,89.577709,3244501,technology,True
2024-04-22,ALFA,89.19483,89.710531,88.792351,89.174266,89.174266,1211473,technology,True
2024-04-23,ALFA,88.721202,88.878862,88.4194,88.50242,88.50242,3054198,technology,True
2024-04-24,ALFA,88.204838,88.65013,87.252849,88.104805,88.104805,3013509,technology,True
2024-04-25,ALFA,87.571894,88.107611,87.482873,87.833604,87.833604,3464282,technology,True
2024-04-26,ALFA,88.132689,88.678827,87.245565,87.873008,87.873008,433596,technology,True
2024-04-29,ALFA,87.44695,87.88893,87.315866,87.663432,87.663432,3607684,technology,True
2024-04-30,ALFA,87.385219,87.837006,86.646888,87.212057,87.212057,2852873,technology,True
2024-05-01,ALFA,87.299218,88.13439,86.655624,87.366701,87.366701,2885515,technology,True
2024-05-02,ALFA,87.742223,88.719219,86.674379,87.506096,87.506096,3636496,technology,True
2024-05-03,ALFA,87.20039,88.031265,86.763829,87.145888,87.145888,2787639,technology,True
2024-05-06,ALFA,86.463637,87.476337,85.59273,86.485377,86.485377,1060331,technology,True
2024-05-07,ALFA,86.873984,87.70121,86.449052,86.734977,86.734977,3568802,technology,True
2024-05-08,ALFA,86.221535,87.295095,86.177001,86.295244,86.295244,2359038,technology,True
2024-05-09,ALFA,85.978918,86.172966,85.679811,85.8138,85.8138,1340686,technology,True
2024-05-10,ALFA,84.873206,85.470135,83.890017,85.255712,85.255712,1509865,technology,True
2024-05-13,ALFA,85.838714,86.441771,85.791283,86.003967,86.003967,1983658,technology,True
2024-05-14,ALFA,86.100792,86.41237,85.576144,86.153725,86.153725,2862502,technology,True
2024-05-15,ALFA,86.173443,86.501504,85.75261,86.057233,86.057233,543242,technology,True
2024-05-16,ALFA,85.071266,85.883021,83.885475,84.732113,84.732113,3312981,technology,True
2024-05-17,ALFA,85.888725,86.878707,85.155078,85.767086,85.767086,3893281,technology,True
2024-05-20,ALFA,85.964512,86.962123,85.707381,85.793045,85.793045,3689423,technology,True
2024-05-21,ALFA,86.57002,87.543545,86.126788,86.671006,86.671006,3174523,technology,True
2024-05-22,ALFA,86.643311,87.202806,85.535111,86.409292,86.409292,2404798,technology,True
2024-05-23,ALFA,86.57843,87.886072,86.443677,87.067169,87.067169,2735671,technology,True
2024-05-24,ALFA,87.184936,88.175659,87.053944,87.165528,87.165528,2662813,technology,True
2024-05-27,ALFA,87.112196,87.493824,86.592137,87.096101,87.096101,916466,technology,True
2024-05-28,ALFA,87.391492,87.562002,86.538363,87.313453,87.313453,2724661,technology,True
2024-05-29,ALFA,87.827097,88.308018,86.728887,87.405366,87.405366,2171948,technology,True
2024-05-30,ALFA,88.095821,88.353352,87.705437,87.796859,87.796859,362377,technology,True
2024-05-31,ALFA,87.672007,88.575479,87.150362,87.72928,87.72928,3426000,technology,True
2024-06-03,ALFA,86.865106,86.968334,86.794731,86.854599,86.854599,1167166,technology,True
2024-06-04,ALFA,86.137795,86.559493,85.29822,86.017368,86.017368,1607439,technology,True
2024-06-05,ALFA,87.117382,87.286838,85.541723,86.566491,86.566491,1638501,technology,True
2024-06-06,ALFA,87.146806,87.479344,86.524112,87.010512,87.010512,2240606,technology,True
2024-06-07,ALFA,86.841749,87.399527,86.293631,86.978683,86.978683,2268039,technology,True
2024-06-10,ALFA,86.507116,87.075938,86.070415,86.512993,86.512993,3560392,technology,True
2024-06-11,ALFA,86.737411,86.981426,86.279925,86.766716,86.766716,961776,technology,True
2024-06-12,ALFA,86.234327,86.405966,86.024594,86.34204,86.34204,1580675,technology,True
2024-06-13,ALFA,86.523388,86.855361,86.310193,86.77687,86.77687,2502143,technology,True
2024-06-14,ALFA,86.437913,86.854556,85.833256,86.279212,86.279212,2729472,technology,True
2024-06-17,ALFA,87.316363,88.325915,86.849932,87.296364,87.296364,2342989,technology,True
2024-06-18,ALFA,86.629778,87.2649,85.531936,86.430144,86.430144,1716323,technology,True
2024-06-19,ALFA,86.074843,86.421881,85.676193,86.05693,86.05693,1848841,technology,True
2024-06-20,ALFA,86.703607,87.411323,85.585481,86.520147,86.520147,1450237,technology,True
2024-06-21,ALFA,85.86589,86.267598,85.781607,86.180545,86.180545,2014774,technology,True
2024-06-24,ALFA,86.063393,86.734152,85.459349,86.013863,86.013863,2491384,technology,True
2024-06-25,ALFA,84.854367,85.436165,84.527191,85.040329,85.040329,3618855,technology,True
2024-06-26,ALFA,84.768382,85.282071,83.777457,84.905255,84.905255,1571996,technology,True
2024-06-27,ALFA,85.306515,86.212064,84.826509,85.272338,85.272338,3336571,technology,True
2024-06-28,ALFA,84.898825,86.282278,84.063333,85.372382,85.372382,3827718,technology,True
2024-07-01,ALFA,85.207607,85.286723,84.321873,85.06701,85.06701,3181926,technology,True
2024-07-02,ALFA,85.318817,85.74318,84.7852,85.455279,85.455279,1165798,technology,True
2024-07-03,ALFA,84.497507,85.028357,84.265478,84.855755,84.855755,1643417,technology,True
2024-07-04,ALFA,84.64813,85.237908,83.798661,84.38738,84.38738,1126171,technology,True
2024-07-05,ALFA,84.81879,85.712601,83.699478,84.49534,84.49534,614100,technology,True
2024-07-08,ALFA,83.890075,84.204707,82.944248,83.863248,83.863248,3298754,technology,True
2024-07-09,ALFA,84.141503,85.005458,83.607296,83.739714,83.739714,3589062,technology,True
2024-07-10,ALFA,83.809823,84.20307,83.239908,83.873703,83.873703,528444,technology,True
2024-07-11,ALFA,83.226643,84.35407,82.452982,83.365815,83.365815,2036543,technology,True
2024-07-12,ALFA,83.480348,83.810839,83.401531,83.634418,83.634418,2610984,technology,True
2024-07-15,ALFA,82.41407,82.605485,81.368992,82.317673,82.317673,2580975,technology,True
2024-07-16,ALFA,82.311967,82.68136,81.731856,82.182918,82.182918,3248800,technology,True
2024-07-17,ALFA,82.189258,82.655711,81.358112,82.109412,82.109412,1367070,technology,True
2024-07-18,ALFA,81.609683,82.125005,81.000586,81.70821,81.70821,1267130,technology,True
2024-07-19,ALFA,82.975707,83.914207,82.301597,82.680452,82.680452,768057,technology,True
2024-07-22,ALFA,81.751627,82.348868,80.933704,82.123951,82.123951,1734535,technology,True
2024-07-23,ALFA,82.045118,82.940011,81.696041,82.383428,82.383428,2990365,technology,True
2024-07-24,ALFA,82.022428,82.4626,81.679697,82.15337,82.15337,3277402,technology,True
2024-07-25,ALFA,82.257413,82.808438,81.908105,82.380114,82.380114,581702,technology,True
2024-07-26,ALFA,81.628191,81.826668,80.72803,81.570423,81.570423,1513784,technology,True
2024-07-29,ALFA,81.064731,81.266798,80.157095,81.007398,81.007398,3217434,technology,True
2024-07-30,ALFA,80.68773,81.236058,80.255791,80.886906,80.886906,930459,technology,True
2024-07-31,ALFA,81.772092,82.246303,81.276512,81.537459,81.537459,2734822,technology,True
2024-08-01,ALFA,81.484775,82.332274,80.936988,81.21465,81.21465,3300185,technology,True
2024-08-02,ALFA,81.182113,81.559625,80.577001,81.253455,81.253455,1509787,technology,True
2024-08-05,ALFA,82.180392,83.043175,81.410331,82.03776,82.03776,585249,technology,True
2024-08-06,ALFA,82.730278,83.094856,82.513991,82.646073,82.646073,737374,technology,True
2024-08-07,ALFA,83.096308,84.196733,82.846454,83.414429,83.414429,3272689,technology,True
2024-08-08,ALFA,82.918446,83.372942,82.408654,82.839616,82.839616,477778,technology,True
2024-08-09,ALFA,82.89317,83.761422,81.959977,83.02513,83.02513,1350562,technology,True
2024-08-12,ALFA,40.996374,41.162881,40.603844,41.040548,82.081096,3360111,technology,True
2024-08-13,ALFA,40.909628,41.044839,40.453358,40.897884,81.795768,3555679,technology,True
2024-08-14,ALFA,40.793655,41.101894,40.721717,40.887559,81.775118,2301861,technology,True
2024-08-15,ALFA,40.757136,41.218788,40.47899,40.860947,81.721894,1163789,technology,True
2024-08-16,ALFA,40.78016,40.806,40.645966,40.754156,81.508311,1824345,technology,True
2024-08-19,ALFA,40.990035,41.18622,40.86666,40.997807,81.995615,3050958,technology,True
2024-08-20,ALFA,41.468116,41.641968,41.005937,41.190505,82.381009,2406899,technology,True
2024-08-21,ALFA,41.433638,41.649121,41.123226,41.517453,83.034906,1979786,technology,True
2024-08-22,ALFA,41.489372,41.914273,40.935258,41.339241,82.678482,2792329,technology,True
2024-08-23,ALFA,41.339322,41.697002,41.315267,41.451282,82.902564,3748876,technology,True
2024-08-26,ALFA,41.357149,41.645117,40.854713,41.321329,82.642658,1731677,technology,True
2024-08-27,ALFA,41.103855,41.464008,40.687968,41.229207,82.458413,1119451,technology,True
2024-08-28,ALFA,41.376539,41.529933,41.253131,41.294161,82.588322,1099837,technology,True
2024-08-29,ALFA,40.950075,41.526988,40.90861,41.04322,82.086441,1165664,technology,True
2024-08-30,ALFA,40.749528,41.002252,40.392607,40.83205,81.6641,548008,technology,True
2024-09-02,ALFA,40.916196,41.063601,40.615128,40.811954,81.623907,2628325,technology,True
2024-09-03,ALFA,40.940682,41.170065,40.461793,40.714458,81.428916,1694144,technology,True
2024-09-04,ALFA,40.074772,40.278879,39.677208,40.163127,80.326253,1364069,technology,True
2024-09-05,ALFA,40.602129,41.102481,40.118529,40.626877,81.253755,2036060,technology,True
2024-09-06,ALFA,40.62129,40.973631,40.20335,40.515034,81.030067,2030901,technology,True
2024-09-09,ALFA,40.325206,40.427111,40.200973,40.253788,80.507576,3366619,technology,True
2024-09-10,ALFA,40.049349,40.236981,39.997989,40.043893,80.087785,435395,technology,True
2024-09-11,ALFA,40.438916,40.799546,39.969077,40.437675,80.87535,1359331,technology,True
2024-09-12,ALFA,40.273019,40.4298,39.924078,40.343313,80.686627,3733667,technology,True
2024-09-13,ALFA,40.451985,40.783803,39.787039,40.264275,80.528549,354893,technology,True
2024-09-16,ALFA,40.179983,40.311965,40.105562,40.148866,80.297731,412972,technology,True
2024-09-17,ALFA,40.13779,40.274709,39.941494,40.100884,80.201768,3680975,technology,True
2024-09-18,ALFA,39.958764,40.072133,39.5596,39.940737,79.881473,3147792,technology,True
2024-09-19,ALFA,39.588478,39.859361,39.135956,39.838917,79.677833,1284843,technology,True
2024-09-20,ALFA,40.114754,40.593816,39.819995,40.099985,80.19997,3812914,technology,True
2024-09-23,ALFA,40.126649,40.148586,39.723729,40.047708,80.095416,1330896,technology,True
2024-09-24,ALFA,40.052815,40.428372,39.876579,40.104833,80.209666,1924434,technology,True
2024-09-25,ALFA,39.834198,39.970553,39.792175,39.888151,79.776303,2675231,technology,True
2024-09-26,ALFA,39.807187,40.141869,39.782783,39.894663,79.789326,3461070,technology,True
2024-09-27,ALFA,39.933497,40.042129,39.522601,39.860544,79.721088,2540333,technology,True
2024-09-30,ALFA,39.937667,40.379251,39.670123,39.890641,79.781282,3504813,technology,True
2024-10-01,ALFA,39.880215,40.297055,39.492011,39.732493,79.464987,1377067,technology,True
2024-10-02,ALFA,39.888864,39.999436,39.743759,39.82665,79.653299,716100,technology,True
2024-10-03,ALFA,39.809122,40.078763,39.7026,39.780731,79.561461,916322,technology,True
2024-10-04,ALFA,39.869828,40.300456,39.651756,39.948106,79.896212,2990206,technology,True
2024-10-07,ALFA,39.883677,39.989373,39.747611,39.879916,79.759833,1185887,technology,True
2024-10-08,ALFA,40.185342,40.354384,39.817867,40.305622,80.611245,871336,technology,True
2024-10-09,ALFA,39.871532,40.118319,39.678917,39.854085,79.708169,3079330,technology,True
2024-10-10,ALFA,40.184722,40.256174,39.76714,40.013479,80.026959,1898877,technology,True
2024-10-11,ALFA,40.026204,40.271573,39.90052,40.236362,80.472724,3134902,technology,True
2024-10-14,ALFA,40.252678,40.647642,40.085347,40.347809,80.695618,436207,technology,True
2024-10-15,ALFA,40.266329,40.538683,39.980683,40.34532,80.69064,3548158,technology,True
2024-10-16,ALFA,40.770181,41.237824,40.36135,40.660305,81.320609,3039042,technology,True
2024-10-17,ALFA,40.890369,41.156097,40.473785,40.771393,81.542786,2000560,technology,True
2024-10-18,ALFA,40.397925,40.650932,40.082821,40.51926,81.038521,2010083,technology,True
2024-10-21,ALFA,40.500684,41.113023,40.135367,40.667153,81.334306,3455874,technology,True
2024-10-22,ALFA,40.519286,40.710702,40.434585,40.554078,81.108156,1820593,technology,True
2024-10-23,ALFA,40.651204,40.997354,40.099695,40.573928,81.147855,2539701,technology,True
2024-10-24,ALFA,40.690674,41.035864,40.570723,40.646374,81.292748,1309023,technology,True
2024-10-25,ALFA,40.454066,41.021563,40.12597,40.611947,81.223894,1719011,technology,True
2024-10-28,ALFA,40.617833,40.848994,40.271377,40.688485,81.376969,2120424,technology,True
2024-10-29,ALFA,41.017227,41.471745,40.456985,40.867117,81.734235,2613250,technology,True
2024-10-30,ALFA,40.756915,41.053549,40.360358,40.866616,81.733232,3242684,technology,True
2024-10-31,ALFA,41.106044,41.266148,40.904364,41.102105,82.20421,2263591,technology,True
2024-11-01,ALFA,40.643832,40.880348,40.578834,40.762272,81.524544,3182944,technology,True
2024-11-04,ALFA,41.363609,41.556178,41.043481,41.334194,82.668388,682370,technology,True
2024-11-05,ALFA,41.149098,41.505916,40.639051,41.08982,82.17964,371132,technology,True
2024-11-06,ALFA,41.333212,41.769774,41.010687,41.138107,82.276214,1344051,technology,True
2024-11-07,ALFA,41.045957,41.297374,40.587264,41.061494,82.122989,2842842,technology,True
2024-11-08,ALFA,40.540002,40.638814,40.189073,40.563929,81.127857,2098916,technology,True
2024-11-11,ALFA,40.150427,40.465063,39.752948,40.16199,80.323979,3949691,technology,True
2024-11-12,ALFA,40.295866,40.525115,39.942812,40.305809,80.611618,1208223,technology,True
2024-11-13,ALFA,40.194167,40.429861,40.171199,40.278145,80.55629,2595478,technology,True
2024-11-14,ALFA,40.244943,40.737343,39.823395,40.310766,80.621532,3236489,technology,True
2024-11-15,ALFA,40.152259,40.518761,39.95109,40.190315,80.380629,3921901,technology,True
2024-11-18,ALFA,40.207461,40.672905,39.938338,40.278316,80.556632,1136068,technology,True
2024-11-19,ALFA,40.238774,40.423431,39.798761,40.19019,80.380379,2321748,technology,True
2024-11-20,ALFA,40.171244,40.445905,39.884853,40.261786,80.523573,317744,technology,True
2024-11-21,ALFA,40.235471,40.610456,40.075742,40.185904,80.371808,1754557,technology,True
2024-11-22,ALFA,39.752598,39.947757,39.640312,39.805662,79.611324,1952758,technology,True
2024-11-25,ALFA,39.938439,40.031779,39.452286,39.811144,79.622289,1983119,technology,True
2024-11-26,ALFA,39.869075,40.065522,39.687075,39.797224,79.594447,2305743,technology,True
2024-11-27,ALFA,39.973685,40.249647,39.727628,40.100339,80.200679,425754,technology,True
2024-11-28,ALFA,39.602849,39.830498,39.250714,39.664718,79.329435,2444686,technology,True
2024-11-29,ALFA,39.32652,39.399552,38.963474,39.358005,78.716011,3234381,technology,True
2024-12-02,ALFA,38.996194,39.076617,38.759813,38.980318,77.960635,2972181,technology,True
2024-12-03,ALFA,39.349464,39.604307,38.847591,39.266083,78.532167,3315699,technology,True
2024-12-04,ALFA,39.059938,39.381533,38.812813,39.080942,78.161885,3730777,technology,True
2024-12-05,ALFA,39.144412,39.498538,38.701189,39.08967,78.17934,3229636,technology,True
2024-12-06,ALFA,39.508468,39.729139,39.396136,39.426893,78.853786,2700740,technology,True
2024-12-09,ALFA,39.616654,39.679799,39.541773,39.620177,79.240354,1722982,technology,True
2024-12-10,ALFA,39.838238,40.08816,39.423147,39.680741,79.361481,3137695,technology,True
2024-12-11,ALFA,39.813673,40.244273,39.560862,39.75804,79.51608,2217037,technology,True
2024-12-12,ALFA,39.793388,40.197656,39.634061,39.838654,79.677308,1373704,technology,True
2024-12-13,ALFA,39.630644,40.044714,39.257288,39.589717,79.179434,3630668,technology,True
2024-12-16,ALFA,39.252768,39.612432,38.780535,39.19662,78.39324,2543234,technology,True
2024-12-17,ALFA,39.190408,39.407936,38.662192,39.0993,78.1986,2720174,technology,True
2024-12-18,ALFA,39.05957,39.485741,38.779713,38.988302,77.976605,1895841,technology,True
2024-12-19,ALFA,38.766463,39.036844,38.362078,38.840317,77.680635,3960674,technology,True
2024-12-20,ALFA,38.808293,39.124308,38.661912,38.886229,77.772459,1406808,technology,True
2024-12-23,ALFA,38.849696,39.124992,38.341433,38.784354,77.568707,889119,technology,True
2024-12-24,ALFA,38.349606,38.73533,37.871874,38.320341,76.640683,697657,technology,True
2024-12-25,ALFA,38.049505,38.456832,37.685867,38.215246,76.430491,1518840,technology,True
2024-12-26,ALFA,38.170647,38.478362,37.769632,38.185069,76.370137,928479,technology,True
2024-12-27,ALFA,38.142005,38.484991,38.111042,38.246403,76.492807,2287106,technology,True
2024-12-30,ALFA,38.497365,38.717352,38.410671,38.457694,76.915388,2328089,technology,True
2024-12-31,ALFA,38.57466,38.778152,38.455915,38.661908,77.323815,1804771,technology,True
2025-01-01,ALFA,38.45554,38.603045,38.081922,38.487811,76.975622,2772463,technology,True
2025-01-02,ALFA,38.779231,39.130354,38.441144,38.891033,77.782066,1987094,technology,True
2025-01-03,ALFA,38.881014,39.112834,38.461624,38.846078,77.692156,2857325,technology,True
2025-01-06,ALFA,39.13831,39.501318,38.949596,39.101476,78.202953,481772,technology,True
2025-01-07,ALFA,39.290815,39.534579,39.23645,39.279479,78.558959,3306509,technology,True
2025-01-08,ALFA,39.203793,39.589208,38.799473,39.250643,78.501287,1946582,technology,True
2025-01-09,ALFA,39.052105,39.588669,38.611671,39.145468,78.290935,2667188,technology,True
2025-01-10,ALFA,39.482589,39.894439,39.344147,39.438592,78.877183,1193611,technology,True
2025-01-13,ALFA,39.515534,40.113377,39.470243,39.689828,79.379657,1393025,technology,True
2025-01-14,ALFA,39.565406,40.063222,39.529267,39.760803,79.521605,2528668,technology,True
2025-01-15,ALFA,39.556238,39.662456,39.323708,39.628703,79.257406,674824,technology,True
2025-01-16,ALFA,39.681777,39.779604,39.433254,39.64699,79.29398,3127693,technology,True
2025-01-17,ALFA,39.752838,39.969709,39.624774,39.78275,79.5655,723002,technology,True
2025-01-20,ALFA,40.080397,40.492975,39.887161,39.993949,79.987898,3792424,technology,True
2025-01-21,ALFA,39.847627,40.353366,39.776266,39.963849,79.927697,3065264,technology,True
2025-01-22,ALFA,40.592963,41.008055,40.383642,40.460069,80.920138,2093484,technology,True
2025-01-23,ALFA,40.952484,40.990051,40.778693,40.912394,81.824788,2054648,technology,True
2025-01-24,ALFA,40.972781,41.235325,40.597537,41.060071,82.120141,3141151,technology,True
2025-01-27,ALFA,40.624802,40.99211,40.341363,40.772821,81.545641,1902269,technology,True
2025-01-28,ALFA,40.972166,41.212252,40.914137,41.029221,82.058443,1099917,technology,True
2025-01-29,ALFA,40.658647,41.050309,40.237115,40.557983,81.115965,2230892,technology,True
2025-01-30,ALFA,40.33313,40.772802,40.06827,40.22651,80.453021,2161130,technology,True
2025-01-31,ALFA,39.875912,40.127915,39.846278,40.065224,80.130449,947768,technology,True
2025-02-03,ALFA,39.995432,40.422332,39.608764,39.903229,79.806458,2283343,technology,True
2025-02-04,ALFA,40.11759,40.420141,39.602216,40.028931,80.057862,3502122,technology,True
2025-02-05,ALFA,39.852536,40.045514,39.490059,40.023324,80.046648,2698461,technology,True
2025-02-06,ALFA,39.616859,39.715351,39.121355,39.587807,79.175615,3781252,technology,True
2025-02-07,ALFA,39.26919,39.911944,39.195098,39.441427,78.882855,915026,technology,True
2025-02-10,ALFA,39.670889,39.813154,39.603844,39.741459,79.482918,3190305,technology,True
2025-02-11,ALFA,39.559347,40.018561,39.452479,39.659231,79.318462,2445971,technology,True
2025-02-12,ALFA,39.54749,39.823931,39.239859,39.560598,79.121196,2424944,technology,True
2025-02-13,ALFA,39.685357,40.229722,39.50052,39.89638,79.792761,2037657,technology,True
2025-02-14,ALFA,40.246426,40.401557,40.138735,40.303408,80.606816,3513518,technology,True
2025-02-17,ALFA,40.366646,40.760663,40.259064,40.429154,80.858308,2757060,technology,True
2025-02-18,ALFA,40.799196,41.215633,40.396127,40.847427,81.694853,2229298,technology,True
2025-02-19,ALFA,40.692956,41.208559,40.388885,40.837511,81.675022,3805931,technology,True
2025-02-20,ALFA,40.837859,41.127876,40.684806,40.764224,81.528448,1653031,technology,True
2025-02-21,ALFA,40.876342,41.182489,40.4035,41.038836,82.077673,2657079,technology,True
2025-02-24,ALFA,41.117482,41.386413,40.938652,41.041862,82.083724,1180810,technology,True
2025-02-25,ALFA,40.853601,41.292887,40.642052,40.978034,81.956067,1398463,technology,True
2025-02-26,ALFA,40.782202,40.966478,40.600735,40.846446,81.692891,1322546,technology,True
2025-02-27,ALFA,40.739943,40.989261,40.482981,40.795131,81.590262,3799916,technology,True
2025-02-28,ALFA,40.986913,41.306957,40.531759,40.869089,81.738178,3581817,technology,True
2025-03-03,ALFA,40.656784,40.942778,40.193373,40.635449,81.270899,1855473,technology,True
2025-03-04,ALFA,40.333328,40.540775,39.905868,40.291815,80.58363,3645029,technology,True
2025-03-05,ALFA,40.049081,40.219089,39.683822,40.054644,80.109288,3077000,technology,True
2025-03-06,ALFA,39.972426,40.321763,39.518556,39.971307,79.942615,1495066,technology,True
2025-03-07,ALFA,39.282941,39.857329,38.991806,39.5569,79.1138,3364154,technology,True
2025-03-10,ALFA,39.823503,40.015762,39.325582,39.600116,79.200232,3883388,technology,True
2025-03-11,ALFA,39.63923,39.936821,39.565336,39.722523,79.445047,1833817,technology,True
2025-03-12,ALFA,39.308766,39.724659,38.831604,39.265885,78.531769,2662165,technology,True
2025-03-13,ALFA,39.098184,39.298548,38.805236,39.182558,78.365117,3954721,technology,True
2025-03-14,ALFA,39.396726,39.697688,38.894625,39.290711,78.581422,1565539,technology,True
2025-03-17,ALFA,39.531745,39.761104,39.374659,39.53533,79.07066,3483456,technology,True
2025-03-18,ALFA,39.432434,39.927997,39.110495,39.554568,79.109135,1454433,technology,True
2025-03-19,ALFA,39.432235,39.647121,39.152161,39.52688,79.05376,2008877,technology,True
2025-03-20,ALFA,39.629813,40.066693,39.410225,39.606643,79.213285,1777649,technology,True
2025-03-21,ALFA,39.569595,39.864126,39.095458,39.480497,78.960994,1007151,technology,True
2025-03-24,ALFA,39.954711,40.05803,39.692472,39.964243,79.928487,407989,technology,True
2025-03-25,ALFA,40.850919,41.192998,40.264992,40.731871,81.463743,3153188,technology,True
2025-03-26,ALFA,40.656149,41.102055,40.524279,40.59704,81.194079,2089914,technology,True
2025-03-27,ALFA,40.473959,40.58231,40.273229,40.494091,80.988182,551366,technology,True
2025-03-28,ALFA,40.794789,40.887195,40.526335,40.595094,81.190189,3115568,technology,True
2025-03-31,ALFA,40.801463,41.206376,40.399669,40.924015,81.848029,3175433,technology,True
2025-04-01,ALFA,41.045365,41.096406,40.571909,41.042525,82.08505,1563407,technology,True
2025-04-02,ALFA,41.303742,41.377757,40.822247,41.329296,82.658592,1580052,technology,True
2025-04-03,ALFA,41.156911,41.303034,40.847005,41.043318,82.086637,1320695,technology,True
2025-04-04,ALFA,41.446951,41.844958,40.880117,41.366111,82.732223,2027986,technology,True
2025-04-07,ALFA,41.051241,41.633967,40.835814,41.238957,82.477915,1641393,technology,True
2025-04-08,ALFA,41.47475,42.010242,41.122696,41.558967,83.117934,617372,technology,True
2025-04-09,ALFA,41.701983,41.94714,41.489597,41.802723,83.605446,3839335,technology,True
2025-04-10,ALFA,41.876871,42.027633,41.53995,41.918609,83.837217,1394096,technology,True
2025-04-11,ALFA,41.803554,41.875851,41.663871,41.762662,83.525323,3371439,technology,True
2025-04-14,ALFA,42.007901,42.532562,41.874635,42.087552,84.175104,3231263,technology,True
2025-04-15,ALFA,42.177148,42.220741,41.800821,42.126538,84.253075,2615610,technology,True
2025-04-16,ALFA,41.991644,42.538285,41.602894,42.059159,84.118317,3196376,technology,True
2025-04-17,ALFA,42.35371,42.542841,41.935742,42.190958,84.381917,3287666,technology,True
2025-04-18,ALFA,42.112599,42.673341,41.972115,42.247393,84.494785,442165,technology,True
2025-04-21,ALFA,42.276429,42.405674,42.183332,42.35509,84.71018,2109492,technology,True
2025-04-22,ALFA,42.514247,42.650927,42.146451,42.461433,84.922866,2267820,technology,True
2025-04-23,ALFA,42.389971,42.765641,42.215383,42.336007,84.672015,1484857,technology,True
2025-04-24,ALFA,42.513758,43.007908,42.036513,42.497644,84.995287,1127850,technology,True
2025-04-25,ALFA,42.665932,42.918675,42.610745,42.717062,85.434124,1488221,technology,True
2025-04-28,ALFA,43.005147,43.504812,42.572867,42.800781,85.601562,584418,technology,True
2025-04-29,ALFA,42.818341,43.055137,42.581002,42.755578,85.511156,3502402,technology,True
2025-04-30,ALFA,42.744759,43.184496,42.336706,42.657971,85.315942,1826259,technology,True
2025-05-01,ALFA,42.435259,42.479883,42.21484,42.443341,84.886681,2359394,technology,True
2025-05-02,ALFA,42.979544,43.104548,42.761377,42.896705,85.79341,934754,technology,True
2025-05-05,ALFA,42.893575,42.941632,42.426183,42.84573,85.691461,492070,technology,True
2025-05-06,ALFA,43.0548,43.229208,42.74516,42.833579,85.667159,3422496,technology,True
2025-05-07,ALFA,42.930674,43.079615,42.723856,42.91418,85.828359,1387940,technology,True
2025-05-08,ALFA,42.93889,43.157465,42.472984,42.928158,85.856317,2894175,technology,True
2025-05-09,ALFA,43.120076,43.18206,42.685611,43.015323,86.030646,1310488,technology,True
2025-05-12,ALFA,42.934659,43.33623,42.516206,42.951078,85.902156,3490094,technology,True
2025-05-13,ALFA,42.979683,43.43754,42.734927,42.972972,85.945945,532847,technology,True
2025-05-14,ALFA,42.878131,43.460375,42.604079,42.98701,85.974021,3336842,technology,True
2025-05-15,ALFA,43.115292,43.462953,42.738721,43.131914,86.263828,1389933,technology,True
2025-05-16,ALFA,43.590694,43.774578,43.291729,43.591343,87.182687,3985345,technology,True
2025-05-19,ALFA,43.899855,44.160892,43.547551,43.816299,87.632599,515724,technology,True
2025-05-20,ALFA,44.191158,44.391687,43.667895,44.148181,88.296362,485681,technology,True
2025-05-21,ALFA,44.224849,44.312953,43.788522,44.1727,88.3454,2017768,technology,True
2025-05-22,ALFA,43.984271,44.381147,43.703769,44.174367,88.348734,3203798,technology,True
2025-05-23,ALFA,43.821715,44.406921,43.460971,44.021482,88.042964,3732840,technology,True
2025-05-26,ALFA,43.674763,43.839916,43.487416,43.699371,87.398742,3401218,technology,True
2025-05-27,ALFA,43.193523,43.758643,43.135465,43.372879,86.745758,849262,technology,True
2025-05-28,ALFA,43.503312,43.919142,43.039207,43.459108,86.918217,2284253,technology,True
2025-05-29,ALFA,42.953123,43.130126,42.648008,43.031262,86.062525,948548,technology,True
2025-05-30,ALFA,43.225752,43.679086,42.75093,42.964804,85.929608,943716,technology,True
2025-06-02,ALFA,43.023945,43.248162,42.852378,43.007102,86.014204,436140,technology,True
2025-06-03,ALFA,42.904835,43.477608,42.69542,43.006283,86.012566,629276,technology,True
2025-06-04,ALFA,42.995395,43.666633,42.536957,43.18109,86.362181,2147348,technology,True
2025-06-05,ALFA,42.931457,43.644206,42.426543,43.134875,86.269749,1624586,technology,True
2025-06-06,ALFA,42.955096,43.193569,42.453835,42.904084,85.808167,2364670,technology,True
2025-06-09,ALFA,42.971266,43.213686,42.44785,42.948236,85.896473,3240905,technology,True
2025-06-10,ALFA,43.239409,43.424176,43.055945,43.219066,86.438132,1036147,technology,True
2025-06-11,ALFA,43.774845,43.867448,43.726796,43.771471,87.542942,2410546,technology,True
2025-06-12,ALFA,44.134082,44.443754,43.617663,43.931035,87.86207,3454976,technology,True
2025-06-13,ALFA,43.939185,44.360843,43.430548,43.919503,87.839006,2792074,technology,True
2025-06-16,ALFA,43.574696,43.884219,43.082126,43.553078,87.106155,337198,technology,True
2025-06-17,ALFA,44.13915,44.731858,43.811978,44.350625,88.70125,3839658,technology,True
2025-06-18,ALFA,44.517802,44.704912,44.320038,44.5181,89.0362,2937584,technology,True
2025-06-19,ALFA,44.590839,44.994507,44.366231,44.47394,88.94788,2697392,technology,True
2025-06-20,ALFA,44.581306,44.930243,44.092704,44.531503,89.063006,2867507,technology,True
2025-06-23,ALFA,44.299319,44.778738,44.180579,44.461876,88.923751,1680336,technology,True
2025-06-24,ALFA,43.888496,44.363482,43.609478,44.061289,88.122578,1084535,technology,True
2025-06-25,ALFA,44.09525,44.473391,43.573209,44.198078,88.396156,3910561,technology,True
2025-06-26,ALFA,44.469855,44.633262,44.278167,44.474892,88.949784,2717592,technology,True
2025-06-27,ALFA,44.716846,44.947805,44.595238,44.69331,89.386619,3152853,technology,True
2025-06-30,ALFA,43.892026,44.553464,43.524798,44.098837,88.197673,589973,technology,True
2025-07-01,ALFA,43.867866,44.47912,43.785274,44.02238,88.044761,2118917,technology,True
2025-07-02,ALFA,44.126315,44.51551,44.079204,44.119404,88.238808,429002,technology,True
2025-07-03,ALFA,43.647881,43.944489,43.489552,43.726779,87.453559,3230407,technology,True
2025-07-04,ALFA,43.940246,44.467695,43.846848,44.020836,88.041671,2455730,technology,True
2025-07-07,ALFA,43.998189,44.278251,43.472284,44.02894,88.05788,510004,technology,True
2025-07-08,ALFA,43.861351,44.276397,43.563466,43.806557,87.613114,1727849,technology,True
2025-07-09,ALFA,43.459913,43.659707,42.996899,43.584404,87.168809,2159833,technology,True
2025-07-10,ALFA,43.41441,43.765652,43.135845,43.334794,86.669588,3524420,technology,True
2025-07-11,ALFA,43.096669,43.738101,43.067779,43.411255,86.822511,484657,technology,True
2025-07-14,ALFA,43.197435,43.60816,42.902837,43.374862,86.749723,2639783,technology,True
2025-07-15,ALFA,43.43343,43.660366,43.098151,43.406836,86.813673,514759,technology,True
2025-07-16,ALFA,43.574279,43.616044,42.985757,43.424185,86.84837,1481553,technology,True
2025-07-17,ALFA,43.366864,43.895633,42.92293,43.417121,86.834242,1287454,technology,True
2025-07-18,ALFA,43.956874,44.382612,43.45123,43.765324,87.530648,3527242,technology,True
2025-07-21,ALFA,43.699655,43.867209,43.259917,43.63651,87.273019,623556,technology,True
2025-07-22,ALFA,43.921607,44.166775,43.82718,43.935635,87.87127,435555,technology,True
2025-07-23,ALFA,44.202421,44.761285,43.937329,44.261831,88.523661,733313,technology,True
2025-07-24,ALFA,44.096467,44.30384,43.922844,44.009581,88.019163,949726,technology,True
2025-07-25,ALFA,43.975638,44.015053,43.91866,43.988107,87.976214,2430064,technology,True
2025-07-28,ALFA,44.072368,44.479492,43.961944,44.260519,88.521039,3389260,technology,True
2025-07-29,ALFA,44.622526,44.802866,44.271649,44.468655,88.937311,2186380,technology,True
2025-07-30,ALFA,44.242287,44.498913,44.083322,44.345706,88.691411,1546497,technology,True
2025-07-31,ALFA,44.75438,45.225064,44.440372,44.546465,89.09293,2479243,technology,True
2025-08-01,ALFA,44.0273,44.08553,43.844089,44.036257,88.072514,1659941,technology,True
2025-08-04,ALFA,44.07696,44.545878,43.591744,44.186321,88.372642,3675192,technology,True
2025-08-05,ALFA,44.506109,44.665952,44.471198,44.518122,89.036245,3397217,technology,True
2025-08-06,ALFA,44.715054,44.988043,44.379584,44.798258,89.596515,620360,technology,True
2025-08-07,ALFA,44.881046,45.400663,44.424316,44.972972,89.945943,876086,technology,True
2025-08-08,ALFA,44.352606,44.497148,43.858673,44.413413,88.826826,3932612,technology,True
2025-08-11,ALFA,44.917657,44.993573,44.740178,44.918698,89.837395,2407620,technology,True
2025-08-12,ALFA,44.967893,45.18057,44.520888,44.969819,89.939637,3957878,technology,True
2025-08-13,ALFA,44.689485,45.158388,44.655805,44.838215,89.67643,1659725,technology,True
2025-08-14,ALFA,44.387653,44.465109,43.778604,44.243844,88.487688,2143482,technology,True
2025-08-15,ALFA,44.230939,44.584415,44.17774,44.210236,88.420472,3160326,technology,True
2025-08-18,ALFA,44.476917,44.878328,43.88041,44.383946,88.767893,2374793,technology,True
2025-08-19,ALFA,44.582558,44.764179,44.130948,44.626293,89.252586,3550752,technology,True
2025-08-20,ALFA,44.723251,45.236136,44.225559,44.677305,89.35461,1006858,technology,True
2025-08-21,ALFA,44.586968,45.063999,44.52448,44.687848,89.375696,2208313,technology,True
2025-08-22,ALFA,44.312028,44.7848,43.961376,44.436254,88.872509,1614550,technology,True
2025-08-25,ALFA,43.859468,44.485283,43.641544,44.024094,88.048189,2847971,technology,True
2025-08-26,ALFA,43.783821,43.945575,43.310409,43.832363,87.664725,2790352,technology,True
2025-08-27,ALFA,43.66104,44.153505,43.492659,43.625096,87.250193,2707261,technology,True
2025-08-28,ALFA,43.33897,43.575097,43.307013,43.414058,86.828115,1424002,technology,True
2025-08-29,ALFA,43.780025,43.96949,43.246503,43.50834,87.016679,362401,technology,True
2025-09-01,ALFA,43.544751,43.866634,43.258902,43.58967,87.179339,2813389,technology,True
2025-09-02,ALFA,43.802116,43.993986,43.389727,43.807841,87.615683,1246075,technology,True
2025-09-03,ALFA,43.695281,44.046905,43.454195,43.712165,87.42433,2274781,technology,True
2025-09-04,ALFA,43.698034,44.138782,43.525674,43.739225,87.47845,1734998,technology,True
2025-09-05,ALFA,44.365575,44.609216,44.067794,44.201272,88.402545,2997124,technology,True
2025-09-08,ALFA,44.256828,44.492338,43.769608,44.224085,88.44817,2527616,technology,True
2025-09-09,ALFA,44.14635,44.285024,43.719705,44.242747,88.485493,2464584,technology,True
2025-09-10,ALFA,44.39655,44.710344,44.000941,44.358715,88.71743,2966973,technology,True
2025-09-11,ALFA,44.376668,44.606508,44.038487,44.380613,88.761227,2211549,technology,True
2025-09-12,ALFA,44.268749,44.905412,43.845135,44.374187,88.748373,1614968,technology,True
2025-09-15,ALFA,44.179873,44.439053,44.094308,44.264919,88.529838,2998015,technology,True
2025-09-16,ALFA,43.748579,44.07271,43.650826,43.809433,87.618867,1452094,technology,True
2025-09-17,ALFA,43.559226,44.064983,43.196038,43.466718,86.933435,3107678,technology,True
2025-09-18,ALFA,43.296135,43.441389,43.02296,43.412532,86.825065,2689101,technology,True
2025-09-19,ALFA,43.02731,43.077271,42.650404,42.941111,85.882222,3699823,technology,True
2025-09-22,ALFA,42.747565,43.00741,42.278465,42.845546,85.691092,3523221,technology,True
2025-09-23,ALFA,42.849867,43.360258,42.584833,42.823635,85.647269,800288,technology,True
2025-09-24,ALFA,42.990299,43.291369,42.609444,42.928227,85.856454,669985,technology,True
2025-09-25,ALFA,42.578037,43.040629,42.11313,42.573959,85.147918,3250140,technology,True
2025-09-26,ALFA,43.08795,43.119152,42.832937,43.03404,86.068081,1297195,technology,True
2025-09-29,ALFA,42.657732,43.029005,42.324795,42.775973,85.551947,3812850,technology,True
2025-09-30,ALFA,42.531955,42.793659,42.166706,42.517773,85.035546,3800375,technology,True
2025-10-01,ALFA,42.40528,42.634823,42.313804,42.42823,84.856461,3708924,technology,True
2025-10-02,ALFA,42.292119,42.536947,41.978713,42.184174,84.368348,1285054,technology,True
2025-10-03,ALFA,41.918244,42.308267,41.743763,42.172766,84.345532,487530,technology,True
2025-10-06,ALFA,42.328894,42.487715,41.88201,42.080042,84.160085,3828264,technology,True
2025-10-07,ALFA,42.04681,42.717583,41.743821,42.303589,84.607179,2822915,technology,True
2025-10-08,ALFA,42.261185,42.901086,41.821602,42.426509,84.853018,1443223,technology,True
2025-10-09,ALFA,42.524546,43.019877,42.390397,42.530409,85.060817,1807717,technology,True
2025-10-10,ALFA,42.918756,43.263523,42.608384,42.790375,85.58075,770438,technology,True
2025-10-13,ALFA,42.908899,43.354004,42.501432,42.893156,85.786312,1951661,technology,True
2025-10-14,ALFA,42.576612,42.778348,42.503363,42.740702,85.481403,1569236,technology,True
2025-10-15,ALFA,42.874639,43.07421,42.571164,42.830858,85.661715,2318311,technology,True
2025-10-16,ALFA,43.202079,43.247995,43.041344,43.155922,86.311843,657975,technology,True
2025-10-17,ALFA,43.012439,43.551769,42.635417,43.251169,86.502338,817044,technology,True
2025-10-20,ALFA,43.445205,43.737996,43.285974,43.414079,86.828157,3266858,technology,True
2025-10-21,ALFA,42.847605,43.356572,42.790765,43.019671,86.039342,1179568,technology,True
2025-10-22,ALFA,43.038897,43.387058,42.731731,42.936201,85.872403,1863929,technology,True
2025-10-23,ALFA,42.697616,42.729817,42.424737,42.692596,85.385191,2294704,technology,True
2025-10-24,ALFA,42.48209,43.016078,42.007997,42.624972,85.249944,2072817,technology,True
2025-10-27,ALFA,42.695061,43.119511,42.514395,42.540776,85.081552,2884826,technology,True
2025-10-28,ALFA,42.061731,42.174576,41.707358,42.092152,84.184303,313628,technology,True
2025-10-29,ALFA,42.738644,43.122909,42.177868,42.57975,85.1595,1846438,technology,True
2025-10-30,ALFA,42.202747,42.621605,41.871922,42.031106,84.062212,3263261,technology,True
2025-10-31,ALFA,41.84943,42.102984,41.393619,41.877149,83.754297,3008095,technology,True
2025-11-03,ALFA,41.298875,41.62792,40.890034,41.26389,82.527781,396969,technology,True
2025-11-04,ALFA,41.338787,41.732986,41.044015,41.471149,82.942297,3194880,technology,True
2025-11-05,ALFA,41.671663,42.012053,41.457036,41.577066,83.154131,1573293,technology,True
2025-11-06,ALFA,41.556336,42.156726,41.245345,41.684251,83.368502,3940125,technology,True
2025-11-07,ALFA,41.911793,42.145547,41.435331,41.978441,83.956882,1712996,technology,True
2025-11-10,ALFA,41.406799,41.824107,40.957187,41.470262,82.940523,1070838,technology,True
2025-11-11,ALFA,41.593378,41.801738,41.363096,41.658343,83.316687,3575674,technology,True
2025-11-12,ALFA,42.047778,42.272657,41.891526,41.990464,83.980928,2608265,technology,True
2025-11-13,ALFA,42.385691,42.672123,42.034364,42.26329,84.52658,1163754,technology,True
2025-11-14,ALFA,41.917529,42.403675,41.77513,41.857461,83.714922,3045582,technology,True
2025-11-17,ALFA,41.966581,42.582362,41.654984,42.161659,84.323318,3275889,technology,True
2025-11-18,ALFA,42.35523,42.928762,42.028242,42.44346,84.88692,3295866,technology,True
2025-11-19,ALFA,42.722011,42.906178,42.269322,42.675756,85.351511,2598895,technology,True
2025-11-20,ALFA,42.961939,43.130998,42.45018,42.859951,85.719903,2427894,technology,True
2025-11-21,ALFA,42.600671,42.693269,42.279664,42.576991,85.153982,2518280,technology,True
2025-11-24,ALFA,42.923868,43.211733,42.720559,42.981778,85.963557,3964123,technology,True
2023-01-02,BRAV,87.597262,88.249342,87.283368,87.596122,87.596122,2463728,finance,True
2023-01-03,BRAV,87.134026,87.906486,86.122073,86.912199,86.912199,7845674,finance,True
2023-01-04,BRAV,86.752275,87.734504,85.672263,86.585928,86.585928,6989662,finance,True
2023-01-05,BRAV,86.351084,86.795872,85.614173,86.621258,86.621258,6455746,finance,True
2023-01-06,BRAV,86.944714,87.824813,86.581142,87.127379,87.127379,4387722,finance,True
2023-01-09,BRAV,87.64659,88.440876,86.71497,87.523895,87.523895,3114176,finance,True
2023-01-10,BRAV,87.017372,87.274255,86.497795,87.143238,87.143238,6522260,finance,True
2023-01-11,BRAV,86.698731,87.039076,85.74376,86.993888,86.993888,7075866,finance,True
2023-01-12,BRAV,87.062551,87.191554,86.471166,86.919571,86.919571,6715856,finance,True
2023-01-13,BRAV,85.699933,86.284416,84.70589,85.742545,85.742545,971444,finance,True
2023-01-16,BRAV,85.868688,85.951638,84.938584,85.467777,85.467777,4885440,finance,True
2023-01-17,BRAV,84.784575,85.528505,84.67178,85.190888,85.190888,4721634,finance,True
2023-01-18,BRAV,85.527379,85.753556,85.450385,85.538223,85.538223,638524,finance,True
2023-01-19,BRAV,85.939384,86.258915,85.498466,85.917692,85.917692,2652196,finance,True
2023-01-20,BRAV,86.121889,87.003175,85.646486,86.140719,86.140719,5817578,finance,True
2023-01-23,BRAV,86.985571,87.99562,86.348885,86.542353,86.542353,6062802,finance,True
2023-01-24,BRAV,86.989674,87.574124,86.633774,87.087365,87.087365,4563412,finance,True
2023-01-25,BRAV,86.745238,87.473141,85.896868,86.890405,86.890405,7717188,finance,True
2023-01-26,BRAV,87.737904,88.232864,87.483898,87.914593,87.914593,3634710,finance,True
2023-01-27,BRAV,87.436149,87.86746,86.604168,87.703668,87.703668,3708154,finance,True
2023-01-30,BRAV,87.58105,88.214078,87.134383,87.578111,87.578111,6878654,finance,True
2023-01-31,BRAV,87.523946,88.107658,86.891995,87.692785,87.692785,7195104,finance,True
2023-02-01,BRAV,88.006114,88.727727,87.07083,88.096209,88.096209,5706768,finance,True
2023-02-02,BRAV,88.07756,88.319754,87.266779,87.955793,87.955793,2883596,finance,True
2023-02-03,BRAV,88.971817,89.780904,88.167135,88.84994,88.84994,5780306,finance,True
2023-02-06,BRAV,87.773606,88.691143,87.265947,87.856432,87.856432,7718622,finance,True
2023-02-07,BRAV,87.781161,88.671337,87.212592,87.67701,87.67701,6270724,finance,True
2023-02-08,BRAV,87.203664,87.592679,86.37857,87.096848,87.096848,2594220,finance,True
2023-02-09,BRAV,86.890259,87.887628,86.106659,86.603315,86.603315,3785058,finance,True
2023-02-10,BRAV,85.99631,86.563326,85.471238,86.187761,86.187761,7969694,finance,True
2023-02-13,BRAV,87.371033,88.458537,87.062769,87.532818,87.532818,3182894,finance,True
2023-02-14,BRAV,87.713347,88.621452,87.6093,87.861187,87.861187,3196530,finance,True
2023-02-15,BRAV,88.525624,89.377924,87.781901,88.325583,88.325583,1554982,finance,True
2023-02-16,BRAV,88.920877,89.019945,87.788614,88.608048,88.608048,5477804,finance,True
2023-02-17,BRAV,89.365337,89.756972,88.62974,89.171919,89.171919,3437618,finance,True
2023-02-20,BRAV,89.848333,90.001393,89.024744,89.904718,89.904718,4998164,finance,True
2023-02-21,BRAV,89.511831,90.530253,89.241656,89.78414,89.78414,4900958,finance,True
2023-02-22,BRAV,90.309454,91.111464,89.538797,90.173891,90.173891,1320118,finance,True
2023-02-23,BRAV,90.534585,90.940786,90.334805,90.521252,90.521252,2277136,finance,True
2023-02-24,BRAV,89.852993,90.175452,88.532576,89.600102,89.600102,3658826,finance,True
2023-02-27,BRAV,89.084659,89.396784,88.732477,88.829748,88.829748,4933452,finance,True
2023-02-28,BRAV,88.723533,88.995314,88.613881,88.757515,88.757515,2419000,finance,True
2023-03-01,BRAV,87.987053,88.411892,87.55418,88.34806,88.34806,7112962,finance,True
2023-03-02,BRAV,87.368678,87.638523,87.051812,87.416697,87.416697,2645056,finance,True
2023-03-03,BRAV,87.739049,88.322266,87.305619,87.509295,87.509295,5375740,finance,True
2023-03-06,BRAV,87.266605,88.25068,86.229823,87.465845,87.465845,844166,finance,True
2023-03-07,BRAV,88.027889,88.420508,87.911864,88.214698,88.214698,1000002,finance,True
2023-03-08,BRAV,88.465884,89.51967,87.491938,88.016133,88.016133,616176,finance,True
2023-03-09,BRAV,88.772451,89.268882,88.064577,88.41505,88.41505,7926882,finance,True
2023-03-10,BRAV,88.394662,89.038825,87.376454,88.495723,88.495723,1090734,finance,True
2023-03-13,BRAV,88.596692,89.125689,88.369244,88.459614,88.459614,1951782,finance,True
2023-03-14,BRAV,89.47248,89.763298,88.391297,89.383201,89.383201,1696066,finance,True
2023-03-15,BRAV,89.933665,90.993488,89.376443,89.985245,89.985245,1507672,finance,True
2023-03-16,BRAV,90.793915,91.933366,89.950208,90.897619,90.897619,1610020,finance,True
2023-03-17,BRAV,91.626328,92.466747,91.050253,91.698042,91.698042,7894260,finance,True
2023-03-20,BRAV,91.716494,92.347727,90.661927,91.725505,91.725505,686928,finance,True
2023-03-21,BRAV,92.288592,92.845991,92.162237,92.270222,92.270222,2811688,finance,True
2023-03-22,BRAV,93.59285,93.902689,93.253645,93.556706,93.556706,607298,finance,True
2023-03-23,BRAV,92.392,92.461753,91.388742,92.26134,92.26134,5755624,finance,True
2023-03-24,BRAV,93.383313,94.551514,92.513555,93.511946,93.511946,5166892,finance,True
2023-03-27,BRAV,93.135979,93.903596,92.418333,93.106919,93.106919,2034336,finance,True
2023-03-28,BRAV,94.57407,95.670816,93.98488,94.369865,94.369865,2592392,finance,True
2023-03-29,BRAV,93.906415,94.507038,93.107732,93.528968,93.528968,3340330,finance,True
2023-03-30,BRAV,93.792476,94.979419,93.445367,94.015909,94.015909,3485042,finance,True
2023-03-31,BRAV,94.53588,94.737441,93.910365,94.043048,94.043048,6031814,finance,True
2023-04-03,BRAV,95.141561,95.593923,95.012822,95.173427,95.173427,6208126,finance,True
2023-04-04,BRAV,93.740409,94.063897,93.600157,93.950036,93.950036,7273942,finance,True
2023-04-05,BRAV,95.245549,95.709196,94.041807,95.020888,95.020888,4538472,finance,True
2023-04-06,BRAV,93.624116,94.27255,93.512557,94.095596,94.095596,4352602,finance,True
2023-04-07,BRAV,93.817763,94.398265,93.712715,93.789235,93.789235,7285650,finance,True
2023-04-10,BRAV,93.341194,94.454076,92.908407,93.646098,93.646098,5877086,finance,True
2023-04-11,BRAV,93.143533,93.54063,92.969119,93.443164,93.443164,6035788,finance,True
2023-04-12,BRAV,94.235788,95.039724,93.515636,94.235397,94.235397,4697350,finance,True
2023-04-13,BRAV,95.089958,96.012315,94.663408,94.764435,94.764435,7706604,finance,True
2023-04-14,BRAV,94.791124,95.165856,94.440719,94.873431,94.873431,5485936,finance,True
2023-04-17,BRAV,95.863709,96.186676,94.267416,95.227927,95.227927,1988794,finance,True
2023-04-18,BRAV,94.165285,95.132164,93.714416,94.298138,94.298138,1840510,finance,True
2023-04-19,BRAV,93.692914,94.931668,93.200383,93.903901,93.903901,789050,finance,True
2023-04-20,BRAV,93.847157,94.562264,92.883303,93.579552,93.579552,2476122,finance,True
2023-04-21,BRAV,93.065483,94.041469,92.616808,93.377935,93.377935,6978402,finance,True
2023-04-24,BRAV,93.982075,94.366527,93.328353,93.71881,93.71881,5172944,finance,True
2023-04-25,BRAV,93.684243,94.028007,93.14913,93.788822,93.788822,6449246,finance,True
2023-04-26,BRAV,94.560476,95.05298,93.865626,94.680181,94.680181,3135796,finance,True
2023-04-27,BRAV,94.737473,95.400977,93.723837,94.995332,94.995332,2652742,finance,True
2023-04-28,BRAV,95.188266,96.242973,94.702537,94.78316,94.78316,3509098,finance,True
2023-05-01,BRAV,93.447607,93.870939,93.325445,93.734381,93.734381,3352526,finance,True
2023-05-02,BRAV,93.240051,93.904019,92.669945,93.238544,93.238544,3500766,finance,True
2023-05-03,BRAV,92.677973,93.063134,91.583586,93.007258,93.007258,3831858,finance,True
2023-05-04,BRAV,92.907287,93.870239,92.117492,92.774105,92.774105,6563896,finance,True
2023-05-05,BRAV,92.516788,92.701283,91.441139,92.444873,92.444873,7991494,finance,True
2023-05-08,BRAV,91.257165,91.676454,90.652001,91.30615,91.30615,7659972,finance,True
2023-05-09,BRAV,92.130138,93.055948,91.468252,92.086972,92.086972,7023628,finance,True
2023-05-10,BRAV,92.027799,92.509463,91.133134,91.74932,91.74932,2750732,finance,True
2023-05-11,BRAV,91.682445,92.175201,90.599556,91.664756,91.664756,5701460,finance,True
2023-05-12,BRAV,91.906477,92.23539,91.597984,91.81839,91.81839,3381636,finance,True
2023-05-15,BRAV,90.735177,91.078944,89.811192,90.754072,90.754072,7358694,finance,True
2023-05-16,BRAV,90.130379,90.688353,89.859692,90.371499,90.371499,3572466,finance,True
2023-05-17,BRAV,90.7018,91.022739,90.051327,90.700999,90.700999,4283648,finance,True
2023-05-18,BRAV,91.044945,92.100329,90.744425,90.887585,90.887585,5766858,finance,True
2023-05-19,BRAV,91.069756,92.11987,90.257057,91.23159,91.23159,1817728,finance,True
2023-05-22,BRAV,89.912518,90.873331,89.761138,89.957336,89.957336,2274888,finance,True
2023-05-23,BRAV,90.90234,91.663225,90.176737,90.577827,90.577827,3425278,finance,True
2023-05-24,BRAV,90.127771,90.660321,90.062843,90.290448,90.290448,5159000,finance,True
2023-05-25,BRAV,90.289468,91.169925,89.081921,89.947705,89.947705,3719970,finance,True
2023-05-26,BRAV,90.17949,91.104519,89.687786,90.345718,90.345718,4006844,finance,True
2023-05-29,BRAV,89.735676,90.670311,89.200779,89.826434,89.826434,7394312,finance,True
2023-05-30,BRAV,89.228576,89.335263,89.054081,89.245868,89.245868,3916876,finance,True
2023-05-31,BRAV,89.789246,90.344971,89.266299,89.855804,89.855804,6978232,finance,True
2023-06-01,BRAV,88.356278,88.645997,86.909768,87.907698,87.907698,7957778,finance,True
2023-06-02,BRAV,87.844883,88.980156,87.58985,87.989211,87.989211,4456648,finance,True
2023-06-05,BRAV,87.508565,87.881015,87.065274,87.783361,87.783361,1038840,finance,True
2023-06-06,BRAV,88.159144,88.822051,87.540592,87.995539,87.995539,1023470,finance,True
2023-06-07,BRAV,89.121364,89.355742,88.143142,89.087628,89.087628,7385646,finance,True
2023-06-08,BRAV,88.988661,89.387265,88.60011,88.938782,88.938782,7048430,finance,True
2023-06-09,BRAV,89.727025,90.602404,88.657711,89.69823,89.69823,6711556,finance,True
2023-06-12,BRAV,89.81168,90.557503,89.568886,89.656537,89.656537,1882416,finance,True
2023-06-13,BRAV,89.350592,90.025013,88.332001,89.070592,89.070592,6826082,finance,True
2023-06-14,BRAV,89.577016,90.387166,88.618407,89.308617,89.308617,4665246,finance,True
2023-06-15,BRAV,89.644001,90.134994,88.871125,89.815993,89.815993,5788392,finance,True
2023-06-16,BRAV,90.679275,90.750833,89.702716,90.575168,90.575168,1887364,finance,True
2023-06-19,BRAV,89.894086,90.518205,88.840979,89.747496,89.747496,6808858,finance,True
2023-06-20,BRAV,89.25689,89.943883,88.596793,89.360463,89.360463,7488568,finance,True
2023-06-21,BRAV,88.171493,88.928512,87.421851,88.35311,88.35311,4276676,finance,True
2023-06-22,BRAV,89.547658,89.840102,89.25386,89.46371,89.46371,6004836,finance,True
2023-06-23,BRAV,89.136598,89.625292,88.658456,89.249181,89.249181,3957338,finance,True
2023-06-26,BRAV,89.329603,89.482066,88.558376,89.370178,89.370178,2912010,finance,True
2023-06-27,BRAV,89.20952,90.396622,88.831242,89.364609,89.364609,6553456,finance,True
2023-06-28,BRAV,89.009364,90.323853,88.464821,89.366868,89.366868,842146,finance,True
2023-06-29,BRAV,89.374984,90.102781,88.474473,89.151012,89.151012,1495514,finance,True
2023-06-30,BRAV,89.201632,90.45703,88.439874,89.598769,89.598769,3770986,finance,True
2023-07-03,BRAV,89.766074,90.221922,88.985455,89.264146,89.264146,2755608,finance,True
2023-07-04,BRAV,89.472346,89.581821,88.376101,89.407456,89.407456,7773186,finance,True
2023-07-05,BRAV,89.73711,90.206558,88.880375,89.759475,89.759475,5490686,finance,True
2023-07-06,BRAV,89.559408,90.249682,89.278055,89.691152,89.691152,4047628,finance,True
2023-07-07,BRAV,89.563445,90.187654,89.459725,89.67302,89.67302,4091284,finance,True
2023-07-10,BRAV,89.842417,90.254883,89.652042,89.890574,89.890574,2874346,finance,True
2023-07-11,BRAV,91.257483,92.179773,90.450282,90.963889,90.963889,2397242,finance,True
2023-07-12,BRAV,90.62407,91.096115,89.800956,90.914408,90.914408,3082890,finance,True
2023-07-13,BRAV,90.695366,91.267493,90.339734,90.9108,90.9108,3749734,finance,True
2023-07-14,BRAV,91.010172,91.890319,89.889618,90.550587,90.550587,2702018,finance,True
2023-07-17,BRAV,90.708263,91.719661,89.820785,90.911768,90.911768,3350372,finance,True
2023-07-18,BRAV,91.177362,92.295292,90.533591,91.493882,91.493882,1877364,finance,True
2023-07-19,BRAV,91.835341,92.860405,91.728876,91.984558,91.984558,3358354,finance,True
2023-07-20,BRAV,92.124715,93.043693,91.947268,92.364666,92.364666,6664942,finance,True
2023-07-21,BRAV,91.195784,92.261743,90.861807,91.502412,91.502412,6231284,finance,True
2023-07-24,BRAV,91.683706,92.193754,90.991777,91.561669,91.561669,6990306,finance,True
2023-07-25,BRAV,91.904285,92.23361,91.38497,91.806326,91.806326,1591560,finance,True
2023-07-26,BRAV,91.40533,92.318421,90.471068,91.329218,91.329218,3199816,finance,True
2023-07-27,BRAV,90.527657,91.217286,90.383746,90.698682,90.698682,743686,finance,True
2023-07-28,BRAV,91.157732,91.512632,90.363945,90.783867,90.783867,3533466,finance,True
2023-07-31,BRAV,90.439414,91.1621,89.777857,90.213408,90.213408,3952790,finance,True
2023-08-01,BRAV,90.663804,91.598189,90.323911,90.73995,90.73995,4518588,finance,True
2023-08-02,BRAV,91.53836,92.29961,90.736502,91.440553,91.440553,4156544,finance,True
2023-08-03,BRAV,92.340371,92.525784,91.290883,91.935504,91.935504,2972876,finance,True
2023-08-04,BRAV,91.498842,92.352183,90.773111,91.863401,91.863401,2141032,finance,True
2023-08-07,BRAV,91.963162,92.436303,91.385973,91.749468,91.749468,972016,finance,True
2023-08-08,BRAV,91.947167,92.302053,91.756718,91.808237,91.808237,1391348,finance,True
2023-08-09,BRAV,92.053628,92.329246,91.330751,91.706121,91.706121,698720,finance,True
2023-08-10,BRAV,92.190932,92.253028,91.636335,92.16351,92.16351,4118630,finance,True
2023-08-11,BRAV,92.04735,93.136991,91.263627,92.347457,92.347457,5446824,finance,True
2023-08-14,BRAV,92.114793,92.794754,91.749571,91.917289,91.917289,3268632,finance,True
2023-08-15,BRAV,91.16738,92.067374,90.93175,91.369705,91.369705,6667758,finance,True
2023-08-16,BRAV,91.996698,93.090461,91.264006,92.002242,92.002242,6262206,finance,True
2023-08-17,BRAV,90.81713,91.930412,90.440614,91.331717,91.331717,4370664,finance,True
2023-08-18,BRAV,90.670987,91.796833,89.952831,90.911434,90.911434,3858204,finance,True
2023-08-21,BRAV,91.854255,91.997337,91.228391,91.86427,91.86427,2828464,finance,True
2023-08-22,BRAV,92.245655,92.476553,92.072197,92.366878,92.366878,5463652,finance,True
2023-08-23,BRAV,92.016945,92.933636,90.992955,92.326752,92.326752,6832414,finance,True
2023-08-24,BRAV,92.367665,93.12286,91.42407,92.274885,92.274885,1597276,finance,True
2023-08-25,BRAV,91.960788,92.097263,91.314878,91.852203,91.852203,1654544,finance,True
2023-08-28,BRAV,91.92428,92.209861,91.011627,91.762923,91.762923,1838618,finance,True
2023-08-29,BRAV,90.941796,91.117525,90.362876,90.982626,90.982626,1590788,finance,True
2023-08-30,BRAV,91.050274,91.23825,90.722793,91.118898,91.118898,1410262,finance,True
2023-08-31,BRAV,90.938503,91.913101,89.657855,90.568714,90.568714,4456938,finance,True
2023-09-01,BRAV,91.092978,91.893716,90.848408,91.286079,91.286079,1379974,finance,True
2023-09-04,BRAV,92.005372,93.156099,91.21588,92.08519,92.08519,6957056,finance,True
2023-09-05,BRAV,91.53996,92.465759,90.968106,91.944703,91.944703,763818,finance,True
2023-09-06,BRAV,91.44225,91.804156,90.966997,91.509703,91.509703,5746700,finance,True
2023-09-07,BRAV,92.320022,92.564848,91.723603,92.356748,92.356748,5027560,finance,True
2023-09-08,BRAV,92.388321,93.130309,91.582939,92.477219,92.477219,5640668,finance,True
2023-09-11,BRAV,92.089311,92.436897,91.624453,92.08417,92.08417,4358392,finance,True
2023-09-12,BRAV,91.548994,92.380624,90.436625,91.231995,91.231995,4521854,finance,True
2023-09-13,BRAV,90.974189,92.077437,90.040023,91.467167,91.467167,5129460,finance,True
2023-09-14,BRAV,92.487791,92.955692,91.586301,92.284882,92.284882,7050784,finance,True
2023-09-15,BRAV,91.951653,93.025464,91.133766,91.698482,91.698482,7559924,finance,True
2023-09-18,BRAV,91.515783,92.47092,90.273737,91.151406,91.151406,7128240,finance,True
2023-09-19,BRAV,91.296808,91.772456,90.508442,91.170757,91.170757,3963542,finance,True
2023-09-20,BRAV,91.602616,92.292314,90.52314,90.965421,90.965421,3573676,finance,True
2023-09-21,BRAV,91.529623,92.115601,91.161431,91.574661,91.574661,2159882,finance,True
2023-09-22,BRAV,90.600926,91.025353,90.364035,90.935929,90.935929,6983264,finance,True
2023-09-25,BRAV,89.823365,90.730022,89.491184,89.612078,89.612078,4769688,finance,True
2023-09-26,BRAV,90.276268,90.755143,89.655543,90.121724,90.121724,1965964,finance,True
2023-09-27,BRAV,89.512413,89.835123,88.658958,89.610501,89.610501,7723354,finance,True
2023-09-28,BRAV,89.03605,89.862338,87.83722,88.856457,88.856457,4675068,finance,True
2023-09-29,BRAV,88.481111,89.00301,88.38098,88.598438,88.598438,1072886,finance,True
2023-10-02,BRAV,88.85874,88.959243,88.460678,88.60808,88.60808,720160,finance,True
2023-10-03,BRAV,89.075418,89.437011,88.57042,89.089018,89.089018,6489538,finance,True
2023-10-04,BRAV,89.349074,90.094805,88.511832,89.624547,89.624547,1703762,finance,True
2023-10-05,BRAV,89.544529,90.613806,89.099247,89.53583,89.53583,6258774,finance,True
2023-10-06,BRAV,89.573043,89.681953,89.094761,89.592192,89.592192,7759964,finance,True
2023-10-09,BRAV,89.254082,90.742963,88.416625,89.70992,89.70992,5016332,finance,True
2023-10-10,BRAV,89.440507,90.046302,88.375528,89.436853,89.436853,2196646,finance,True
2023-10-11,BRAV,88.92345,89.242778,88.334151,88.914491,88.914491,7201778,finance,True
2023-10-12,BRAV,88.314021,89.068389,88.052004,88.53577,88.53577,7209238,finance,True
2023-10-13,BRAV,87.753861,88.038136,87.41244,87.728852,87.728852,6036314,finance,True
2023-10-16,BRAV,87.177599,87.90241,86.097756,87.047992,87.047992,5682850,finance,True
2023-10-17,BRAV,86.145296,87.32963,85.193878,86.311832,86.311832,2819512,finance,True
2023-10-18,BRAV,85.537858,86.251666,84.948101,85.567771,85.567771,4169640,finance,True
2023-10-19,BRAV,85.410253,86.097853,84.6982,85.337532,85.337532,2244480,finance,True
2023-10-20,BRAV,84.134832,84.906252,83.880925,84.105034,84.105034,7429594,finance,True
2023-10-23,BRAV,83.727532,84.31834,83.484974,83.903475,83.903475,6253136,finance,True
2023-10-24,BRAV,84.579215,85.054966,84.278874,84.553176,84.553176,2198378,finance,True
2023-10-25,BRAV,85.302286,85.457802,84.15116,85.075629,85.075629,3136894,finance,True
2023-10-26,BRAV,85.070202,85.992125,84.896206,85.122531,85.122531,7933970,finance,True
2023-10-27,BRAV,86.026546,86.329413,85.691917,85.854474,85.854474,6341892,finance,True
2023-10-30,BRAV,85.22565,85.857685,84.64984,85.27567,85.27567,2583770,finance,True
2023-10-31,BRAV,86.235978,86.461452,85.124162,85.989641,85.989641,5070306,finance,True
2023-11-01,BRAV,87.228167,87.896218,86.804939,86.888953,86.888953,2151028,finance,True
2023-11-02,BRAV,87.002494,87.957411,85.967344,86.685999,86.685999,7176994,finance,True
2023-11-03,BRAV,86.897161,87.056831,86.424012,87.004584,87.004584,3188226,finance,True
2023-11-06,BRAV,86.529675,86.997768,86.139982,86.432512,86.432512,5482036,finance,True
2023-11-07,BRAV,86.601701,87.086239,85.814588,86.97534,86.97534,618872,finance,True
2023-11-08,BRAV,87.535589,87.879665,86.901982,87.353897,87.353897,1646654,finance,True
2023-11-09,BRAV,87.485495,87.545287,86.583898,87.222999,87.222999,7883718,finance,True
2023-11-10,BRAV,86.992792,87.45742,86.881519,87.182202,87.182202,6732058,finance,True
2023-11-13,BRAV,87.255895,87.928221,86.76104,87.149014,87.149014,2153594,finance,True
2023-11-14,BRAV,86.914313,87.778262,86.740541,86.831985,86.831985,689020,finance,True
2023-11-15,BRAV,87.19707,87.742135,86.231335,87.347068,87.347068,6764058,finance,True
2023-11-16,BRAV,87.65173,88.51441,87.217103,87.717244,87.717244,4504980,finance,True
2023-11-17,BRAV,88.257188,88.970112,87.635022,88.634067,88.634067,7173646,finance,True
2023-11-20,BRAV,88.973706,89.326322,87.914094,88.937838,88.937838,1831128,finance,True
2023-11-21,BRAV,88.732238,89.528461,87.815363,88.948345,88.948345,6106870,finance,True
2023-11-22,BRAV,89.956489,90.046044,89.524305,89.720847,89.720847,1632236,finance,True
2023-11-23,BRAV,89.447207,89.508573,88.761431,89.356106,89.356106,2314096,finance,True
2023-11-24,BRAV,88.712279,89.080915,88.569931,88.769533,88.769533,6961558,finance,True
2023-11-27,BRAV,89.163617,89.935541,88.563829,88.962361,88.962361,3522946,finance,True
2023-11-28,BRAV,88.7223,88.837077,87.703046,88.617328,88.617328,883998,finance,True
2023-11-29,BRAV,89.268792,90.19049,88.187252,89.152349,89.152349,5917726,finance,True
2023-11-30,BRAV,88.734259,89.764174,87.881817,88.848421,88.848421,7398188,finance,True
2023-12-01,BRAV,89.428548,90.134689,88.75726,89.481129,89.481129,929552,finance,True
2023-12-04,BRAV,89.324035,90.425389,88.616603,89.732809,89.732809,6672378,finance,True
2023-12-05,BRAV,89.502751,89.69455,88.693988,89.376398,89.376398,3574356,finance,True
2023-12-06,BRAV,88.833327,89.774439,88.42447,88.581704,88.581704,7331642,finance,True
2023-12-07,BRAV,88.829377,89.519377,88.153932,88.879033,88.879033,1676732,finance,True
2023-12-08,BRAV,89.525662,90.10864,88.712059,89.345915,89.345915,5181924,finance,True
2023-12-11,BRAV,89.272878,89.736835,88.78014,89.395837,89.395837,6750656,finance,True
2023-12-12,BRAV,89.855476,90.413097,89.026971,89.613061,89.613061,2437090,finance,True
2023-12-13,BRAV,90.28969,91.301633,89.882846,90.107249,90.107249,6707612,finance,True
2023-12-14,BRAV,90.060168,90.583608,89.286528,90.007325,90.007325,6829798,finance,True
2023-12-15,BRAV,90.099139,90.193927,89.154528,89.724889,89.724889,7629018,finance,True
2023-12-18,BRAV,89.882211,90.452035,89.123649,90.083261,90.083261,4857372,finance,True
2023-12-19,BRAV,89.452336,90.243446,88.482333,89.301105,89.301105,7809748,finance,True
2023-12-20,BRAV,89.3845,89.702409,88.747492,89.586231,89.586231,7105502,finance,True
2023-12-21,BRAV,90.487696,91.11484,89.971082,90.239164,90.239164,2640992,finance,True
2023-12-22,BRAV,90.615254,91.61132,89.472349,90.410276,90.410276,7957534,finance,True
2023-12-25,BRAV,91.600553,92.062984,90.454782,91.534319,91.534319,6811126,finance,True
2023-12-26,BRAV,90.538575,91.272724,90.077093,90.444598,90.444598,3357994,finance,True
2023-12-27,BRAV,91.017897,91.355172,89.849288,90.744945,90.744945,2712582,finance,True
2023-12-28,BRAV,90.296922,90.910468,89.410911,90.07654,90.07654,4427830,finance,True
2023-12-29,BRAV,89.812545,90.518113,89.169205,89.798491,89.798491,4812376,finance,True
2024-01-01,BRAV,90.138419,90.661891,88.995408,90.024392,90.024392,998656,finance,True
2024-01-02,BRAV,90.681526,91.056423,90.56287,90.769986,90.769986,4872010,finance,True
2024-01-03,BRAV,90.896242,91.766113,90.712424,91.082456,91.082456,5284834,finance,True
2024-01-04,BRAV,90.300491,90.869606,89.755855,90.483651,90.483651,4880230,finance,True
2024-01-05,BRAV,91.20684,91.515733,90.66459,91.295599,91.295599,1411924,finance,True
2024-01-08,BRAV,91.861457,92.91581,91.274633,91.959989,91.959989,3896884,finance,True
2024-01-09,BRAV,92.318324,92.859265,91.794123,92.344208,92.344208,5181600,finance,True
2024-01-10,BRAV,92.163741,93.160781,91.132913,92.116806,92.116806,6006512,finance,True
2024-01-11,BRAV,92.072588,92.675546,91.953885,92.237152,92.237152,2059178,finance,True
2024-01-12,BRAV,92.070067,92.649392,91.269071,92.107065,92.107065,6853674,finance,True
2024-01-15,BRAV,92.253081,93.38536,91.645737,92.607159,92.607159,5354058,finance,True
2024-01-16,BRAV,92.850372,93.700525,91.72582,92.742581,92.742581,7494520,finance,True
2024-01-17,BRAV,92.967176,93.782833,92.483873,93.002123,93.002123,6138326,finance,True
2024-01-18,BRAV,92.803439,94.092492,91.963243,93.16166,93.16166,2336414,finance,True
2024-01-19,BRAV,94.059626,94.488088,93.081572,93.865297,93.865297,623576,finance,True
2024-01-22,BRAV,94.431405,95.126158,93.694424,94.208879,94.208879,3626400,finance,True
2024-01-23,BRAV,94.345454,95.021918,93.319346,94.475954,94.475954,2978168,finance,True
2024-01-24,BRAV,95.481634,95.986283,94.180186,95.075903,95.075903,6143384,finance,True
2024-01-25,BRAV,95.988306,96.941978,95.845159,96.173474,96.173474,5421362,finance,True
2024-01-26,BRAV,96.342275,96.750958,95.884522,96.391122,96.391122,4620320,finance,True
2024-01-29,BRAV,95.672988,96.290373,94.302824,95.384295,95.384295,7979440,finance,True
2024-01-30,BRAV,95.027122,95.077068,94.510339,94.883703,94.883703,6487088,finance,True
2024-01-31,BRAV,93.984348,94.699806,93.74102,94.185214,94.185214,4132884,finance,True
2024-02-01,BRAV,93.670571,94.557246,93.020836,94.071649,94.071649,7364530,finance,True
2024-02-02,BRAV,92.912423,93.79533,92.018059,93.140461,93.140461,3775012,finance,True
2024-02-05,BRAV,93.042564,93.253993,92.21672,93.176815,93.176815,2919518,finance,True
2024-02-06,BRAV,92.998279,93.268296,91.883409,92.811875,92.811875,2356810,finance,True
2024-02-07,BRAV,92.815707,93.141004,91.634085,92.279103,92.279103,1981314,finance,True
2024-02-08,BRAV,92.886874,93.191816,92.078424,93.010187,93.010187,2763004,finance,True
2024-02-09,BRAV,91.916583,92.398544,91.731406,91.902958,91.902958,3664186,finance,True
2024-02-12,BRAV,91.585908,92.185605,91.209897,91.462933,91.462933,7068158,finance,True
2024-02-13,BRAV,92.174543,93.624069,91.399002,92.526332,92.526332,4569162,finance,True
2024-02-14,BRAV,91.888963,92.66596,90.979635,91.977821,91.977821,3849408,finance,True
2024-02-15,BRAV,93.142378,93.379076,92.709337,92.849842,92.849842,2244770,finance,True
2024-02-16,BRAV,92.710592,94.028771,92.424645,93.067635,93.067635,3047868,finance,True
2024-02-19,BRAV,93.500823,94.543844,93.087925,93.541908,93.541908,2032404,finance,True
2024-02-20,BRAV,94.605518,95.334307,93.979527,94.614516,94.614516,2706626,finance,True
2024-02-21,BRAV,95.190401,95.360462,94.189058,95.176116,95.176116,1393606,finance,True
2024-02-22,BRAV,95.218848,95.330604,94.705264,95.112696,95.112696,5112938,finance,True
2024-02-23,BRAV,95.318028,95.649588,93.927442,95.001854,95.001854,963148,finance,True
2024-02-26,BRAV,95.038839,96.039074,93.952509,94.730299,94.730299,2704312,finance,True
2024-02-27,BRAV,95.037461,96.199844,94.121149,95.129247,95.129247,2562016,finance,True
2024-02-28,BRAV,94.382405,95.060496,93.234456,94.253066,94.253066,2184436,finance,True
2024-02-29,BRAV,94.551906,95.623198,94.261408,94.697813,94.697813,4720380,finance,True
2024-03-01,BRAV,94.927576,95.167805,94.381316,94.924699,94.924699,3457442,finance,True
2024-03-04,BRAV,95.274165,95.77737,94.192466,95.364114,95.364114,4982026,finance,True
2024-03-05,BRAV,96.031772,96.622554,95.570451,95.850377,95.850377,2829138,finance,True
2024-03-06,BRAV,95.90585,96.186019,94.702519,95.723003,95.723003,1205670,finance,True
2024-03-07,BRAV,96.845409,98.046462,95.801765,96.885726,96.885726,6996876,finance,True
2024-03-08,BRAV,97.262485,97.843555,95.988523,96.854836,96.854836,1806448,finance,True
2024-03-11,BRAV,96.798286,97.086892,96.655789,96.757921,96.757921,4855280,finance,True
2024-03-12,BRAV,97.732511,98.599126,97.189134,97.76173,97.76173,5797406,finance,True
2024-03-13,BRAV,98.788523,99.97522,97.997878,98.818939,98.818939,989278,finance,True
2024-03-14,BRAV,99.411519,99.950137,99.208423,99.288421,99.288421,5186004,finance,True
2024-03-15,BRAV,98.944989,99.560066,98.227768,99.043983,99.043983,7186378,finance,True
2024-03-18,BRAV,98.397996,99.119519,97.289525,98.302936,98.302936,1214644,finance,True
2024-03-19,BRAV,98.563949,99.503367,97.093825,98.254196,98.254196,2430168,finance,True
2024-03-20,BRAV,98.137688,98.358936,97.112642,98.16437,98.16437,6720708,finance,True
2024-03-21,BRAV,98.671129,99.318239,98.222876,99.205961,99.205961,4944818,finance,True
2024-03-22,BRAV,99.819952,100.381613,98.993267,99.895818,99.895818,4420246,finance,True
2024-03-25,BRAV,100.969766,102.131992,100.096558,101.156155,101.156155,6298330,finance,True
2024-03-26,BRAV,100.517639,101.556254,99.50314,100.751532,100.751532,7471590,finance,True
2024-03-27,BRAV,100.967688,101.241825,100.080339,100.779351,100.779351,5907794,finance,True
2024-03-28,BRAV,99.398075,100.140474,98.372975,99.20241,99.20241,6846282,finance,True
2024-03-29,BRAV,98.672637,99.488046,98.342872,99.011887,99.011887,7794574,finance,True
2024-04-01,BRAV,99.582103,99.703241,98.918833,99.418259,99.418259,3940414,finance,True
2024-04-02,BRAV,98.619586,99.137505,97.902644,98.270883,98.270883,1487998,finance,True
2024-04-03,BRAV,99.210425,100.290275,97.966812,98.951665,98.951665,7136346,finance,True
2024-04-04,BRAV,98.866291,100.123618,98.49123,99.020973,99.020973,7253932,finance,True
2024-04-05,BRAV,99.906212,100.537137,99.277197,100.129695,100.129695,6823868,finance,True
2024-04-08,BRAV,99.763372,100.789586,99.026074,99.880399,99.880399,4554848,finance,True
2024-04-09,BRAV,99.867264,100.84445,99.673516,99.739622,99.739622,5365228,finance,True
2024-04-10,BRAV,99.105462,99.777732,98.452556,98.920153,98.920153,7596154,finance,True
2024-04-11,BRAV,100.084695,100.192912,98.89206,100.101541,100.101541,7188508,finance,True
2024-04-12,BRAV,100.038024,100.931588,99.109227,99.917272,99.917272,3422786,finance,True
2024-04-15,BRAV,100.311468,100.931179,100.212858,100.27918,100.27918,1826716,finance,True
2024-04-16,BRAV,99.230431,99.647768,98.893823,99.498804,99.498804,6567444,finance,True
2024-04-17,BRAV,100.136639,101.107322,98.754443,99.597617,99.597617,2328912,finance,True
2024-04-18,BRAV,99.109696,99.850108,98.989077,99.143043,99.143043,6621012,finance,True
2024-04-19,BRAV,99.298827,100.224329,98.655037,99.784958,99.784958,2798796,finance,True
2024-04-22,BRAV,99.466028,100.453903,98.894115,99.242506,99.242506,1553516,finance,True
2024-04-23,BRAV,98.675076,99.079961,97.932672,98.567617,98.567617,4178844,finance,True
2024-04-24,BRAV,98.601295,99.589385,97.773253,98.286211,98.286211,7931394,finance,True
2024-04-25,BRAV,97.911693,98.141542,96.778562,97.712906,97.712906,3206668,finance,True
2024-04-26,BRAV,98.222912,98.746647,97.314807,98.051239,98.051239,832658,finance,True
2024-04-29,BRAV,97.810205,98.202764,97.501582,97.855228,97.855228,6148852,finance,True
2024-04-30,BRAV,98.294331,99.072339,97.729916,98.652382,98.652382,5029240,finance,True
2024-05-01,BRAV,97.663637,98.764577,96.7957,97.788784,97.788784,6019598,finance,True
2024-05-02,BRAV,97.478978,97.725339,96.2347,97.328968,97.328968,1646152,finance,True
2024-05-03,BRAV,97.496342,98.456665,96.273335,97.321442,97.321442,973024,finance,True
2024-05-06,BRAV,97.727907,97.796073,96.809921,97.223595,97.223595,5281820,finance,True
2024-05-07,BRAV,97.611056,98.127417,96.390706,97.479859,97.479859,1992638,finance,True
2024-05-08,BRAV,97.54333,98.296386,96.75551,97.553893,97.553893,6694656,finance,True
2024-05-09,BRAV,97.191648,97.914034,96.842495,97.392087,97.392087,5587466,finance,True
2024-05-10,BRAV,97.294996,97.690531,96.979683,97.363361,97.363361,7453036,finance,True
2024-05-13,BRAV,97.970729,98.377887,97.227634,97.938242,97.938242,1284420,finance,True
2024-05-14,BRAV,97.782621,99.32699,97.556917,98.282358,98.282358,5064928,finance,True
2024-05-15,BRAV,99.414601,99.964067,98.25163,99.223212,99.223212,650928,finance,True
2024-05-16,BRAV,98.609962,99.761367,97.753702,98.464783,98.464783,3391866,finance,True
2024-05-17,BRAV,98.993016,100.00614,97.718127,98.788099,98.788099,3275982,finance,True
2024-05-20,BRAV,99.105191,99.496763,98.044045,99.364721,99.364721,3233640,finance,True
2024-05-21,BRAV,99.265716,100.349853,98.784236,99.416836,99.416836,5695708,finance,True
2024-05-22,BRAV,99.17188,100.794177,97.999874,99.721276,99.721276,4889620,finance,True
2024-05-23,BRAV,100.056413,100.136875,99.173333,99.96691,99.96691,1515384,finance,True
2024-05-24,BRAV,98.660938,99.753635,98.533483,98.825427,98.825427,4998352,finance,True
2024-05-27,BRAV,99.332368,99.776821,98.328012,99.33181,99.33181,3610242,finance,True
2024-05-28,BRAV,99.21078,100.044803,98.337267,99.040297,99.040297,7041932,finance,True
2024-05-29,BRAV,99.594344,100.56758,98.690346,99.464076,99.464076,934662,finance,True
2024-05-30,BRAV,99.505937,100.413104,98.593845,99.673622,99.673622,748956,finance,True
2024-05-31,BRAV,99.425738,100.443398,98.720264,99.443301,99.443301,1970236,finance,True
2024-06-03,BRAV,99.152052,100.337457,98.615446,99.380661,99.380661,6438772,finance,True
2024-06-04,BRAV,99.013381,99.897817,97.763973,98.789719,98.789719,4712104,finance,True
2024-06-05,BRAV,99.007044,99.405912,97.916439,98.640438,98.640438,5967454,finance,True
2024-06-06,BRAV,98.216216,98.66237,97.689884,98.334896,98.334896,7441446,finance,True
2024-06-07,BRAV,96.931066,97.857943,96.051405,97.091789,97.091789,1461822,finance,True
2024-06-10,BRAV,96.912452,97.656023,96.165415,97.150546,97.150546,5480206,finance,True
2024-06-11,BRAV,97.496111,98.024008,97.164711,97.603007,97.603007,7194168,finance,True
2024-06-12,BRAV,97.163238,98.127484,96.359276,97.35711,97.35711,7965890,finance,True
2024-06-13,BRAV,97.615957,98.708469,97.342131,97.691802,97.691802,4844624,finance,True
2024-06-14,BRAV,98.083166,98.639355,97.26485,98.020329,98.020329,4533112,finance,True
2024-06-17,BRAV,97.136448,98.150745,96.14463,97.689591,97.689591,5702074,finance,True
2024-06-18,BRAV,96.449124,97.382498,95.68029,96.833097,96.833097,3163300,finance,True
2024-06-19,BRAV,96.382968,97.415549,96.159173,96.583174,96.583174,4605626,finance,True
2024-06-20,BRAV,97.432589,97.602221,97.344197,97.433301,97.433301,1387460,finance,True
2024-06-21,BRAV,97.64014,98.759959,96.710254,97.66392,97.66392,1495262,finance,True
2024-06-24,BRAV,97.303718,97.74711,96.957465,97.211972,97.211972,4222394,finance,True
2024-06-25,BRAV,97.857285,98.629096,97.189437,97.538533,97.538533,7821066,finance,True
2024-06-26,BRAV,97.995729,98.244285,96.85685,98.110353,98.110353,1485212,finance,True
2024-06-27,BRAV,99.06038,99.436396,97.796473,98.770802,98.770802,4308962,finance,True
2024-06-28,BRAV,99.312386,99.743589,97.862921,98.963814,98.963814,2731500,finance,True
2024-07-01,BRAV,98.758503,99.464294,97.993117,98.505011,98.505011,5651474,finance,True
2024-07-02,BRAV,99.177045,99.260812,98.507108,99.011903,99.011903,4210440,finance,True
2024-07-03,BRAV,99.174938,99.908672,98.181831,99.00365,99.00365,6538350,finance,True
2024-07-04,BRAV,98.347419,99.294486,97.660896,98.330637,98.330637,2800134,finance,True
2024-07-05,BRAV,98.547351,98.858813,97.513171,98.493873,98.493873,3720658,finance,True
2024-07-08,BRAV,97.842549,98.721863,97.574389,97.800552,97.800552,7052138,finance,True
2024-07-09,BRAV,97.485268,97.764939,96.847867,97.236106,97.236106,3160400,finance,True
2024-07-10,BRAV,98.084516,99.175997,97.226392,98.0183,98.0183,951590,finance,True
2024-07-11,BRAV,98.294992,98.656163,97.31045,98.288673,98.288673,664766,finance,True
2024-07-12,BRAV,98.400636,98.717472,97.291923,97.939646,97.939646,7132026,finance,True
2024-07-15,BRAV,97.484859,97.928432,97.111925,97.160524,97.160524,953206,finance,True
2024-07-16,BRAV,98.003156,98.444196,97.317266,97.979775,97.979775,3762660,finance,True
2024-07-17,BRAV,96.609656,97.111521,96.23184,96.827247,96.827247,5628156,finance,True
2024-07-18,BRAV,96.445479,97.094891,95.626776,96.583024,96.583024,929102,finance,True
2024-07-19,BRAV,97.457703,97.742557,97.206807,97.571682,97.571682,6705220,finance,True
2024-07-22,BRAV,96.885221,97.912977,95.720247,96.772027,96.772027,4957576,finance,True
2024-07-23,BRAV,97.897054,98.377548,97.672438,97.815207,97.815207,5773410,finance,True
2024-07-24,BRAV,97.618626,98.34442,97.270467,97.91425,97.91425,1013922,finance,True
2024-07-25,BRAV,98.214515,99.216901,97.404553,98.237484,98.237484,1735994,finance,True
2024-07-26,BRAV,97.961032,98.49112,97.408602,97.781706,97.781706,3473752,finance,True
2024-07-29,BRAV,97.417128,98.513884,96.336002,96.80649,96.80649,1319612,finance,True
2024-07-30,BRAV,96.312325,97.075843,95.698722,96.307461,96.307461,3208904,finance,True
2024-07-31,BRAV,97.180785,97.270492,96.558936,96.904423,96.904423,3620918,finance,True
2024-08-01,BRAV,96.292614,97.556111,96.100836,96.547884,96.547884,4206518,finance,True
2024-08-02,BRAV,97.516419,97.591592,96.88517,97.350215,97.350215,6849066,finance,True
2024-08-05,BRAV,97.926946,98.415174,96.887675,97.401385,97.401385,7778532,finance,True
2024-08-06,BRAV,97.368844,98.595184,96.313071,97.47314,97.47314,7157240,finance,True
2024-08-07,BRAV,97.250587,98.457691,97.174538,97.432038,97.432038,6726730,finance,True
2024-08-08,BRAV,98.338308,98.501113,97.040077,97.966461,97.966461,1683328,finance,True
2024-08-09,BRAV,98.374056,99.6498,98.319824,98.560371,98.560371,1302374,finance,True
2024-08-12,BRAV,98.235291,98.326921,97.12976,97.765076,97.765076,2198358,finance,True
2024-08-13,BRAV,97.860141,98.493962,96.889835,97.823157,97.823157,7939708,finance,True
2024-08-14,BRAV,98.171377,98.363758,97.452589,97.876133,97.876133,5712158,finance,True
2024-08-15,BRAV,97.013657,98.180219,96.259523,97.359265,97.359265,3096374,finance,True
2024-08-16,BRAV,97.81516,98.097261,97.235727,97.695041,97.695041,7187892,finance,True
2024-08-19,BRAV,98.056178,98.592841,97.515306,98.085684,98.085684,2531272,finance,True
2024-08-20,BRAV,98.323594,98.817449,97.951534,98.655946,98.655946,5855850,finance,True
2024-08-21,BRAV,99.303051,100.446459,99.136547,99.490278,99.490278,1288522,finance,True
2024-08-22,BRAV,100.528854,101.44208,100.229705,100.436451,100.436451,3828390,finance,True
2024-08-23,BRAV,100.151501,100.291802,98.815587,99.906612,99.906612,6374884,finance,True
2024-08-26,BRAV,100.168156,100.495528,99.452771,99.945819,99.945819,1285442,finance,True
2024-08-27,BRAV,101.184092,102.331467,100.479243,100.70893,100.70893,1202222,finance,True
2024-08-28,BRAV,99.831135,100.995656,98.877324,100.266994,100.266994,4725228,finance,True
2024-08-29,BRAV,100.263413,100.406434,99.481236,100.065997,100.065997,1900008,finance,True
2024-08-30,BRAV,100.293106,101.202505,99.506757,100.069781,100.069781,4128250,finance,True
2024-09-02,BRAV,99.777167,99.973419,99.169667,99.584746,99.584746,3116972,finance,True
2024-09-03,BRAV,99.490525,100.448706,98.817818,99.3808,99.3808,991728,finance,True
2024-09-04,BRAV,99.258526,100.07801,98.351611,99.477849,99.477849,5165580,finance,True
2024-09-05,BRAV,99.315196,100.129591,98.950065,99.334685,99.334685,2253884,finance,True
2024-09-06,BRAV,98.535387,99.204353,97.761616,98.300544,98.300544,4562452,finance,True
2024-09-09,BRAV,97.831199,98.931382,97.658631,98.159539,98.159539,4314554,finance,True
2024-09-10,BRAV,97.299794,98.394788,96.852537,97.421675,97.421675,5323250,finance,True
2024-09-11,BRAV,97.669055,98.316428,97.49808,97.584055,97.584055,2587860,finance,True
2024-09-12,BRAV,97.646934,98.347088,96.691983,97.98393,97.98393,3934824,finance,True
2024-09-13,BRAV,97.789537,98.663314,97.049295,98.250722,98.250722,7706820,finance,True
2024-09-16,BRAV,97.781538,98.797027,96.626056,97.568884,97.568884,6568800,finance,True
2024-09-17,BRAV,97.915253,98.503546,97.766821,97.844817,97.844817,3232960,finance,True
2024-09-18,BRAV,97.073728,98.210614,95.889777,96.982706,96.982706,3940152,finance,True
2024-09-19,BRAV,96.727011,97.633752,96.25544,96.472521,96.472521,7941840,finance,True
2024-09-20,BRAV,97.783219,97.935109,96.431999,97.520494,97.520494,5960580,finance,True
2024-09-23,BRAV,96.925697,97.869186,96.312345,96.631202,96.631202,632638,finance,True
2024-09-24,BRAV,96.793149,97.34431,95.954567,96.986069,96.986069,2778664,finance,True
2024-09-25,BRAV,96.400996,97.392337,96.218744,96.445657,96.445657,2390982,finance,True
2024-09-26,BRAV,95.648204,96.690602,94.766149,96.106691,96.106691,3660502,finance,True
2024-09-27,BRAV,95.854635,96.935335,95.275876,95.950257,95.950257,2100038,finance,True
2024-09-30,BRAV,96.025868,96.295421,94.915761,96.207902,96.207902,3519126,finance,True
2024-10-01,BRAV,95.845609,96.564883,94.626566,95.661391,95.661391,3110426,finance,True
2024-10-02,BRAV,96.508477,97.529715,96.082484,96.499066,96.499066,671094,finance,True
2024-10-03,BRAV,96.21861,97.40434,95.468071,96.557391,96.557391,5019620,finance,True
2024-10-04,BRAV,97.056066,98.089399,95.957478,96.72909,96.72909,5003042,finance,True
2024-10-07,BRAV,96.166146,97.265715,95.424309,96.387964,96.387964,6138330,finance,True
2024-10-08,BRAV,97.572363,98.450406,96.723743,97.468198,97.468198,1777004,finance,True
2024-10-09,BRAV,97.084826,97.607391,95.946182,97.283237,97.283237,6823174,finance,True
2024-10-10,BRAV,97.972339,98.698218,97.828629,98.393448,98.393448,7272148,finance,True
2024-10-11,BRAV,98.918966,98.996857,98.418313,98.944543,98.944543,2407920,finance,True
2024-10-14,BRAV,98.894299,99.843852,98.372132,98.867994,98.867994,7166464,finance,True
2024-10-15,BRAV,100.195856,101.290382,99.975665,100.049986,100.049986,5957130,finance,True
2024-10-16,BRAV,101.162247,101.633238,100.853364,101.388683,101.388683,5169810,finance,True
2024-10-17,BRAV,102.31565,102.865626,101.721304,101.962011,101.962011,2479760,finance,True
2024-10-18,BRAV,101.345966,101.930649,100.606308,101.498417,101.498417,4080698,finance,True
2024-10-21,BRAV,100.79063,101.854188,99.867735,101.011254,101.011254,2016468,finance,True
2024-10-22,BRAV,101.022229,101.877116,100.431204,101.151657,101.151657,826274,finance,True
2024-10-23,BRAV,100.263928,101.450805,99.839344,100.35515,100.35515,6631190,finance,True
2024-10-24,BRAV,100.866578,101.405325,99.765064,100.550289,100.550289,7234298,finance,True
2024-10-25,BRAV,99.289913,100.129296,98.218672,99.49125,99.49125,1695670,finance,True
2024-10-28,BRAV,98.912792,100.068825,97.831036,99.017515,99.017515,7493838,finance,True
2024-10-29,BRAV,99.161797,100.271498,98.342211,98.974546,98.974546,1870308,finance,True
2024-10-30,BRAV,98.995863,99.689084,98.227185,99.138981,99.138981,5202280,finance,True
2024-10-31,BRAV,98.419689,99.973893,97.302048,99.016028,99.016028,3608462,finance,True
2024-11-01,BRAV,97.523009,98.187615,96.835756,97.932704,97.932704,6048658,finance,True
2024-11-04,BRAV,98.833434,99.115328,98.706045,98.875506,98.875506,2040114,finance,True
2024-11-05,BRAV,97.773502,98.637665,97.603198,97.875714,97.875714,6616680,finance,True
2024-11-06,BRAV,97.17304,98.015508,96.541052,97.749359,97.749359,7942508,finance,True
2024-11-07,BRAV,98.101311,98.171714,97.046472,97.840675,97.840675,6767832,finance,True
2024-11-08,BRAV,96.435214,97.242723,95.426138,96.364567,96.364567,7580642,finance,True
2024-11-11,BRAV,95.499666,96.558842,95.109115,95.353895,95.353895,1540648,finance,True
2024-11-12,BRAV,96.527816,97.639718,95.798529,96.387626,96.387626,6132356,finance,True
2024-11-13,BRAV,95.769008,96.992883,95.007157,96.163023,96.163023,5998820,finance,True
2024-11-14,BRAV,95.943846,96.860668,95.763031,96.379915,96.379915,2891520,finance,True
2024-11-15,BRAV,96.509984,97.014015,96.380867,96.650878,96.650878,7626172,finance,True
2024-11-18,BRAV,96.926631,97.327799,96.503349,96.644059,96.644059,4795536,finance,True
2024-11-19,BRAV,95.284335,96.598832,94.73464,95.556141,95.556141,6579242,finance,True
2024-11-20,BRAV,96.017929,97.18652,95.31029,96.142801,96.142801,1804646,finance,True
2024-11-21,BRAV,95.758832,97.062228,95.688885,95.993501,95.993501,7389124,finance,True
2024-11-22,BRAV,95.206341,96.309807,94.070518,94.998112,94.998112,5585790,finance,True
2024-11-25,BRAV,94.345463,94.956535,93.337396,94.475385,94.475385,907180,finance,True
2024-11-26,BRAV,93.910548,94.932584,93.153855,93.994,93.994,3432808,finance,True
2024-11-27,BRAV,95.762056,96.616129,94.7766,95.319093,95.319093,5760284,finance,True
2024-11-28,BRAV,93.783654,94.381878,93.719058,94.160141,94.160141,4400176,finance,True
2024-11-29,BRAV,94.383835,95.414836,93.72974,94.000213,94.000213,4431344,finance,True
2024-12-02,BRAV,92.79542,93.631435,92.098553,92.805965,92.805965,861182,finance,True
2024-12-03,BRAV,93.350224,94.086379,93.28654,93.558039,93.558039,1110038,finance,True
2024-12-04,BRAV,93.593405,94.015198,93.446415,93.751972,93.751972,4997734,finance,True
2024-12-05,BRAV,93.482888,93.529664,92.536523,93.39676,93.39676,7067206,finance,True
2024-12-06,BRAV,92.316727,92.837841,92.223171,92.726828,92.726828,1278768,finance,True
2024-12-09,BRAV,92.951926,93.302751,92.681962,93.231002,93.231002,4351784,finance,True
2024-12-10,BRAV,93.164104,94.13032,92.675293,93.454436,93.454436,6156814,finance,True
2024-12-11,BRAV,93.852205,94.048737,93.778501,93.955489,93.955489,5400748,finance,True
2024-12-12,BRAV,93.608365,94.865045,93.332421,93.990706,93.990706,5877968,finance,True
2024-12-13,BRAV,93.333932,94.219986,92.661262,93.418028,93.418028,4430088,finance,True
2024-12-16,BRAV,92.514106,93.054532,91.899216,92.73829,92.73829,4162804,finance,True
2024-12-17,BRAV,92.447354,92.872738,91.599515,92.377408,92.377408,5404846,finance,True
2024-12-18,BRAV,91.991017,92.294109,90.951267,91.930175,91.930175,4956562,finance,True
2024-12-19,BRAV,92.194018,92.910897,91.149295,91.828193,91.828193,656514,finance,True
2024-12-20,BRAV,91.9941,92.10979,91.288608,91.80655,91.80655,7571608,finance,True
2024-12-23,BRAV,91.869129,92.387364,91.287311,92.10479,92.10479,1388768,finance,True
2024-12-24,BRAV,90.787051,91.456186,90.364394,90.86149,90.86149,3248504,finance,True
2024-12-25,BRAV,91.32836,91.765776,90.995052,91.066857,91.066857,4295050,finance,True
2024-12-26,BRAV,91.413723,92.363715,91.186989,91.523582,91.523582,4384458,finance,True
2024-12-27,BRAV,90.920403,92.051438,90.277048,91.311864,91.311864,3906112,finance,True
2024-12-30,BRAV,91.234939,92.256021,91.032818,91.149879,91.149879,4151210,finance,True
2024-12-31,BRAV,92.178169,93.230375,91.182188,92.081693,92.081693,6296036,finance,True
2025-01-01,BRAV,91.558739,92.986247,91.197963,92.053432,92.053432,5514732,finance,True
2025-01-02,BRAV,93.041754,93.468021,92.557922,93.197839,93.197839,7736764,finance,True
2025-01-03,BRAV,92.977006,93.994409,92.689547,93.260438,93.260438,2503190,finance,True
2025-01-06,BRAV,93.735775,94.651356,93.251269,93.939266,93.939266,6391486,finance,True
2025-01-07,BRAV,94.71139,95.47853,94.375265,94.622196,94.622196,7498324,finance,True
2025-01-08,BRAV,94.520906,95.426401,94.087013,94.248091,94.248091,917348,finance,True
2025-01-09,BRAV,94.805371,95.09919,94.415783,94.598102,94.598102,1071132,finance,True
2025-01-10,BRAV,95.575193,96.176945,94.927442,95.685882,95.685882,6562106,finance,True
2025-01-13,BRAV,95.939717,97.282277,95.843935,96.331711,96.331711,3110640,finance,True
2025-01-14,BRAV,96.459858,97.316477,95.184724,96.209214,96.209214,2090114,finance,True
2025-01-15,BRAV,96.597628,97.432504,96.074137,96.149891,96.149891,2893698,finance,True
2025-01-16,BRAV,96.450874,97.616904,96.00569,96.52237,96.52237,5852658,finance,True
2025-01-17,BRAV,95.717755,96.995869,94.746696,95.879821,95.879821,1668242,finance,True
2025-01-20,BRAV,96.101741,96.833274,95.409218,95.908558,95.908558,1924046,finance,True
2025-01-21,BRAV,96.645204,97.539507,95.611843,96.637978,96.637978,4827170,finance,True
2025-01-22,BRAV,97.354833,98.076243,96.938011,97.612125,97.612125,5800758,finance,True
2025-01-23,BRAV,98.798771,98.937541,97.958011,98.679777,98.679777,666616,finance,True
2025-01-24,BRAV,98.699483,99.362306,98.442842,98.554612,98.554612,1515896,finance,True
2025-01-27,BRAV,97.974171,98.561978,97.851064,97.948348,97.948348,765066,finance,True
2025-01-28,BRAV,98.310534,99.808541,98.25764,98.639395,98.639395,3636132,finance,True
2025-01-29,BRAV,98.239148,98.545517,96.681287,97.777461,97.777461,3009528,finance,True
2025-01-30,BRAV,96.308606,97.136441,95.874934,96.78898,96.78898,3272860,finance,True
2025-01-31,BRAV,96.82861,97.439023,95.638604,96.634598,96.634598,2257250,finance,True
2025-02-03,BRAV,96.711329,97.659561,95.407391,96.24831,96.24831,973160,finance,True
2025-02-04,BRAV,95.824865,97.073279,94.752307,96.085821,96.085821,619394,finance,True
2025-02-05,BRAV,95.810182,96.793673,95.512401,96.027451,96.027451,1155188,finance,True
2025-02-06,BRAV,96.128232,96.262745,95.757907,95.896761,95.896761,7662288,finance,True
2025-02-07,BRAV,96.436787,96.84475,96.253176,96.420029,96.420029,1711754,finance,True
2025-02-10,BRAV,96.421394,97.579728,95.57326,96.583005,96.583005,7457960,finance,True
2025-02-11,BRAV,97.641785,98.511078,97.346249,97.456361,97.456361,4203690,finance,True
2025-02-12,BRAV,97.427395,97.770684,96.246248,97.186431,97.186431,7205372,finance,True
2025-02-13,BRAV,96.441438,96.983284,95.603786,96.743306,96.743306,3360508,finance,True
2025-02-14,BRAV,97.206663,97.65888,96.361142,97.258185,97.258185,4739606,finance,True
2025-02-17,BRAV,98.300609,98.82132,97.124868,98.07268,98.07268,3005346,finance,True
2025-02-18,BRAV,98.049948,99.106486,97.691729,97.958109,97.958109,5797430,finance,True
2025-02-19,BRAV,98.631471,99.751079,97.186102,98.310053,98.310053,7420462,finance,True
2025-02-20,BRAV,98.245925,99.285729,98.054618,98.437838,98.437838,3219124,finance,True
2025-02-21,BRAV,98.622856,99.707823,97.695272,98.57182,98.57182,6601522,finance,True
2025-02-24,BRAV,98.13639,98.472779,96.803574,97.818696,97.818696,5294260,finance,True
2025-02-25,BRAV,97.368703,97.937294,96.263979,96.956508,96.956508,7302312,finance,True
2025-02-26,BRAV,97.243856,97.988293,96.916585,97.162194,97.162194,1282594,finance,True
2025-02-27,BRAV,97.096413,97.372074,96.559273,97.224955,97.224955,1192578,finance,True
2025-02-28,BRAV,97.712945,98.312527,97.278942,97.443864,97.443864,6639892,finance,True
2025-03-03,BRAV,96.794329,97.463383,96.43321,96.85304,96.85304,4324368,finance,True
2025-03-04,BRAV,96.199458,96.818714,95.558119,96.432056,96.432056,1016438,finance,True
2025-03-05,BRAV,96.434554,97.519917,96.006491,96.402554,96.402554,3968634,finance,True
2025-03-06,BRAV,96.195425,97.031269,95.312165,96.515406,96.515406,2223162,finance,True
2025-03-07,BRAV,95.859665,96.121899,94.916788,95.859307,95.859307,2142710,finance,True
2025-03-10,BRAV,96.754759,97.227238,96.514048,96.969412,96.969412,4386086,finance,True
2025-03-11,BRAV,98.083187,98.657588,96.660696,97.607661,97.607661,5576736,finance,True
2025-03-12,BRAV,97.016239,98.064178,95.729435,96.800249,96.800249,3597272,finance,True
2025-03-13,BRAV,97.009671,97.831562,96.633223,97.038275,97.038275,6210088,finance,True
2025-03-14,BRAV,96.521455,96.743859,96.468298,96.522469,96.522469,4947736,finance,True
2025-03-17,BRAV,97.497937,98.059659,96.665268,97.55033,97.55033,7461236,finance,True
2025-03-18,BRAV,98.19095,98.94864,97.355217,98.151699,98.151699,5242472,finance,True
2025-03-19,BRAV,98.059246,99.077351,97.547127,98.385296,98.385296,6625316,finance,True
2025-03-20,BRAV,98.486529,99.475068,97.037717,98.007479,98.007479,3098998,finance,True
2025-03-21,BRAV,96.890884,98.05717,96.622312,97.154196,97.154196,3297622,finance,True
2025-03-24,BRAV,98.013791,98.916851,97.049758,97.707452,97.707452,3620798,finance,True
2025-03-25,BRAV,98.429229,98.900219,97.76949,98.612927,98.612927,3709324,finance,True
2025-03-26,BRAV,98.898922,99.385426,98.662988,98.782742,98.782742,3891274,finance,True
2025-03-27,BRAV,99.582911,100.100401,98.671735,99.302959,99.302959,3134298,finance,True
2025-03-28,BRAV,99.528673,100.165407,98.485731,99.888395,99.888395,2281528,finance,True
2025-03-31,BRAV,100.346167,101.471464,99.834208,100.183477,100.183477,2080660,finance,True
2025-04-01,BRAV,100.097003,100.455037,99.125399,100.078295,100.078295,2395694,finance,True
2025-04-02,BRAV,100.955978,101.49971,100.47188,100.539742,100.539742,2511382,finance,True
2025-04-03,BRAV,101.036672,101.580119,100.562799,101.012388,101.012388,3333830,finance,True
2025-04-04,BRAV,102.167196,103.294927,101.91501,102.608635,102.608635,6182104,finance,True
2025-04-07,BRAV,102.324908,102.589404,101.617634,102.252865,102.252865,2145114,finance,True
2025-04-08,BRAV,102.460035,103.567658,102.260587,102.517799,102.517799,7466698,finance,True
2025-04-09,BRAV,102.313134,103.825218,101.87651,102.645521,102.645521,836814,finance,True
2025-04-10,BRAV,102.462641,102.525904,101.531138,102.102092,102.102092,2787228,finance,True
2025-04-11,BRAV,101.107952,102.061898,100.625157,101.028068,101.028068,3974034,finance,True
2025-04-14,BRAV,101.979398,102.909981,101.77273,101.885152,101.885152,5609974,finance,True
2025-04-15,BRAV,102.471574,103.563646,101.631939,102.810985,102.810985,6603756,finance,True
2025-04-16,BRAV,103.536218,103.632871,102.591329,103.562409,103.562409,3200898,finance,True
2025-04-17,BRAV,103.721044,104.65382,102.931076,103.969132,103.969132,4782308,finance,True
2025-04-18,BRAV,103.731067,104.584484,102.507139,103.313567,103.313567,5876372,finance,True
2025-04-21,BRAV,102.906202,103.909612,102.164489,102.858806,102.858806,3223834,finance,True
2025-04-22,BRAV,103.485505,104.526367,102.947124,103.313665,103.313665,3459742,finance,True
2025-04-23,BRAV,102.296181,102.384577,101.219549,102.316111,102.316111,3033262,finance,True
2025-04-24,BRAV,101.84058,102.188824,100.875427,102.020576,102.020576,4420026,finance,True
2025-04-25,BRAV,101.712058,102.917747,100.475319,101.614907,101.614907,5084606,finance,True
2025-04-28,BRAV,101.18252,102.579311,100.670195,101.510974,101.510974,4753680,finance,True
2025-04-29,BRAV,101.467054,101.968398,100.553609,101.387654,101.387654,4423924,finance,True
2025-04-30,BRAV,100.688379,100.821559,100.239689,100.513391,100.513391,3473306,finance,True
2025-05-01,BRAV,101.037139,102.023464,100.0926,100.636732,100.636732,6503650,finance,True
2025-05-02,BRAV,100.696726,101.576197,99.791598,100.795183,100.795183,3768344,finance,True
2025-05-05,BRAV,100.601794,100.89343,99.576765,100.751916,100.751916,4345202,finance,True
2025-05-06,BRAV,101.198499,101.340347,100.573145,101.13622,101.13622,1194588,finance,True
2025-05-07,BRAV,101.508886,102.056406,100.839562,101.438056,101.438056,1079388,finance,True
2025-05-08,BRAV,101.726243,102.83012,100.238142,101.35155,101.35155,7462116,finance,True
2025-05-09,BRAV,101.997745,102.701241,101.297296,101.470632,101.470632,2933974,finance,True
2025-05-12,BRAV,101.9208,102.502469,100.904924,101.497063,101.497063,5329382,finance,True
2025-05-13,BRAV,100.865109,101.653972,100.450943,101.228047,101.228047,2602990,finance,True
2025-05-14,BRAV,100.878886,101.251441,100.282159,100.731461,100.731461,5032414,finance,True
2025-05-15,BRAV,100.442429,101.120592,100.139586,100.390267,100.390267,1143082,finance,True
2025-05-16,BRAV,101.134092,101.718527,100.667363,101.427585,101.427585,7884608,finance,True
2025-05-19,BRAV,103.183441,104.351138,101.923255,103.067176,103.067176,4163616,finance,True
2025-05-20,BRAV,103.944304,104.108239,103.481267,103.796805,103.796805,7181276,finance,True
2025-05-21,BRAV,103.563888,104.062755,102.437067,103.661098,103.661098,5579044,finance,True
2025-05-22,BRAV,102.908103,104.022902,101.697601,103.037216,103.037216,1581920,finance,True
2025-05-23,BRAV,102.407559,103.052748,101.723705,102.449351,102.449351,3495988,finance,True
2025-05-26,BRAV,101.559878,102.518493,100.696155,101.47889,101.47889,7356472,finance,True
2025-05-27,BRAV,102.180217,103.044233,101.459494,102.03938,102.03938,3877148,finance,True
2025-05-28,BRAV,102.532363,103.741877,101.835778,102.426068,102.426068,1788434,finance,True
2025-05-29,BRAV,102.909558,103.252166,101.832015,102.431298,102.431298,7531110,finance,True
2025-05-30,BRAV,102.57625,102.996775,102.392966,102.758836,102.758836,1590744,finance,True
2025-06-02,BRAV,101.853682,102.876195,101.762107,102.076768,102.076768,4163714,finance,True
2025-06-03,BRAV,102.775933,103.982321,101.685305,102.439965,102.439965,5109152,finance,True
2025-06-04,BRAV,101.948117,102.391065,101.256393,101.964181,101.964181,5482658,finance,True
2025-06-05,BRAV,100.609609,102.25601,99.926179,101.352517,101.352517,5447500,finance,True
2025-06-06,BRAV,101.307184,101.930372,100.03331,100.878792,100.878792,1345924,finance,True
2025-06-09,BRAV,101.669224,102.219367,100.776475,101.410326,101.410326,7509542,finance,True
2025-06-10,BRAV,101.275171,102.372448,101.144307,101.500265,101.500265,3370176,finance,True
2025-06-11,BRAV,101.997167,102.533303,100.705065,101.915756,101.915756,1054746,finance,True
2025-06-12,BRAV,101.617206,102.361877,100.642248,101.964728,101.964728,5222770,finance,True
2025-06-13,BRAV,102.852984,103.826895,101.299146,102.489959,102.489959,3059628,finance,True
2025-06-16,BRAV,101.092213,101.3966,100.661206,101.263287,101.263287,5315514,finance,True
2025-06-17,BRAV,102.152401,102.675752,101.031131,102.576194,102.576194,4255134,finance,True
2025-06-18,BRAV,102.522653,102.906624,102.080502,102.440033,102.440033,6732790,finance,True
2025-06-19,BRAV,103.401593,104.557358,102.145758,103.1152,103.1152,7511734,finance,True
2025-06-20,BRAV,102.418757,102.778117,101.395569,102.120294,102.120294,5895872,finance,True
2025-06-23,BRAV,102.360701,102.763945,101.642367,102.285724,102.285724,7387870,finance,True
2025-06-24,BRAV,102.41283,102.759134,101.637784,102.359707,102.359707,7246134,finance,True
2025-06-25,BRAV,102.296921,103.212717,101.323225,102.044855,102.044855,7033226,finance,True
2025-06-26,BRAV,101.915753,102.769247,100.884615,101.937649,101.937649,6452194,finance,True
2025-06-27,BRAV,102.518901,103.978789,101.59371,102.911762,102.911762,6407222,finance,True
2025-06-30,BRAV,102.235363,103.366112,101.96492,102.181594,102.181594,1696738,finance,True
2025-07-01,BRAV,102.051673,102.961847,101.915103,102.439644,102.439644,2450950,finance,True
2025-07-02,BRAV,102.1063,102.553896,101.35256,101.845542,101.845542,3654990,finance,True
2025-07-03,BRAV,101.269757,101.564801,100.887104,101.416164,101.416164,7059466,finance,True
2025-07-04,BRAV,101.97169,103.305408,100.836908,102.097863,102.097863,2185972,finance,True
2025-07-07,BRAV,101.364077,102.320349,100.201699,101.153654,101.153654,6037238,finance,True
2025-07-08,BRAV,99.977919,100.076993,99.050078,99.983288,99.983288,3279548,finance,True
2025-07-09,BRAV,100.808697,100.895512,100.251844,100.61779,100.61779,4886624,finance,True
2025-07-10,BRAV,100.833064,101.434197,99.729147,100.690447,100.690447,7277546,finance,True
2025-07-11,BRAV,101.03514,101.607284,100.161127,101.319274,101.319274,5170920,finance,True
2025-07-14,BRAV,101.808263,102.295505,100.835209,101.832149,101.832149,3056798,finance,True
2025-07-15,BRAV,101.393773,101.953069,100.709104,101.649374,101.649374,6406570,finance,True
2025-07-16,BRAV,101.846794,102.485168,101.039615,101.480925,101.480925,4922254,finance,True
2025-07-17,BRAV,102.057017,102.87856,101.415624,101.822605,101.822605,2161306,finance,True
2025-07-18,BRAV,102.338888,102.60983,101.84279,102.375268,102.375268,7318838,finance,True
2025-07-21,BRAV,101.373004,101.883319,100.825372,101.321196,101.321196,1931092,finance,True
2025-07-22,BRAV,102.620229,103.445178,101.376297,102.398659,102.398659,5564534,finance,True
2025-07-23,BRAV,103.648114,104.740753,103.529952,103.67693,103.67693,5133608,finance,True
2025-07-24,BRAV,102.676418,103.800496,102.138588,102.696629,102.696629,1086596,finance,True
2025-07-25,BRAV,102.319001,102.672776,101.812679,102.233082,102.233082,6123446,finance,True
2025-07-28,BRAV,102.773414,102.918293,101.999227,102.580244,102.580244,2560200,finance,True
2025-07-29,BRAV,103.327433,104.349888,101.924597,102.881463,102.881463,6290928,finance,True
2025-07-30,BRAV,103.164991,104.144547,102.374033,102.598298,102.598298,5640600,finance,True
2025-07-31,BRAV,102.905686,103.240118,102.749254,103.074798,103.074798,3898612,finance,True
2025-08-01,BRAV,102.543744,103.233126,102.181704,102.435656,102.435656,2272120,finance,True
2025-08-04,BRAV,102.841665,103.922816,102.46826,102.919459,102.919459,2907144,finance,True
2025-08-05,BRAV,104.287403,104.607871,102.886772,103.967734,103.967734,7416848,finance,True
2025-08-06,BRAV,104.243923,105.185582,102.999032,104.588954,104.588954,2816618,finance,True
2025-08-07,BRAV,105.160929,105.481544,104.264626,105.371231,105.371231,3700670,finance,True
2025-08-08,BRAV,104.832272,105.177325,104.386265,104.964358,104.964358,6642656,finance,True
2025-08-11,BRAV,106.665072,107.198523,105.959543,106.848657,106.848657,5338756,finance,True
2025-08-12,BRAV,106.543289,106.723902,105.830422,106.527473,106.527473,7574448,finance,True
2025-08-13,BRAV,105.807077,106.251243,104.747779,105.805268,105.805268,7801076,finance,True
2025-08-14,BRAV,105.53179,106.0585,104.696566,105.278007,105.278007,5509100,finance,True
2025-08-15,BRAV,104.724218,105.430796,104.38207,104.872823,104.872823,7681828,finance,True
2025-08-18,BRAV,105.717734,106.808599,105.387704,105.48283,105.48283,1955440,finance,True
2025-08-19,BRAV,104.978883,106.251048,104.272829,105.071499,105.071499,1572346,finance,True
2025-08-20,BRAV,106.352713,107.164587,105.230019,105.778969,105.778969,7848620,finance,True
2025-08-21,BRAV,105.578239,105.687752,104.533499,105.31114,105.31114,3797768,finance,True
2025-08-22,BRAV,104.151193,104.849243,102.982662,103.739773,103.739773,2296020,finance,True
2025-08-25,BRAV,103.948725,105.189109,102.733369,103.777876,103.777876,913064,finance,True
2025-08-26,BRAV,102.313699,102.905896,101.924853,102.502278,102.502278,7030172,finance,True
2025-08-27,BRAV,101.878138,102.863457,101.452892,101.809226,101.809226,5437328,finance,True
2025-08-28,BRAV,102.42823,102.819819,101.96037,102.362544,102.362544,5910250,finance,True
2025-08-29,BRAV,103.184805,103.898914,101.467996,102.699942,102.699942,5002750,finance,True
2025-09-01,BRAV,102.61004,103.192524,101.926803,102.737855,102.737855,844000,finance,True
2025-09-02,BRAV,102.384139,102.579674,101.598906,102.234849,102.234849,2250506,finance,True
2025-09-03,BRAV,101.160435,102.059182,100.443649,101.551597,101.551597,7095986,finance,True
2025-09-04,BRAV,101.767457,102.802833,101.301753,101.953345,101.953345,7146178,finance,True
2025-09-05,BRAV,101.354288,102.61795,101.261641,101.568457,101.568457,6752140,finance,True
2025-09-08,BRAV,101.939274,102.967058,100.992069,101.934105,101.934105,3289660,finance,True
2025-09-09,BRAV,101.630082,102.590363,100.685977,101.861118,101.861118,5771132,finance,True
2025-09-10,BRAV,102.117266,102.928271,101.587514,101.881188,101.881188,7946770,finance,True
2025-09-11,BRAV,101.533865,101.87281,100.345688,101.367148,101.367148,6637880,finance,True
2025-09-12,BRAV,101.665411,101.813052,101.134017,101.50144,101.50144,2581622,finance,True
2025-09-15,BRAV,100.915618,101.245488,100.146848,100.960495,100.960495,4109206,finance,True
2025-09-16,BRAV,100.525785,102.145205,100.179155,101.076048,101.076048,2864306,finance,True
2025-09-17,BRAV,100.490449,101.402624,99.296318,100.412262,100.412262,5358060,finance,True
2025-09-18,BRAV,99.969225,100.872547,98.96125,100.118737,100.118737,2447540,finance,True
2025-09-19,BRAV,98.726003,99.8837,98.473396,99.003905,99.003905,5710142,finance,True
2025-09-22,BRAV,98.790526,98.852852,98.454664,98.580908,98.580908,6658792,finance,True
2025-09-23,BRAV,98.223992,98.431716,98.043589,98.371002,98.371002,5636364,finance,True
2025-09-24,BRAV,98.30973,98.475358,97.335531,97.953216,97.953216,2226792,finance,True
2025-09-25,BRAV,97.561983,98.206749,96.933527,97.371467,97.371467,6273438,finance,True
2025-09-26,BRAV,98.03773,98.225712,97.298338,97.725592,97.725592,7462162,finance,True
2025-09-29,BRAV,96.154069,97.635865,95.591157,96.717975,96.717975,4809494,finance,True
2025-09-30,BRAV,96.480381,97.240918,96.00691,96.118135,96.118135,2127636,finance,True
2025-10-01,BRAV,95.585253,96.385806,95.025913,95.531238,95.531238,4490142,finance,True
2025-10-02,BRAV,95.167385,96.508597,94.357723,95.498439,95.498439,3078620,finance,True
2025-10-03,BRAV,95.119711,96.160136,94.409643,94.935999,94.935999,5832062,finance,True
2025-10-06,BRAV,94.767882,95.183397,94.196923,94.951763,94.951763,2797354,finance,True
2025-10-07,BRAV,95.752939,96.505902,94.813723,95.407965,95.407965,3040030,finance,True
2025-10-08,BRAV,94.887189,95.560103,93.975932,95.038245,95.038245,6959016,finance,True
2025-10-09,BRAV,95.780545,96.152311,95.42934,95.667745,95.667745,5391340,finance,True
2025-10-10,BRAV,96.280079,97.19133,95.40388,96.287352,96.287352,6610640,finance,True
2025-10-13,BRAV,95.525946,96.583699,94.792668,95.766827,95.766827,2347136,finance,True
2025-10-14,BRAV,95.46584,96.295068,94.461671,95.658319,95.658319,5024916,finance,True
2025-10-15,BRAV,95.211942,96.60511,94.310934,95.496459,95.496459,5617484,finance,True
2025-10-16,BRAV,96.611549,97.241813,96.13736,96.941425,96.941425,2208258,finance,True
2025-10-17,BRAV,97.317912,97.677095,96.484414,97.355945,97.355945,1887088,finance,True
2025-10-20,BRAV,98.484224,98.721456,97.325818,98.013777,98.013777,5549064,finance,True
2025-10-21,BRAV,97.867781,99.246117,96.762025,98.069952,98.069952,6409792,finance,True
2025-10-22,BRAV,98.202494,98.783282,97.687129,98.274068,98.274068,4313402,finance,True
2025-10-23,BRAV,98.284033,99.384786,97.63316,98.045929,98.045929,4875598,finance,True
2025-10-24,BRAV,97.860988,98.975311,97.138842,98.025863,98.025863,5754356,finance,True
2025-10-27,BRAV,97.164996,97.376609,96.729545,97.304926,97.304926,3514242,finance,True
2025-10-28,BRAV,97.578298,98.249887,96.877857,97.719998,97.719998,3695012,finance,True
2025-10-29,BRAV,99.126107,99.897413,98.450669,98.760442,98.760442,6956258,finance,True
2025-10-30,BRAV,98.159591,98.765011,97.764812,98.248952,98.248952,1701034,finance,True
2025-10-31,BRAV,98.15469,98.901532,97.562264,97.849364,97.849364,4899136,finance,True
2025-11-03,BRAV,96.689827,97.183926,95.239859,96.356341,96.356341,6664250,finance,True
2025-11-04,BRAV,96.193837,96.685603,95.130558,96.092195,96.092195,5053962,finance,True
2025-11-05,BRAV,96.726799,97.174182,95.692354,96.293079,96.293079,2566074,finance,True
2025-11-06,BRAV,96.036065,97.318991,95.469417,96.377188,96.377188,4214382,finance,True
2025-11-07,BRAV,96.910832,97.259341,96.429708,97.061123,97.061123,2357478,finance,True
2025-11-10,BRAV,97.234489,97.903061,96.058167,97.113871,97.113871,2867692,finance,True
2025-11-11,BRAV,95.914903,96.386231,95.301851,96.173014,96.173014,3392460,finance,True
2025-11-12,BRAV,97.657975,98.363242,96.443779,97.394016,97.394016,6670508,finance,True
2025-11-13,BRAV,96.970433,97.22723,95.81887,97.157972,97.157972,5718408,finance,True
2025-11-14,BRAV,96.868503,97.696111,96.081995,97.002631,97.002631,1735422,finance,True
2025-11-17,BRAV,96.606057,97.857109,96.012418,96.957369,96.957369,2445732,finance,True
2025-11-18,BRAV,96.188008,97.203988,95.595349,96.325935,96.325935,3185214,finance,True
2025-11-19,BRAV,97.074432,98.070417,96.578907,96.882569,96.882569,1652720,finance,True
2025-11-20,BRAV,97.099135,97.883464,96.401489,97.609219,97.609219,2303050,finance,True
2025-11-21,BRAV,98.120258,98.500778,97.272981,97.966722,97.966722,1083610,finance,True
2025-11-24,BRAV,99.131472,100.282799,97.505721,98.614103,98.614103,2095356,finance,True
2023-01-02,CRUX,106.559759,106.645045,105.329214,106.217786,106.217786,5784768,industry,True
2023-01-03,CRUX,107.443575,108.597345,106.989877,107.060714,107.060714,7262904,industry,True
2023-01-04,CRUX,107.699225,108.534803,106.354967,107.600792,107.600792,8761224,industry,True
2023-01-05,CRUX,107.226853,107.319267,106.633427,106.958231,106.958231,8362668,industry,True
2023-01-06,CRUX,107.285688,108.222311,106.397308,107.268848,107.268848,5925108,industry,True
2023-01-09,CRUX,107.200374,108.332843,106.375057,107.305989,107.305989,4635015,industry,True
2023-01-10,CRUX,107.618855,108.366167,107.374891,107.655558,107.655558,8108883,industry,True
2023-01-11,CRUX,108.092587,109.211679,108.021098,108.321213,108.321213,1474212,industry,True
2023-01-12,CRUX,107.890394,108.975525,106.702504,107.908659,107.908659,3869040,industry,True
2023-01-13,CRUX,105.963414,106.554621,104.79461,106.29206,106.29206,2512746,industry,True
2023-01-16,CRUX,105.948078,107.14523,105.021988,105.975348,105.975348,5881509,industry,True
2023-01-17,CRUX,105.96496,107.077452,105.815524,106.265473,106.265473,11764572,industry,True
2023-01-18,CRUX,107.424267,107.520514,107.214027,107.457855,107.457855,2824110,industry,True
2023-01-19,CRUX,107.613799,107.810371,106.238431,106.902412,106.902412,5342319,industry,True
2023-01-20,CRUX,107.42494,108.244855,106.478644,107.017186,107.017186,1166412,industry,True
2023-01-23,CRUX,107.250383,107.340598,106.054081,107.210862,107.210862,7275726,industry,True
2023-01-24,CRUX,109.187011,109.432628,108.018813,108.588092,108.588092,10928397,industry,True
2023-01-25,CRUX,108.74951,109.399986,107.609857,108.860214,108.860214,8954535,industry,True
2023-01-26,CRUX,108.244599,109.205365,107.290437,108.569562,108.569562,6903393,industry,True
2023-01-27,CRUX,108.713165,109.354739,108.617447,108.749898,108.749898,4582494,industry,True
2023-01-30,CRUX,110.214022,111.394916,110.077679,110.194224,110.194224,5054850,industry,True
2023-01-31,CRUX,110.291142,110.899425,108.918539,110.047542,110.047542,2280801,industry,True
2023-02-01,CRUX,109.986866,110.52686,109.188237,109.594175,109.594175,7442190,industry,True
2023-02-02,CRUX,109.615868,110.365459,109.074368,109.763182,109.763182,1467630,industry,True
2023-02-03,CRUX,109.688124,109.857503,108.970342,109.47342,109.47342,3288282,industry,True
2023-02-06,CRUX,108.306365,108.670218,106.924662,108.075058,108.075058,2572170,industry,True
2023-02-07,CRUX,108.410827,109.406645,107.34526,108.160093,108.160093,3631932,industry,True
2023-02-08,CRUX,107.648287,107.864803,107.206071,107.694615,107.694615,5105229,industry,True
2023-02-09,CRUX,107.361585,107.885882,106.478812,107.077411,107.077411,8044818,industry,True
2023-02-10,CRUX,107.183548,108.410984,106.475486,107.62206,107.62206,10472457,industry,True
2023-02-13,CRUX,107.174024,108.353886,107.070551,107.482461,107.482461,11161539,industry,True
2023-02-14,CRUX,108.562074,109.504719,108.21328,108.360473,108.360473,10512411,industry,True
2023-02-15,CRUX,108.269193,109.139748,107.174836,107.820985,107.820985,5335386,industry,True
2023-02-16,CRUX,106.578954,107.295247,106.078146,106.570359,106.570359,7577064,industry,True
2023-02-17,CRUX,107.539548,108.023345,107.441759,107.736302,107.736302,3985200,industry,True
2023-02-20,CRUX,108.707431,109.099992,108.647288,109.025915,109.025915,6276951,industry,True
2023-02-21,CRUX,109.042387,110.254297,108.178508,109.187335,109.187335,2942955,industry,True
2023-02-22,CRUX,108.840229,110.307117,108.067217,109.088945,109.088945,1926000,industry,True
2023-02-23,CRUX,110.524469,111.546723,109.23603,110.583344,110.583344,4414071,industry,True
2023-02-24,CRUX,110.48812,111.427208,109.332491,110.507769,110.507769,3422232,industry,True
2023-02-27,CRUX,110.127402,110.61287,109.862449,110.41371,110.41371,1927566,industry,True
2023-02-28,CRUX,110.582862,111.358015,109.983411,110.594731,110.594731,8033280,industry,True
2023-03-01,CRUX,111.592607,111.722015,111.474076,111.542903,111.542903,6078546,industry,True
2023-03-02,CRUX,110.11897,111.744939,109.515609,110.48552,110.48552,7757736,industry,True
2023-03-03,CRUX,110.40712,110.793189,109.766494,110.668256,110.668256,4236441,industry,True
2023-03-06,CRUX,110.432903,111.480625,109.979669,111.079925,111.079925,9003468,industry,True
2023-03-07,CRUX,111.082779,111.175833,109.904008,110.781485,110.781485,4163718,industry,True
2023-03-08,CRUX,110.58039,111.367401,110.31625,110.888683,110.888683,11849622,industry,True
2023-03-09,CRUX,111.152024,112.059579,110.990936,111.109544,111.109544,11453739,industry,True
2023-03-10,CRUX,111.894989,113.072759,110.997902,111.521125,111.521125,9621033,industry,True
2023-03-13,CRUX,111.146001,112.321584,110.122039,111.239036,111.239036,4790673,industry,True
2023-03-14,CRUX,111.11625,111.589871,109.835902,110.954274,110.954274,9530913,industry,True
2023-03-15,CRUX,111.088402,111.744865,110.108302,111.440589,111.440589,9981792,industry,True
2023-03-16,CRUX,114.304087,114.522097,113.143958,113.583366,113.583366,1780887,industry,True
2023-03-17,CRUX,114.542694,115.991184,114.392019,114.684662,114.684662,7295982,industry,True
2023-03-20,CRUX,115.065776,115.301426,114.618148,114.764331,114.764331,2021208,industry,True
2023-03-21,CRUX,115.625686,115.823459,114.068732,115.290139,115.290139,7846440,industry,True
2023-03-22,CRUX,115.388681,116.036954,115.114564,115.689193,115.689193,5980014,industry,True
2023-03-23,CRUX,114.360869,114.594872,113.008907,114.355451,114.355451,5802279,industry,True
2023-03-24,CRUX,114.350668,114.945836,113.903837,114.395273,114.395273,6980370,industry,True
2023-03-27,CRUX,114.949721,115.442139,114.678573,114.806624,114.806624,4641945,industry,True
2023-03-28,CRUX,115.427033,116.617881,114.344315,115.433974,115.433974,6759687,industry,True
2023-03-29,CRUX,114.893108,116.295864,114.583929,115.249146,115.249146,5109126,industry,True
2023-03-30,CRUX,115.9197,116.39738,115.706876,116.031964,116.031964,1002168,industry,True
2023-03-31,CRUX,116.444464,116.729634,114.784836,116.154001,116.154001,11516922,industry,True
2023-04-03,CRUX,115.757013,116.409638,115.107825,115.495379,115.495379,8877981,industry,True
2023-04-04,CRUX,115.808641,116.871587,115.417305,115.557562,115.557562,11994882,industry,True
2023-04-05,CRUX,115.181025,116.287019,114.585424,115.437583,115.437583,1649763,industry,True
2023-04-06,CRUX,115.009748,115.933235,114.664637,114.771704,114.771704,2478948,industry,True
2023-04-07,CRUX,115.228682,116.20089,114.245484,115.75392,115.75392,4956387,industry,True
2023-04-10,CRUX,115.357955,115.948803,114.402187,115.51787,115.51787,11797131,industry,True
2023-04-11,CRUX,115.894077,116.649282,114.002484,115.224164,115.224164,10172472,industry,True
2023-04-12,CRUX,115.854684,116.846671,114.750831,115.989109,115.989109,9335970,industry,True
2023-04-13,CRUX,116.507239,118.173537,115.503683,116.847018,116.847018,9372618,industry,True
2023-04-14,CRUX,116.734977,117.277537,116.195289,116.517247,116.517247,8974020,industry,True
2023-04-17,CRUX,117.035048,118.445236,115.720576,117.297749,117.297749,6626643,industry,True
2023-04-18,CRUX,116.836278,117.790785,115.480008,116.591695,116.591695,11783796,industry,True
2023-04-19,CRUX,116.706025,117.953541,115.826276,116.449413,116.449413,9703716,industry,True
2023-04-20,CRUX,116.887971,117.599122,115.492406,116.581635,116.581635,1776501,industry,True
2023-04-21,CRUX,117.406139,118.092282,116.928683,117.078064,117.078064,3779751,industry,True
2023-04-24,CRUX,117.973143,118.236751,116.895497,117.514139,117.514139,11852166,industry,True
2023-04-25,CRUX,118.706864,119.140654,117.918724,118.15363,118.15363,10948380,industry,True
2023-04-26,CRUX,117.218132,117.750426,116.493613,117.446033,117.446033,8404995,industry,True
2023-04-27,CRUX,116.784191,118.156854,115.392667,117.104114,117.104114,2428263,industry,True
2023-04-28,CRUX,117.531265,118.309261,116.461107,117.398578,117.398578,2957805,industry,True
2023-05-01,CRUX,116.870232,118.109349,115.672499,116.6797,116.6797,4769118,industry,True
2023-05-02,CRUX,115.240083,115.984937,113.89121,115.186712,115.186712,10201920,industry,True
2023-05-03,CRUX,114.770483,115.821089,113.847335,114.972477,114.972477,3881505,industry,True
2023-05-04,CRUX,114.350987,114.652802,113.277595,114.113543,114.113543,2183790,industry,True
2023-05-05,CRUX,112.147693,112.677996,111.991391,112.59322,112.59322,4627194,industry,True
2023-05-08,CRUX,112.415739,112.852261,111.309113,112.720906,112.720906,11599407,industry,True
2023-05-09,CRUX,112.942943,113.550725,112.28979,112.840755,112.840755,10159221,industry,True
2023-05-10,CRUX,113.034314,114.23639,112.918696,113.266784,113.266784,9118884,industry,True
2023-05-11,CRUX,112.377664,113.570966,112.213298,112.909686,112.909686,6035103,industry,True
2023-05-12,CRUX,113.568274,115.325219,112.369061,114.02543,114.02543,9673956,industry,True
2023-05-15,CRUX,113.313068,114.347088,112.652854,113.250831,113.250831,1355991,industry,True
2023-05-16,CRUX,114.51251,114.752211,113.190653,114.614709,114.614709,1412676,industry,True
2023-05-17,CRUX,114.31848,114.658983,114.211657,114.57954,114.57954,9345180,industry,True
2023-05-18,CRUX,113.185374,114.430139,112.177067,113.135163,113.135163,8582586,industry,True
2023-05-19,CRUX,114.604842,114.684991,113.521235,114.514435,114.514435,8758368,industry,True
2023-05-22,CRUX,115.121384,115.291502,114.614801,115.007716,115.007716,7271292,industry,True
2023-05-23,CRUX,114.686892,115.773288,114.574755,114.976103,114.976103,2215626,industry,True
2023-05-24,CRUX,115.101369,115.740707,114.317758,114.741614,114.741614,11054541,industry,True
2023-05-25,CRUX,115.304194,115.808478,114.192042,115.049769,115.049769,6003102,industry,True
2023-05-26,CRUX,113.382941,114.614708,112.513531,113.884134,113.884134,1996239,industry,True
2023-05-29,CRUX,113.879499,114.263246,113.014984,113.841463,113.841463,10504161,industry,True
2023-05-30,CRUX,114.048695,115.081544,113.824274,114.381294,114.381294,9266124,industry,True
2023-05-31,CRUX,114.218855,114.572505,113.358234,114.106021,114.106021,10755303,industry,True
2023-06-01,CRUX,114.569629,115.615357,114.21249,114.352355,114.352355,3395916,industry,True
2023-06-02,CRUX,115.560491,116.511879,114.56015,115.405298,115.405298,6583506,industry,True
2023-06-05,CRUX,113.936398,114.62701,113.544207,114.044786,114.044786,9393453,industry,True
2023-06-06,CRUX,114.218719,115.188598,113.766324,113.986181,113.986181,11510862,industry,True
2023-06-07,CRUX,114.934286,115.099318,114.166914,114.763355,114.763355,1704321,industry,True
2023-06-08,CRUX,114.379435,114.661994,113.114041,114.00499,114.00499,9466533,industry,True
2023-06-09,CRUX,113.988095,114.878477,113.714065,114.085662,114.085662,2865999,industry,True
2023-06-12,CRUX,112.494108,112.967777,111.624609,112.698387,112.698387,5858076,industry,True
2023-06-13,CRUX,113.035619,113.713382,111.579628,112.807499,112.807499,2452308,industry,True
2023-06-14,CRUX,113.022924,113.469186,112.859762,113.074664,113.074664,3736269,industry,True
2023-06-15,CRUX,114.398584,115.55169,114.209637,114.502727,114.502727,9668460,industry,True
2023-06-16,CRUX,115.41901,115.81009,114.665135,115.514605,115.514605,1338651,industry,True
2023-06-19,CRUX,116.200367,117.111647,115.321357,115.736673,115.736673,6536685,industry,True
2023-06-20,CRUX,117.229391,118.492753,117.026873,117.094404,117.094404,5317644,industry,True
2023-06-21,CRUX,118.295205,119.573102,116.449551,117.591686,117.591686,7233942,industry,True
2023-06-22,CRUX,118.764545,119.433383,118.504078,118.913007,118.913007,8086326,industry,True
2023-06-23,CRUX,118.764187,120.114338,118.065274,118.594095,118.594095,1822410,industry,True
2023-06-26,CRUX,119.495763,119.783376,118.963367,119.197499,119.197499,3701733,industry,True
2023-06-27,CRUX,118.81488,119.415428,117.307219,118.600298,118.600298,8393127,industry,True
2023-06-28,CRUX,119.359657,120.677814,118.664863,119.150111,119.150111,10892472,industry,True
2023-06-29,CRUX,118.945571,119.905948,118.397242,119.069669,119.069669,4380027,industry,True
2023-06-30,CRUX,119.52809,119.976231,118.531301,119.701322,119.701322,3202026,industry,True
2023-07-03,CRUX,119.226925,119.887125,118.348176,118.888412,118.888412,6282756,industry,True
2023-07-04,CRUX,119.904807,121.275492,119.064769,119.826353,119.826353,8715762,industry,True
2023-07-05,CRUX,120.295855,121.207274,120.040019,120.325049,120.325049,11795748,industry,True
2023-07-06,CRUX,121.271305,121.438594,121.013487,121.114094,121.114094,8161974,industry,True
2023-07-07,CRUX,119.429537,120.663893,119.168076,119.769477,119.769477,2539674,industry,True
2023-07-10,CRUX,119.707404,121.325465,118.926675,119.959492,119.959492,11333091,industry,True
2023-07-11,CRUX,121.071618,122.292947,119.70754,121.286347,121.286347,5152332,industry,True
2023-07-12,CRUX,120.296307,120.933248,119.080392,120.286864,120.286864,5236632,industry,True
2023-07-13,CRUX,120.552626,120.938443,119.214259,120.324886,120.324886,10056471,industry,True
2023-07-14,CRUX,118.897816,119.681332,118.723112,119.043424,119.043424,5485806,industry,True
2023-07-17,CRUX,119.790833,120.591147,118.32736,119.748686,119.748686,7914369,industry,True
2023-07-18,CRUX,120.702763,121.531045,119.273206,120.375454,120.375454,9270981,industry,True
2023-07-19,CRUX,120.055913,121.035468,119.324839,120.386774,120.386774,10247865,industry,True
2023-07-20,CRUX,120.431501,121.045307,119.583981,120.896374,120.896374,10393290,industry,True
2023-07-21,CRUX,120.084143,120.841092,119.54477,119.967825,119.967825,2093631,industry,True
2023-07-24,CRUX,121.348474,122.552371,120.413941,121.167556,121.167556,8992272,industry,True
2023-07-25,CRUX,121.7292,122.268828,121.070636,121.743858,121.743858,7620075,industry,True
2023-07-26,CRUX,121.33281,122.823602,120.177604,121.436744,121.436744,3242499,industry,True
2023-07-27,CRUX,121.985738,123.136485,120.559154,122.00822,122.00822,2493906,industry,True
2023-07-28,CRUX,122.394796,123.452293,121.385298,122.458716,122.458716,8230896,industry,True
2023-07-31,CRUX,122.789316,123.373013,122.606721,122.812662,122.812662,7180227,industry,True
2023-08-01,CRUX,122.855691,123.917963,121.532492,122.561907,122.561907,9768423,industry,True
2023-08-02,CRUX,124.065398,124.492584,123.293215,123.899308,123.899308,10393437,industry,True
2023-08-03,CRUX,125.324941,126.478509,125.053197,125.255557,125.255557,2686809,industry,True
2023-08-04,CRUX,125.883307,127.071737,125.316282,125.55152,125.55152,6581910,industry,True
2023-08-07,CRUX,126.691547,127.571005,124.919349,126.401816,126.401816,8544336,industry,True
2023-08-08,CRUX,125.6481,126.958569,125.459104,125.652502,125.652502,11509605,industry,True
2023-08-09,CRUX,125.178295,126.302674,123.611524,125.053968,125.053968,4924995,industry,True
2023-08-10,CRUX,125.25251,126.17897,124.530894,125.38387,125.38387,2647479,industry,True
2023-08-11,CRUX,125.662158,127.399694,125.098912,126.107652,126.107652,6378876,industry,True
2023-08-14,CRUX,126.335596,127.129761,125.200141,126.797769,126.797769,6805197,industry,True
2023-08-15,CRUX,127.729868,128.241763,126.812256,127.351127,127.351127,7394706,industry,True
2023-08-16,CRUX,128.89642,129.659746,128.150172,128.864381,128.864381,5775747,industry,True
2023-08-17,CRUX,128.163847,128.564542,127.425491,128.344775,128.344775,5810892,industry,True
2023-08-18,CRUX,128.118595,129.296424,127.122105,128.012767,128.012767,7825815,industry,True
2023-08-21,CRUX,127.689372,127.807282,127.08644,127.513438,127.513438,8381880,industry,True
2023-08-22,CRUX,128.187205,129.833967,127.266023,128.357495,128.357495,11503038,industry,True
2023-08-23,CRUX,128.55516,128.929474,127.640558,128.786218,128.786218,5694282,industry,True
2023-08-24,CRUX,129.603242,130.644116,127.50195,128.848563,128.848563,8616288,industry,True
2023-08-25,CRUX,128.201889,128.888492,126.990558,128.195446,128.195446,7396722,industry,True
2023-08-28,CRUX,128.077525,129.736873,126.813961,128.301715,128.301715,2761926,industry,True
2023-08-29,CRUX,127.188616,128.652938,126.364353,127.121457,127.121457,11174940,industry,True
2023-08-30,CRUX,127.584815,128.321779,127.03226,127.626488,127.626488,5855085,industry,True
2023-08-31,CRUX,127.105303,129.085702,126.351067,127.908015,127.908015,6559035,industry,True
2023-09-01,CRUX,129.084727,130.196049,128.617602,129.074909,129.074909,3376467,industry,True
2023-09-04,CRUX,129.721319,130.217812,127.916528,129.320981,129.320981,9005319,industry,True
2023-09-05,CRUX,128.748605,129.260063,127.148728,128.537125,128.537125,11446236,industry,True
2023-09-06,CRUX,127.630934,128.808029,127.159905,127.268413,127.268413,8138799,industry,True
2023-09-07,CRUX,128.266442,128.731906,127.819161,128.218556,128.218556,7441674,industry,True
2023-09-08,CRUX,128.273474,129.191767,126.718857,127.96463,127.96463,8357475,industry,True
2023-09-11,CRUX,127.830606,128.808345,126.683436,127.550375,127.550375,11995692,industry,True
2023-09-12,CRUX,125.196274,126.646124,124.623548,125.558727,125.558727,10225599,industry,True
2023-09-13,CRUX,126.531249,127.680267,124.757546,126.134281,126.134281,10667031,industry,True
2023-09-14,CRUX,126.334721,128.907911,126.229372,127.466531,127.466531,7852965,industry,True
2023-09-15,CRUX,128.177155,128.320289,126.790565,128.135396,128.135396,8059887,industry,True
2023-09-18,CRUX,127.272442,128.470724,126.978564,127.575311,127.575311,8631285,industry,True
2023-09-19,CRUX,128.575292,129.67793,127.21598,128.428116,128.428116,11630871,industry,True
2023-09-20,CRUX,130.362843,131.786563,129.183496,129.782191,129.782191,10257195,industry,True
2023-09-21,CRUX,129.259252,131.05864,128.931467,129.708634,129.708634,4689726,industry,True
2023-09-22,CRUX,129.846612,131.261057,129.023839,129.555866,129.555866,10924224,industry,True
2023-09-25,CRUX,127.647396,129.381143,127.080366,127.922199,127.922199,2308392,industry,True
2023-09-26,CRUX,128.203473,128.475737,127.389007,127.988511,127.988511,5327787,industry,True
2023-09-27,CRUX,127.567654,127.860476,126.020788,127.314146,127.314146,4317372,industry,True
2023-09-28,CRUX,126.883913,128.002061,125.374445,126.817649,126.817649,1727766,industry,True
2023-09-29,CRUX,127.844406,129.207063,125.779252,127.273468,127.273468,3652488,industry,True
2023-10-02,CRUX,127.93604,128.36333,127.088283,127.76339,127.76339,2202621,industry,True
2023-10-03,CRUX,128.90795,129.70424,127.432546,129.058312,129.058312,7173537,industry,True
2023-10-04,CRUX,128.714276,129.522527,128.492317,128.725378,128.725378,7083612,industry,True
2023-10-05,CRUX,127.224307,127.973608,125.879618,127.776827,127.776827,6273717,industry,True
2023-10-06,CRUX,128.184496,129.27544,126.714974,127.6403,127.6403,6174549,industry,True
2023-10-09,CRUX,125.940594,126.204405,125.668986,125.929452,125.929452,9185754,industry,True
2023-10-10,CRUX,126.143861,126.419354,125.291312,125.933953,125.933953,2390802,industry,True
2023-10-11,CRUX,124.511832,125.526365,123.705388,124.556749,124.556749,8900454,industry,True
2023-10-12,CRUX,123.944577,124.289043,122.740246,123.801245,123.801245,6709221,industry,True
2023-10-13,CRUX,122.762535,123.574055,121.532377,123.072724,123.072724,8410824,industry,True
2023-10-16,CRUX,122.030691,123.078616,121.404168,122.558844,122.558844,7049805,industry,True
2023-10-17,CRUX,124.352123,125.326431,122.839624,124.206145,124.206145,5007081,industry,True
2023-10-18,CRUX,123.282704,123.981816,121.971999,123.020315,123.020315,11321973,industry,True
2023-10-19,CRUX,122.687584,123.725659,121.441193,123.564247,123.564247,7016406,industry,True
2023-10-20,CRUX,121.742792,123.198892,121.648672,121.809238,121.809238,10388580,industry,True
2023-10-23,CRUX,121.45195,122.537353,120.078759,121.295615,121.295615,3852504,industry,True
2023-10-24,CRUX,122.936513,124.046495,121.763812,122.36646,122.36646,10472925,industry,True
2023-10-25,CRUX,123.045543,124.648194,122.245347,123.620496,123.620496,980976,industry,True
2023-10-26,CRUX,123.002258,124.143603,122.228353,122.816305,122.816305,3651567,industry,True
2023-10-27,CRUX,122.872315,123.662776,122.692012,122.877953,122.877953,8406531,industry,True
2023-10-30,CRUX,121.487412,121.812166,120.597342,121.419492,121.419492,6930525,industry,True
2023-10-31,CRUX,122.035364,123.906354,121.223203,122.668924,122.668924,10220724,industry,True
2023-11-01,CRUX,123.06757,124.295086,121.982207,123.250106,123.250106,7826187,industry,True
2023-11-02,CRUX,123.6754,124.004875,122.479962,123.811408,123.811408,9133905,industry,True
2023-11-03,CRUX,123.763328,124.306908,123.383682,123.783976,123.783976,6012606,industry,True
2023-11-06,CRUX,123.254987,123.491719,122.372874,123.015417,123.015417,3885411,industry,True
2023-11-07,CRUX,124.268676,124.517346,122.935183,123.427005,123.427005,4083243,industry,True
2023-11-08,CRUX,125.053754,125.806196,124.23289,125.167499,125.167499,6529707,industry,True
2023-11-09,CRUX,125.39392,126.728966,124.167233,125.624892,125.624892,2256732,industry,True
2023-11-10,CRUX,125.468611,126.049175,124.656336,125.422682,125.422682,10216929,industry,True
2023-11-13,CRUX,124.777855,125.623726,124.478323,125.272544,125.272544,8011605,industry,True
2023-11-14,CRUX,125.556219,127.256064,124.69606,125.830188,125.830188,5392983,industry,True
2023-11-15,CRUX,125.450054,125.674413,124.400665,125.149933,125.149933,11630385,industry,True
2023-11-16,CRUX,126.136703,127.230818,123.977343,125.43935,125.43935,7270470,industry,True
2023-11-17,CRUX,126.671769,126.777709,126.138479,126.297116,126.297116,3463791,industry,True
2023-11-20,CRUX,126.686346,128.031857,126.611089,126.983331,126.983331,6113574,industry,True
2023-11-21,CRUX,125.067104,126.762629,124.923801,125.327678,125.327678,10648893,industry,True
2023-11-22,CRUX,124.763543,125.770112,123.461004,124.944871,124.944871,9878946,industry,True
2023-11-23,CRUX,125.466478,125.670312,123.839045,125.242967,125.242967,7982181,industry,True
2023-11-24,CRUX,124.720901,125.903357,124.254784,124.553355,124.553355,7919160,industry,True
2023-11-27,CRUX,124.306502,125.754134,123.66799,124.397474,124.397474,963795,industry,True
2023-11-28,CRUX,123.559166,124.483993,122.247199,123.687148,123.687148,2841396,industry,True
2023-11-29,CRUX,123.781198,124.805679,123.006385,123.924782,123.924782,5149428,industry,True
2023-11-30,CRUX,124.231737,124.577901,123.192055,124.004928,124.004928,6957510,industry,True
2023-12-01,CRUX,124.220847,125.427786,123.868863,124.947088,124.947088,1778544,industry,True
2023-12-04,CRUX,126.482875,127.298937,124.515203,125.93709,125.93709,11509923,industry,True
2023-12-05,CRUX,126.051132,127.144506,125.427357,126.054364,126.054364,5611269,industry,True
2023-12-06,CRUX,126.443815,128.085607,126.164603,126.603769,126.603769,7735308,industry,True
2023-12-07,CRUX,126.383652,126.880106,125.821842,126.322012,126.322012,8648169,industry,True
2023-12-08,CRUX,127.266915,128.556594,126.473521,127.736307,127.736307,9429651,industry,True
2023-12-11,CRUX,127.743981,128.172988,127.27538,127.719137,127.719137,3130962,industry,True
2023-12-12,CRUX,127.596163,128.608829,127.199066,127.434578,127.434578,7285857,industry,True
2023-12-13,CRUX,128.895642,129.767596,127.644938,128.071691,128.071691,10367973,industry,True
2023-12-14,CRUX,126.829157,128.224612,125.463094,127.244307,127.244307,8940498,industry,True
2023-12-15,CRUX,127.239413,128.6551,125.803639,127.446185,127.446185,10584426,industry,True
2023-12-18,CRUX,126.373618,127.77506,125.607137,126.337851,126.337851,3521394,industry,True
2023-12-19,CRUX,125.854189,126.212178,125.117395,125.97214,125.97214,9893241,industry,True
2023-12-20,CRUX,125.301153,125.535673,123.853063,125.44062,125.44062,7867230,industry,True
2023-12-21,CRUX,124.822615,125.490841,124.000897,124.972845,124.972845,1512486,industry,True
2023-12-22,CRUX,124.59227,125.410616,123.219018,124.960441,124.960441,7816476,industry,True
2023-12-25,CRUX,126.102538,126.626224,124.484862,125.966721,125.966721,3816075,industry,True
2023-12-26,CRUX,125.520303,126.382358,125.246711,125.727423,125.727423,8303730,industry,True
2023-12-27,CRUX,127.193282,128.589183,125.959233,127.149904,127.149904,4776852,industry,True
2023-12-28,CRUX,128.202261,128.393217,127.518894,128.041426,128.041426,5329191,industry,True
2023-12-29,CRUX,126.792418,127.649588,125.771347,126.781433,126.781433,10231683,industry,True
2024-01-01,CRUX,126.994716,128.272695,126.754492,126.830136,126.830136,4538928,industry,True
2024-01-02,CRUX,127.901924,128.889039,127.270228,127.917008,127.917008,6714429,industry,True
2024-01-03,CRUX,128.917025,130.250585,128.484924,128.808796,128.808796,7550109,industry,True
2024-01-04,CRUX,127.919142,128.367484,127.05493,128.190879,128.190879,8403993,industry,True
2024-01-05,CRUX,127.983482,129.350163,126.790159,128.042815,128.042815,8165871,industry,True
2024-01-08,CRUX,128.113424,128.496662,126.75057,127.92298,127.92298,4945506,industry,True
2024-01-09,CRUX,129.624368,130.336186,129.412186,129.754734,129.754734,9158487,industry,True
2024-01-10,CRUX,129.928935,131.235209,128.984033,129.622429,129.622429,4074591,industry,True
2024-01-11,CRUX,130.47963,131.235044,129.391274,130.266038,130.266038,1980096,industry,True
2024-01-12,CRUX,130.192938,130.923766,129.334488,130.256078,130.256078,2891970,industry,True
2024-01-15,CRUX,129.94335,130.831671,129.153616,129.411757,129.411757,4456761,industry,True
2024-01-16,CRUX,129.618836,131.316092,128.305189,129.843637,129.843637,9990717,industry,True
2024-01-17,CRUX,128.219775,129.717246,127.525297,128.246026,128.246026,7098954,industry,True
2024-01-18,CRUX,129.031688,129.985664,127.580355,128.856561,128.856561,6731931,industry,True
2024-01-19,CRUX,129.28632,129.494065,128.184667,129.0785,129.0785,5182242,industry,True
2024-01-22,CRUX,129.243446,130.994417,129.014485,129.964922,129.964922,4601016,industry,True
2024-01-23,CRUX,131.301472,132.697815,129.836227,131.122704,131.122704,1346352,industry,True
2024-01-24,CRUX,132.056398,133.042691,131.183049,131.863466,131.863466,1470225,industry,True
2024-01-25,CRUX,132.789884,133.123226,131.733266,132.872528,132.872528,10238157,industry,True
2024-01-26,CRUX,132.400688,134.080042,131.235978,132.50636,132.50636,5944848,industry,True
2024-01-29,CRUX,131.853501,132.765649,130.690734,131.891975,131.891975,4322658,industry,True
2024-01-30,CRUX,130.612103,131.482388,129.583659,130.779247,130.779247,5524713,industry,True
2024-01-31,CRUX,129.787223,130.594641,128.442567,129.637876,129.637876,9399219,industry,True
2024-02-01,CRUX,128.572239,130.426771,127.718948,128.913221,128.913221,8063181,industry,True
2024-02-02,CRUX,128.809956,129.775891,127.549117,128.792162,128.792162,11774382,industry,True
2024-02-05,CRUX,129.42422,129.787481,128.366532,129.66105,129.66105,2509386,industry,True
2024-02-06,CRUX,130.208625,131.627448,128.760936,129.851458,129.851458,9306750,industry,True
2024-02-07,CRUX,129.966283,131.369795,129.198915,130.075324,130.075324,7662096,industry,True
2024-02-08,CRUX,131.38833,132.024504,129.868803,131.177878,131.177878,4136205,industry,True
2024-02-09,CRUX,129.897192,131.499015,129.400792,129.998261,129.998261,9572640,industry,True
2024-02-12,CRUX,129.859217,130.365763,129.582808,129.804709,129.804709,2978886,industry,True
2024-02-13,CRUX,130.623094,132.538614,129.248031,131.382038,131.382038,3643881,industry,True
2024-02-14,CRUX,132.127252,132.369122,131.689703,131.901887,131.901887,6815316,industry,True
2024-02-15,CRUX,131.79582,133.223666,130.723788,131.972576,131.972576,4118637,industry,True
2024-02-16,CRUX,134.43834,134.973167,133.064999,134.883367,134.883367,6806163,industry,True
2024-02-19,CRUX,135.591922,136.650604,135.294159,135.613111,135.613111,6447600,industry,True
2024-02-20,CRUX,136.925199,137.467195,134.991089,136.428304,136.428304,10535715,industry,True
2024-02-21,CRUX,136.294181,137.497753,134.760773,136.744674,136.744674,8385375,industry,True
2024-02-22,CRUX,136.652785,136.989121,135.805615,136.66134,136.66134,11938293,industry,True
2024-02-23,CRUX,137.579369,138.818076,135.820097,137.193451,137.193451,7479300,industry,True
2024-02-26,CRUX,135.687929,136.556309,134.658921,135.721658,135.721658,2868498,industry,True
2024-02-27,CRUX,137.285513,137.702553,136.912808,137.224016,137.224016,1606515,industry,True
2024-02-28,CRUX,138.009849,138.466473,137.197932,137.353262,137.353262,2030445,industry,True
2024-02-29,CRUX,136.945339,138.080485,135.502771,136.688827,136.688827,10768953,industry,True
2024-03-01,CRUX,135.674023,136.583693,135.235757,135.701734,135.701734,5045511,industry,True
2024-03-04,CRUX,135.252889,136.798149,134.167735,135.555054,135.555054,10223598,industry,True
2024-03-05,CRUX,135.292614,135.99772,134.26014,135.391252,135.391252,8960688,industry,True
2024-03-06,CRUX,136.08113,137.540891,134.851416,135.879863,135.879863,7614045,industry,True
2024-03-07,CRUX,135.720027,137.187514,134.219543,136.879181,136.879181,2308359,industry,True
2024-03-08,CRUX,135.187583,136.536398,133.611857,135.688888,135.688888,6735345,industry,True
2024-03-11,CRUX,137.412216,138.969434,136.803486,137.53275,137.53275,9524250,industry,True
2024-03-12,CRUX,137.983175,139.230608,136.867522,138.470174,138.470174,8558895,industry,True
2024-03-13,CRUX,139.510066,140.442183,138.30387,139.678113,139.678113,11491644,industry,True
2024-03-14,CRUX,140.822857,142.145932,140.122075,140.893105,140.893105,5410119,industry,True
2024-03-15,CRUX,141.629718,142.222554,139.950279,140.849763,140.849763,11654241,industry,True
2024-03-18,CRUX,140.717678,141.458263,139.402847,140.931507,140.931507,7524840,industry,True
2024-03-19,CRUX,140.036127,140.84085,138.610386,140.747485,140.747485,7438746,industry,True
2024-03-20,CRUX,140.198592,140.303846,138.324607,139.962256,139.962256,1413753,industry,True
2024-03-21,CRUX,142.200682,142.292151,141.870671,142.094312,142.094312,8511789,industry,True
2024-03-22,CRUX,143.080728,144.831385,142.628778,143.230987,143.230987,4776669,industry,True
2024-03-25,CRUX,143.591514,144.513482,142.08943,143.233379,143.233379,2263563,industry,True
2024-03-26,CRUX,142.330627,143.399745,141.998729,142.441362,142.441362,6153825,industry,True
2024-03-27,CRUX,142.226853,143.454058,141.099,141.830583,141.830583,4432035,industry,True
2024-03-28,CRUX,141.510017,142.961736,140.499062,141.159231,141.159231,9812472,industry,True
2024-03-29,CRUX,141.06782,141.612468,139.973262,140.972627,140.972627,1222131,industry,True
2024-04-01,CRUX,139.277757,141.00067,138.809547,139.808845,139.808845,5331942,industry,True
2024-04-02,CRUX,139.197024,140.249117,137.354033,138.853969,138.853969,11101257,industry,True
2024-04-03,CRUX,138.43498,139.030317,136.231562,137.844088,137.844088,3158691,industry,True
2024-04-04,CRUX,137.921604,138.391217,137.260963,138.123267,138.123267,4986978,industry,True
2024-04-05,CRUX,139.33671,140.217743,138.934162,139.451498,139.451498,3322467,industry,True
2024-04-08,CRUX,139.888971,140.549312,138.772056,139.486305,139.486305,3897825,industry,True
2024-04-09,CRUX,138.18595,139.442953,137.354984,137.641715,137.641715,1885698,industry,True
2024-04-10,CRUX,136.555332,138.446539,136.04061,136.820238,136.820238,9468408,industry,True
2024-04-11,CRUX,136.370544,138.395478,134.814845,137.136611,137.136611,5912712,industry,True
2024-04-12,CRUX,137.112953,137.658012,136.293783,136.738989,136.738989,8232861,industry,True
2024-04-15,CRUX,136.745916,137.597622,135.119544,136.778396,136.778396,7880808,industry,True
2024-04-16,CRUX,133.510041,134.251407,132.21435,133.728236,133.728236,1861566,industry,True
2024-04-17,CRUX,133.127776,134.596695,131.94944,133.137383,133.137383,2411841,industry,True
2024-04-18,CRUX,132.872662,133.724548,132.667525,133.186686,133.186686,5953341,industry,True
2024-04-19,CRUX,134.102339,134.785345,133.091349,133.987314,133.987314,2752437,industry,True
2024-04-22,CRUX,133.836941,134.888085,132.747516,133.379271,133.379271,10936584,industry,True
2024-04-23,CRUX,132.536037,133.350861,131.465997,132.530128,132.530128,6773046,industry,True
2024-04-24,CRUX,130.965359,132.122053,129.462083,131.251501,131.251501,5750604,industry,True
2024-04-25,CRUX,130.740267,131.643308,129.387047,130.680536,130.680536,7298397,industry,True
2024-04-26,CRUX,130.877981,132.425898,130.145498,130.946042,130.946042,2512629,industry,True
2024-04-29,CRUX,130.964031,131.896819,130.81176,131.09533,131.09533,6339225,industry,True
2024-04-30,CRUX,132.473042,133.236751,131.532223,132.238957,132.238957,9720237,industry,True
2024-05-01,CRUX,132.324441,133.896653,131.28206,131.96258,131.96258,1054596,industry,True
2024-05-02,CRUX,131.981798,132.59964,131.479178,132.241226,132.241226,5908566,industry,True
2024-05-03,CRUX,132.161519,132.476366,131.444927,131.653478,131.653478,9159165,industry,True
2024-05-06,CRUX,131.80227,132.157945,130.56329,131.992943,131.992943,3820158,industry,True
2024-05-07,CRUX,132.692809,133.932473,131.346528,132.829193,132.829193,10167894,industry,True
2024-05-08,CRUX,132.397779,132.882861,131.53249,132.391354,132.391354,9936891,industry,True
2024-05-09,CRUX,130.758411,132.084979,130.271588,130.856891,130.856891,9449094,industry,True
2024-05-10,CRUX,131.175549,132.447519,129.576713,130.682975,130.682975,1113561,industry,True
2024-05-13,CRUX,131.286246,132.614055,129.959579,131.228506,131.228506,9289245,industry,True
2024-05-14,CRUX,131.455689,131.672731,131.129202,131.494036,131.494036,9705060,industry,True
2024-05-15,CRUX,132.252001,133.275835,131.184451,132.273215,132.273215,2900430,industry,True
2024-05-16,CRUX,130.779769,132.328163,129.884772,130.420418,130.420418,6673647,industry,True
2024-05-17,CRUX,131.951865,132.372529,131.001708,132.036774,132.036774,8913555,industry,True
2024-05-20,CRUX,131.247724,132.160731,130.944041,131.614438,131.614438,10056534,industry,True
2024-05-21,CRUX,132.471102,133.78399,131.392624,133.0107,133.0107,3367416,industry,True
2024-05-22,CRUX,132.842134,133.841387,132.298234,132.659311,132.659311,8939643,industry,True
2024-05-23,CRUX,132.183917,134.024202,131.395189,132.438423,132.438423,7796634,industry,True
2024-05-24,CRUX,134.171721,134.354262,132.345005,133.222131,133.222131,2014155,industry,True
2024-05-27,CRUX,133.55509,134.858445,133.442875,133.846949,133.846949,8228541,industry,True
2024-05-28,CRUX,133.756947,135.133077,132.725083,134.127704,134.127704,9520731,industry,True
2024-05-29,CRUX,135.071326,136.223777,133.321589,134.700226,134.700226,9005097,industry,True
2024-05-30,CRUX,133.279611,134.609147,132.542447,133.667256,133.667256,10411587,industry,True
2024-05-31,CRUX,133.175239,134.368422,131.669039,133.435952,133.435952,8717319,industry,True
2024-06-03,CRUX,134.085953,134.255491,132.924352,134.10282,134.10282,3243243,industry,True
2024-06-04,CRUX,133.123263,134.463359,132.846707,133.17871,133.17871,4272000,industry,True
2024-06-05,CRUX,133.953083,135.709781,132.894238,134.351687,134.351687,10153716,industry,True
2024-06-06,CRUX,133.894929,134.599485,132.463903,134.041779,134.041779,6089055,industry,True
2024-06-07,CRUX,134.639104,135.663503,134.19851,134.621128,134.621128,6761751,industry,True
2024-06-10,CRUX,135.489868,135.836771,134.82387,135.133058,135.133058,11522934,industry,True
2024-06-11,CRUX,136.299978,136.688097,136.065082,136.16392,136.16392,7132824,industry,True
2024-06-12,CRUX,135.85471,136.185677,133.843654,135.266902,135.266902,998322,industry,True
2024-06-13,CRUX,136.20288,137.191337,135.961283,136.109559,136.109559,5530950,industry,True
2024-06-14,CRUX,135.262375,136.623172,134.045017,135.422558,135.422558,7770882,industry,True
2024-06-17,CRUX,135.838184,136.54188,134.724166,135.551814,135.551814,5068836,industry,True
2024-06-18,CRUX,135.07862,135.925453,134.647692,135.284852,135.284852,5526171,industry,True
2024-06-19,CRUX,135.459262,136.476501,134.188234,135.831043,135.831043,2579562,industry,True
2024-06-20,CRUX,136.215612,136.918899,135.082812,136.048576,136.048576,3490122,industry,True
2024-06-21,CRUX,136.10706,136.978905,134.663492,135.95631,135.95631,4928382,industry,True
2024-06-24,CRUX,135.429532,136.583986,135.063895,135.280475,135.280475,8505696,industry,True
2024-06-25,CRUX,134.685292,135.548943,133.150764,134.743785,134.743785,8781918,industry,True
2024-06-26,CRUX,135.028121,136.137862,133.576734,135.215251,135.215251,4839123,industry,True
2024-06-27,CRUX,135.522022,137.013896,134.76406,135.370974,135.370974,3345897,industry,True
2024-06-28,CRUX,136.054898,137.466422,134.681848,135.723285,135.723285,11132829,industry,True
2024-07-01,CRUX,135.38805,136.190089,134.269779,135.047096,135.047096,7987398,industry,True
2024-07-02,CRUX,134.372421,135.882133,132.868358,135.051703,135.051703,9928596,industry,True
2024-07-03,CRUX,133.229874,134.194458,132.238805,132.747731,132.747731,5802261,industry,True
2024-07-04,CRUX,131.637939,132.566207,130.738584,132.14553,132.14553,8876004,industry,True
2024-07-05,CRUX,132.492652,132.933337,131.900303,132.311276,132.311276,3632973,industry,True
2024-07-08,CRUX,130.412732,130.88293,129.790172,130.347065,130.347065,4433091,industry,True
2024-07-09,CRUX,129.081366,130.88553,128.473401,129.521088,129.521088,9039636,industry,True
2024-07-10,CRUX,129.214081,130.394776,128.224118,129.545127,129.545127,11352168,industry,True
2024-07-11,CRUX,128.734015,130.016293,127.429128,128.544707,128.544707,8261964,industry,True
2024-07-12,CRUX,129.718183,130.925915,129.053817,129.555458,129.555458,10471317,industry,True
2024-07-15,CRUX,127.632374,128.905811,126.159345,127.474746,127.474746,7315386,industry,True
2024-07-16,CRUX,127.631097,128.615866,127.133014,127.29883,127.29883,11972415,industry,True
2024-07-17,CRUX,126.849494,128.330521,126.674666,126.790522,126.790522,9385461,industry,True
2024-07-18,CRUX,125.963945,126.835304,124.546379,126.56073,126.56073,1209573,industry,True
2024-07-19,CRUX,128.167316,129.473331,127.868576,128.396251,128.396251,5726934,industry,True
2024-07-22,CRUX,128.663592,129.175093,127.960754,128.762921,128.762921,6995532,industry,True
2024-07-23,CRUX,130.079746,130.600041,129.159234,130.076014,130.076014,8796423,industry,True
2024-07-24,CRUX,129.321982,130.765738,128.279779,129.461899,129.461899,3364212,industry,True
2024-07-25,CRUX,130.881693,132.384972,129.936287,130.490162,130.490162,8805126,industry,True
2024-07-26,CRUX,128.93882,129.692159,128.734549,129.37583,129.37583,10509336,industry,True
2024-07-29,CRUX,129.210926,130.681614,128.823078,129.121545,129.121545,6528423,industry,True
2024-07-30,CRUX,129.121638,129.803174,128.936263,129.354326,129.354326,2497755,industry,True
2024-07-31,CRUX,130.05328,131.338297,127.763588,129.207343,129.207343,7676223,industry,True
2024-08-01,CRUX,129.564585,130.880244,128.065569,129.242988,129.242988,6232401,industry,True
2024-08-02,CRUX,128.957854,129.780877,128.839873,129.108586,129.108586,9050091,industry,True
2024-08-05,CRUX,130.449075,131.784563,128.894327,129.820489,129.820489,9898329,industry,True
2024-08-06,CRUX,130.516131,131.780597,130.083414,130.942758,130.942758,4699164,industry,True
2024-08-07,CRUX,130.861753,132.299578,130.123331,131.343756,131.343756,4617819,industry,True
2024-08-08,CRUX,130.342435,131.761049,130.260558,130.978688,130.978688,3875952,industry,True
2024-08-09,CRUX,131.536901,132.608121,130.897601,132.088213,132.088213,8283546,industry,True
2024-08-12,CRUX,130.708402,131.213225,130.177794,130.929541,130.929541,3196587,industry,True
2024-08-13,CRUX,130.888014,131.338827,130.398857,130.978209,130.978209,11841405,industry,True
2024-08-14,CRUX,130.883294,132.037714,129.511731,130.699687,130.699687,2078778,industry,True
2024-08-15,CRUX,128.686493,130.782488,128.512525,129.257555,129.257555,5202990,industry,True
2024-08-16,CRUX,130.202929,131.696738,128.786923,129.838206,129.838206,5060010,industry,True
2024-08-19,CRUX,131.435894,132.311677,130.334854,130.928185,130.928185,2607396,industry,True
2024-08-20,CRUX,131.84258,132.56657,130.821422,131.69258,131.69258,8840211,industry,True
2024-08-21,CRUX,133.0076,133.88666,131.191359,132.489064,132.489064,11534223,industry,True
2024-08-22,CRUX,131.997867,132.50238,130.672351,131.920215,131.920215,3752934,industry,True
2024-08-23,CRUX,133.076041,134.20154,132.179961,132.955283,132.955283,3251736,industry,True
2024-08-26,CRUX,133.412169,133.62337,132.210146,133.192776,133.192776,8230122,industry,True
2024-08-27,CRUX,134.157304,135.613538,132.948133,133.636209,133.636209,8389002,industry,True
2024-08-28,CRUX,132.828768,133.625163,131.383089,132.769337,132.769337,1620372,industry,True
2024-08-29,CRUX,133.325688,134.586612,132.092485,133.387087,133.387087,8964456,industry,True
2024-08-30,CRUX,132.520832,134.23346,130.977516,132.832109,132.832109,8805378,industry,True
2024-09-02,CRUX,132.484778,132.683428,131.631318,132.572829,132.572829,9785025,industry,True
2024-09-03,CRUX,132.984007,133.491596,132.68944,133.021332,133.021332,1716633,industry,True
2024-09-04,CRUX,132.219888,133.312101,131.113072,132.267926,132.267926,8876073,industry,True
2024-09-05,CRUX,133.001773,133.549158,131.741866,133.250761,133.250761,2513517,industry,True
2024-09-06,CRUX,132.443168,133.727982,132.315929,132.790833,132.790833,2200005,industry,True
2024-09-09,CRUX,132.091209,133.712379,131.238701,132.24848,132.24848,10721832,industry,True
2024-09-10,CRUX,130.426907,130.810082,129.342207,130.732869,130.732869,1479465,industry,True
2024-09-11,CRUX,130.973776,132.32375,129.055827,130.529415,130.529415,1954584,industry,True
2024-09-12,CRUX,129.708308,129.851729,128.646814,129.700447,129.700447,6366174,industry,True
2024-09-13,CRUX,130.695264,131.179994,129.562575,130.158678,130.158678,1312902,industry,True
2024-09-16,CRUX,129.615077,131.158978,129.150465,129.513793,129.513793,3097839,industry,True
2024-09-17,CRUX,130.586946,130.720059,130.029918,130.596883,130.596883,2327439,industry,True
2024-09-18,CRUX,129.385475,130.37176,128.503172,129.649301,129.649301,10403133,industry,True
2024-09-19,CRUX,129.33083,129.847481,128.68628,129.390993,129.390993,4006881,industry,True
2024-09-20,CRUX,130.008912,131.151905,128.987885,130.211037,130.211037,9997884,industry,True
2024-09-23,CRUX,130.633709,131.858934,129.449379,130.649869,130.649869,5884980,industry,True
2024-09-24,CRUX,131.024436,131.109058,129.42872,130.528633,130.528633,10337199,industry,True
2024-09-25,CRUX,130.168404,131.186732,129.70378,130.527509,130.527509,5114544,industry,True
2024-09-26,CRUX,129.500492,130.550554,128.98377,129.062277,129.062277,9541962,industry,True
2024-09-27,CRUX,129.961523,130.827612,128.762486,129.699224,129.699224,8160069,industry,True
2024-09-30,CRUX,130.735734,131.230284,129.525183,131.049664,131.049664,3397602,industry,True
2024-10-01,CRUX,132.504527,133.043434,131.984475,132.331294,132.331294,7281903,industry,True
2024-10-02,CRUX,132.052894,133.43342,131.450577,132.051159,132.051159,2436867,industry,True
2024-10-03,CRUX,131.912692,132.859418,131.609426,131.997518,131.997518,11295723,industry,True
2024-10-04,CRUX,131.744529,132.933754,130.514923,131.599684,131.599684,11209335,industry,True
2024-10-07,CRUX,131.830311,132.74253,131.701668,131.886374,131.886374,10628391,industry,True
2024-10-08,CRUX,132.465986,133.05428,131.14649,132.82095,132.82095,6065838,industry,True
2024-10-09,CRUX,134.089983,134.555085,133.18943,133.574214,133.574214,1995489,industry,True
2024-10-10,CRUX,133.764604,134.740957,133.350783,133.7469,133.7469,7718253,industry,True
2024-10-11,CRUX,134.904759,135.526923,132.985096,134.411937,134.411937,6751497,industry,True
2024-10-14,CRUX,134.865613,135.827723,134.738863,134.886288,134.886288,2235957,industry,True
2024-10-15,CRUX,135.67774,136.236396,134.165973,135.973752,135.973752,8956851,industry,True
2024-10-16,CRUX,137.695179,139.016352,136.252382,137.797433,137.797433,6026754,industry,True
2024-10-17,CRUX,137.876243,138.418531,136.322588,138.314892,138.314892,3337425,industry,True
2024-10-18,CRUX,137.568459,138.657364,135.778577,137.301713,137.301713,3797559,industry,True
2024-10-21,CRUX,136.830841,137.516879,135.805373,136.920522,136.920522,11792883,industry,True
2024-10-22,CRUX,136.681517,137.649394,135.476439,137.086048,137.086048,4529670,industry,True
2024-10-23,CRUX,137.178394,137.63384,135.647961,136.735955,136.735955,7712481,industry,True
2024-10-24,CRUX,137.857818,139.107615,137.126698,137.939042,137.939042,9779496,industry,True
2024-10-25,CRUX,137.633463,137.708833,135.936736,137.497857,137.497857,2839653,industry,True
2024-10-28,CRUX,136.00984,136.627223,134.896459,136.067147,136.067147,10768461,industry,True
2024-10-29,CRUX,135.303174,136.747373,134.816879,135.66307,135.66307,8310792,industry,True
2024-10-30,CRUX,134.57598,135.144732,132.962462,135.019181,135.019181,9903108,industry,True
2024-10-31,CRUX,136.27293,136.79693,135.677484,136.454302,136.454302,11122845,industry,True
2024-11-01,CRUX,136.385512,136.689404,135.226546,135.871554,135.871554,2792694,industry,True
2024-11-04,CRUX,136.232117,136.604077,134.723349,135.895916,135.895916,5446299,industry,True
2024-11-05,CRUX,135.704771,137.045412,134.749583,135.674962,135.674962,5087421,industry,True
2024-11-06,CRUX,135.42078,136.821932,134.166849,135.451941,135.451941,2869371,industry,True
2024-11-07,CRUX,135.449857,135.738012,135.011698,135.201847,135.201847,9043059,industry,True
2024-11-08,CRUX,133.92005,135.310441,133.714216,133.846599,133.846599,8404302,industry,True
2024-11-11,CRUX,135.171145,135.838318,134.240768,135.537429,135.537429,7684332,industry,True
2024-11-12,CRUX,136.600879,137.974181,136.275392,136.731465,136.731465,1929561,industry,True
2024-11-13,CRUX,136.913115,138.123466,136.463588,137.377684,137.377684,4632861,industry,True
2024-11-14,CRUX,138.538641,140.291842,138.253296,138.667543,138.667543,7220730,industry,True
2024-11-15,CRUX,138.228298,139.589933,137.300702,138.379446,138.379446,10463100,industry,True
2024-11-18,CRUX,139.198746,140.290895,137.392248,139.04407,139.04407,2076648,industry,True
2024-11-19,CRUX,138.177062,139.380525,137.999196,138.529647,138.529647,3117948,industry,True
2024-11-20,CRUX,139.975526,140.778367,138.204149,139.548251,139.548251,7308852,industry,True
2024-11-21,CRUX,139.238448,139.571081,138.847112,139.393132,139.393132,3127098,industry,True
2024-11-22,CRUX,138.36793,139.505696,137.268251,138.88091,138.88091,5385789,industry,True
2024-11-25,CRUX,139.478883,140.965017,138.333143,138.960397,138.960397,10637088,industry,True
2024-11-26,CRUX,137.004676,138.143378,135.379521,137.669363,137.669363,2363586,industry,True
2024-11-27,CRUX,138.847196,140.096442,136.848448,138.433582,138.433582,2012628,industry,True
2024-11-28,CRUX,136.278145,136.914808,135.194495,136.405674,136.405674,6273483,industry,True
2024-11-29,CRUX,135.784352,136.861964,134.342884,135.916125,135.916125,10430388,industry,True
2024-12-02,CRUX,134.433512,134.61504,132.64505,134.217278,134.217278,3569529,industry,True
2024-12-03,CRUX,135.270264,135.382693,134.221249,134.964784,134.964784,4462161,industry,True
2024-12-04,CRUX,135.663398,136.683389,134.299354,135.446888,135.446888,8959080,industry,True
2024-12-05,CRUX,136.602938,137.839541,134.485645,135.810296,135.810296,1681596,industry,True
2024-12-06,CRUX,136.147294,137.019051,135.081541,136.467919,136.467919,2092794,industry,True
2024-12-09,CRUX,136.651816,138.278343,134.979283,136.085732,136.085732,8688603,industry,True
2024-12-10,CRUX,136.522436,136.651046,135.116577,136.364385,136.364385,2475462,industry,True
2024-12-11,CRUX,135.468002,135.982401,134.725876,135.566497,135.566497,2692194,industry,True
2024-12-12,CRUX,135.458805,135.863359,134.260707,135.410482,135.410482,1478667,industry,True
2024-12-13,CRUX,134.934772,135.89003,133.85914,134.733968,134.733968,1796973,industry,True
2024-12-16,CRUX,134.828936,135.32923,134.746667,135.049707,135.049707,1640004,industry,True
2024-12-17,CRUX,135.375177,136.705473,134.730324,135.21811,135.21811,6299535,industry,True
2024-12-18,CRUX,134.804791,136.335342,133.416873,134.955781,134.955781,2744103,industry,True
2024-12-19,CRUX,133.989816,134.992419,132.826991,134.317221,134.317221,7041276,industry,True
2024-12-20,CRUX,134.27425,135.795633,133.402768,134.204517,134.204517,11790117,industry,True
2024-12-23,CRUX,132.870121,133.303086,131.339279,132.668534,132.668534,1406478,industry,True
2024-12-24,CRUX,131.081988,131.994066,130.393172,131.174279,131.174279,7099986,industry,True
2024-12-25,CRUX,131.237366,131.84151,130.572969,130.969849,130.969849,11874006,industry,True
2024-12-26,CRUX,130.796272,131.937869,130.210165,131.470931,131.470931,3857157,industry,True
2024-12-27,CRUX,131.464155,131.604786,129.607136,131.117372,131.117372,8512782,industry,True
2024-12-30,CRUX,130.208733,131.244734,128.987669,130.161579,130.161579,6432396,industry,True
2024-12-31,CRUX,130.159769,130.557454,129.345468,129.904463,129.904463,10970028,industry,True
2025-01-01,CRUX,129.076115,129.151142,128.303344,128.8116,128.8116,7718895,industry,True
2025-01-02,CRUX,131.12967,132.634906,130.241814,130.704924,130.704924,11313594,industry,True
2025-01-03,CRUX,130.597832,132.035899,129.37976,130.897291,130.897291,10649265,industry,True
2025-01-06,CRUX,130.379657,131.921229,129.078504,130.648411,130.648411,9721500,industry,True
2025-01-07,CRUX,130.907395,131.170594,130.078565,131.043193,131.043193,5969214,industry,True
2025-01-08,CRUX,131.955671,132.925988,130.630387,131.704468,131.704468,1702653,industry,True
2025-01-09,CRUX,132.577867,133.266468,132.198784,132.540038,132.540038,7676565,industry,True
2025-01-10,CRUX,134.348887,135.671306,132.314305,133.771118,133.771118,5316843,industry,True
2025-01-13,CRUX,132.585793,134.048749,131.088893,132.136779,132.136779,1406439,industry,True
2025-01-14,CRUX,132.105764,133.551415,131.246822,131.805909,131.805909,11671365,industry,True
2025-01-15,CRUX,132.143753,133.605911,130.614882,132.251015,132.251015,10273917,industry,True
2025-01-16,CRUX,132.439373,133.316595,131.883936,132.386269,132.386269,8101029,industry,True
2025-01-17,CRUX,132.595508,133.861797,131.66956,132.827566,132.827566,2435895,industry,True
2025-01-20,CRUX,133.57594,134.617625,133.198659,133.332338,133.332338,8805405,industry,True
2025-01-21,CRUX,133.386453,135.109408,131.980745,133.606349,133.606349,4362435,industry,True
2025-01-22,CRUX,133.893832,135.542523,133.796979,134.338228,134.338228,8783949,industry,True
2025-01-23,CRUX,136.679721,137.127161,135.910888,136.620443,136.620443,7598247,industry,True
2025-01-24,CRUX,136.943088,137.050665,135.980078,136.712325,136.712325,8266143,industry,True
2025-01-27,CRUX,135.63539,136.574029,134.231511,135.971178,135.971178,7648032,industry,True
2025-01-28,CRUX,136.66496,138.150585,135.791971,136.457191,136.457191,6647871,industry,True
2025-01-29,CRUX,135.959152,136.303466,135.170292,135.933698,135.933698,10618788,industry,True
2025-01-30,CRUX,136.582643,138.142675,136.502122,136.711068,136.711068,1344780,industry,True
2025-01-31,CRUX,137.437221,139.05267,135.622837,137.235308,137.235308,4025247,industry,True
2025-02-03,CRUX,136.275592,137.828591,136.125163,136.298511,136.298511,9916644,industry,True
2025-02-04,CRUX,136.307864,137.695882,134.714181,136.311773,136.311773,2833176,industry,True
2025-02-05,CRUX,135.911841,137.683364,135.619215,136.08423,136.08423,5993655,industry,True
2025-02-06,CRUX,135.977323,136.935229,135.084806,136.352793,136.352793,9759711,industry,True
2025-02-07,CRUX,135.723681,136.828603,135.238118,135.703993,135.703993,8742699,industry,True
2025-02-10,CRUX,137.180016,137.989402,136.679226,137.233387,137.233387,11560824,industry,True
2025-02-11,CRUX,138.011036,139.377027,136.378297,138.375308,138.375308,2532960,industry,True
2025-02-12,CRUX,137.452505,139.197886,135.804466,137.643576,137.643576,6290049,industry,True
2025-02-13,CRUX,138.843829,140.245238,138.692214,138.916267,138.916267,3407892,industry,True
2025-02-14,CRUX,139.915876,141.468586,139.424202,140.099704,140.099704,7616661,industry,True
2025-02-17,CRUX,140.152257,140.796989,139.996876,140.503069,140.503069,5500869,industry,True
2025-02-18,CRUX,141.546428,142.046177,140.825436,141.635936,141.635936,2860293,industry,True
2025-02-19,CRUX,142.861341,144.178603,141.96071,142.380294,142.380294,10279233,industry,True
2025-02-20,CRUX,143.238145,144.525397,141.413422,142.621034,142.621034,2376804,industry,True
2025-02-21,CRUX,142.083038,143.385847,141.21573,143.165955,143.165955,4749954,industry,True
2025-02-24,CRUX,141.911901,142.392532,141.097806,141.527753,141.527753,10762431,industry,True
2025-02-25,CRUX,142.42732,143.278327,140.485901,142.074858,142.074858,7221264,industry,True
2025-02-26,CRUX,141.086166,143.252246,140.444218,142.13312,142.13312,4884627,industry,True
2025-02-27,CRUX,142.217793,143.440672,141.756279,142.119975,142.119975,11227074,industry,True
2025-02-28,CRUX,143.006557,143.180686,142.195551,142.970698,142.970698,3742665,industry,True
2025-03-03,CRUX,143.938619,144.068776,143.062795,143.552113,143.552113,9943593,industry,True
2025-03-04,CRUX,143.599103,145.301095,142.376163,142.958812,142.958812,10990446,industry,True
2025-03-05,CRUX,142.314669,143.440727,141.043787,142.629043,142.629043,11422404,industry,True
2025-03-06,CRUX,140.817269,141.658132,139.453404,141.368394,141.368394,10366986,industry,True
2025-03-07,CRUX,139.853977,139.990944,138.825553,139.777343,139.777343,1894845,industry,True
2025-03-10,CRUX,140.194203,141.70639,139.277435,140.455121,140.455121,11233920,industry,True
2025-03-11,CRUX,140.046875,140.662136,138.692855,139.956123,139.956123,11171292,industry,True
2025-03-12,CRUX,139.585772,139.809092,138.76218,139.372783,139.372783,6370185,industry,True
2025-03-13,CRUX,138.441668,138.973669,137.244361,138.901011,138.901011,6704985,industry,True
2025-03-14,CRUX,137.964156,139.167952,136.234583,137.776864,137.776864,8953410,industry,True
2025-03-17,CRUX,138.261499,139.361497,136.757661,138.220862,138.220862,7699866,industry,True
2025-03-18,CRUX,137.886506,140.166364,136.536283,138.74703,138.74703,7691424,industry,True
2025-03-19,CRUX,137.99247,138.865423,136.562516,137.890187,137.890187,8737275,industry,True
2025-03-20,CRUX,139.185522,139.908949,137.874198,139.341493,139.341493,3777321,industry,True
2025-03-21,CRUX,139.326615,140.828638,137.62245,139.135838,139.135838,1582158,industry,True
2025-03-24,CRUX,138.943795,139.888442,137.387496,139.12171,139.12171,4265292,industry,True
2025-03-25,CRUX,140.459695,140.629453,138.247806,139.813099,139.813099,2920764,industry,True
2025-03-26,CRUX,139.756135,140.848345,138.85351,140.306053,140.306053,1805031,industry,True
2025-03-27,CRUX,139.84256,141.491526,138.33734,139.944482,139.944482,6431613,industry,True
2025-03-28,CRUX,140.159049,140.775349,139.14309,139.502269,139.502269,10268634,industry,True
2025-03-31,CRUX,140.393302,141.386011,139.958499,140.30526,140.30526,4642848,industry,True
2025-04-01,CRUX,139.531759,139.697312,139.195287,139.572894,139.572894,5534715,industry,True
2025-04-02,CRUX,139.636619,139.831001,137.526869,138.919621,138.919621,4563999,industry,True
2025-04-03,CRUX,139.007836,140.220931,138.434583,139.029436,139.029436,11807529,industry,True
2025-04-04,CRUX,140.030564,141.565249,139.458739,140.190233,140.190233,5419227,industry,True
2025-04-07,CRUX,138.648026,139.708577,137.53454,139.235214,139.235214,8389050,industry,True
2025-04-08,CRUX,140.305338,141.751578,139.194064,140.397643,140.397643,9726405,industry,True
2025-04-09,CRUX,141.172473,142.431903,140.893889,141.217468,141.217468,7182525,industry,True
2025-04-10,CRUX,141.242751,141.786707,140.126902,141.568936,141.568936,9809145,industry,True
2025-04-11,CRUX,140.282832,141.521998,138.71538,141.157661,141.157661,8780919,industry,True
2025-04-14,CRUX,141.833405,143.56535,141.362603,141.954942,141.954942,11247714,industry,True
2025-04-15,CRUX,142.993718,144.356761,142.501615,142.766682,142.766682,4572465,industry,True
2025-04-16,CRUX,141.728586,143.186877,141.457377,141.706117,141.706117,8340873,industry,True
2025-04-17,CRUX,141.6176,143.207881,140.013146,141.590024,141.590024,4744533,industry,True
2025-04-18,CRUX,142.118233,143.748711,141.717226,141.876469,141.876469,4177719,industry,True
2025-04-21,CRUX,140.858026,142.02656,139.763784,140.872603,140.872603,2357628,industry,True
2025-04-22,CRUX,141.784787,142.704205,140.944416,142.253734,142.253734,8645856,industry,True
2025-04-23,CRUX,140.930286,141.642773,139.693171,141.070037,141.070037,6868812,industry,True
2025-04-24,CRUX,140.92501,141.968334,139.589866,140.651297,140.651297,11348202,industry,True
2025-04-25,CRUX,139.374236,140.433742,138.52819,140.081289,140.081289,1885101,industry,True
2025-04-28,CRUX,142.210767,142.524687,140.758324,141.73332,141.73332,9795645,industry,True
2025-04-29,CRUX,141.970399,142.679192,140.841723,142.14019,142.14019,5015547,industry,True
2025-04-30,CRUX,141.423467,141.685406,141.25678,141.531469,141.531469,5151813,industry,True
2025-05-01,CRUX,140.712994,140.868145,140.116613,140.771859,140.771859,6882162,industry,True
2025-05-02,CRUX,141.156962,141.676911,140.596937,140.90263,140.90263,4984008,industry,True
2025-05-05,CRUX,141.335768,142.800922,140.566133,141.629539,141.629539,9954330,industry,True
2025-05-06,CRUX,141.906243,142.780896,140.76608,142.313695,142.313695,9101889,industry,True
2025-05-07,CRUX,143.088133,144.349044,142.081466,143.311067,143.311067,8981280,industry,True
2025-05-08,CRUX,145.418953,145.542293,143.33763,144.456428,144.456428,10244037,industry,True
2025-05-09,CRUX,145.320787,146.235688,144.425503,145.299258,145.299258,3038592,industry,True
2025-05-12,CRUX,145.34122,145.659051,144.320874,145.134761,145.134761,9708660,industry,True
2025-05-13,CRUX,144.317086,144.948825,143.020223,144.58377,144.58377,7424295,industry,True
2025-05-14,CRUX,144.929953,145.937753,143.596111,144.670752,144.670752,3942969,industry,True
2025-05-15,CRUX,144.408707,145.999509,143.28012,144.415334,144.415334,2362311,industry,True
2025-05-16,CRUX,144.93766,146.067517,143.041891,144.506629,144.506629,4423923,industry,True
2025-05-19,CRUX,145.282796,146.318214,144.284981,144.756962,144.756962,9831930,industry,True
2025-05-20,CRUX,145.777489,146.157488,144.217859,146.073602,146.073602,3476613,industry,True
2025-05-21,CRUX,146.418797,146.946053,144.655036,146.408308,146.408308,4869735,industry,True
2025-05-22,CRUX,147.214914,148.584518,146.935072,147.375922,147.375922,7555281,industry,True
2025-05-23,CRUX,145.406716,145.640507,144.244084,145.262643,145.262643,3990693,industry,True
2025-05-26,CRUX,142.792154,143.343659,141.431865,143.030616,143.030616,11080887,industry,True
2025-05-27,CRUX,143.795796,144.250791,141.601342,142.742656,142.742656,4328091,industry,True
2025-05-28,CRUX,142.681325,143.06067,142.240725,142.705235,142.705235,3945312,industry,True
2025-05-29,CRUX,141.715192,143.212013,141.609428,141.778851,141.778851,3495258,industry,True
2025-05-30,CRUX,142.909759,144.418009,142.181776,143.167339,143.167339,11501676,industry,True
2025-06-02,CRUX,143.411482,143.919652,142.257902,143.341392,143.341392,9249609,industry,True
2025-06-03,CRUX,143.113082,144.588552,141.461687,142.177399,142.177399,8159754,industry,True
2025-06-04,CRUX,141.935344,142.977724,140.691841,141.718765,141.718765,11672697,industry,True
2025-06-05,CRUX,141.969924,143.502313,141.207099,142.070557,142.070557,9702393,industry,True
2025-06-06,CRUX,141.564436,142.688328,140.432041,141.650384,141.650384,6265059,industry,True
2025-06-09,CRUX,141.441561,143.147984,141.023618,141.564618,141.564618,11595462,industry,True
2025-06-10,CRUX,139.917982,140.973893,139.648864,140.793486,140.793486,6412779,industry,True
2025-06-11,CRUX,142.806476,143.945009,142.093499,142.695138,142.695138,11692878,industry,True
2025-06-12,CRUX,142.72014,143.499571,141.798077,142.93695,142.93695,6155436,industry,True
2025-06-13,CRUX,143.38169,144.023078,141.772081,143.583408,143.583408,5094222,industry,True
2025-06-16,CRUX,143.219517,144.056952,142.470886,143.677585,143.677585,7096245,industry,True
2025-06-17,CRUX,143.3735,145.235508,142.072345,143.994457,143.994457,2066892,industry,True
2025-06-18,CRUX,142.757901,144.658727,141.631314,143.361054,143.361054,10986429,industry,True
2025-06-19,CRUX,143.942369,144.239174,142.662397,143.48342,143.48342,3653958,industry,True
2025-06-20,CRUX,144.03096,144.915174,142.33987,144.024155,144.024155,10621779,industry,True
2025-06-23,CRUX,144.811817,145.429701,144.335126,145.068268,145.068268,11287407,industry,True
2025-06-24,CRUX,145.119087,146.814547,144.637698,145.429487,145.429487,6717708,industry,True
2025-06-25,CRUX,145.707319,146.647252,145.501414,145.686865,145.686865,6992172,industry,True
2025-06-26,CRUX,146.19351,146.622919,145.992489,146.323783,146.323783,1869735,industry,True
2025-06-27,CRUX,147.297428,148.718745,145.769055,147.20059,147.20059,4158795,industry,True
2025-06-30,CRUX,146.569249,148.11127,144.149319,145.821146,145.821146,11648337,industry,True
2025-07-01,CRUX,146.970175,148.506374,146.242612,146.666021,146.666021,2613261,industry,True
2025-07-02,CRUX,146.888135,148.549519,144.921115,146.315909,146.315909,11520015,industry,True
2025-07-03,CRUX,145.816622,147.245674,145.327427,145.404679,145.404679,10825818,industry,True
2025-07-04,CRUX,147.199532,147.531592,145.243896,146.911819,146.911819,8738868,industry,True
2025-07-07,CRUX,146.661843,148.192064,144.906126,146.52327,146.52327,3333156,industry,True
2025-07-08,CRUX,144.079638,145.259002,142.973301,143.880182,143.880182,3577671,industry,True
2025-07-09,CRUX,144.688513,145.553446,143.022485,144.347945,144.347945,6022665,industry,True
2025-07-10,CRUX,144.579429,146.111079,143.754405,144.76264,144.76264,11694066,industry,True
2025-07-11,CRUX,144.693931,145.340769,142.750204,144.045701,144.045701,2565762,industry,True
2025-07-14,CRUX,143.869883,144.543695,143.052465,144.355789,144.355789,5024505,industry,True
2025-07-15,CRUX,145.739487,145.852219,144.912884,145.448061,145.448061,3534795,industry,True
2025-07-16,CRUX,144.355185,145.176733,142.998066,144.653145,144.653145,10321968,industry,True
2025-07-17,CRUX,143.496548,146.223421,142.948667,144.553191,144.553191,6521823,industry,True
2025-07-18,CRUX,144.19767,145.263305,142.791574,144.000292,144.000292,5267013,industry,True
2025-07-21,CRUX,141.85437,142.729854,140.637532,142.604702,142.604702,5038044,industry,True
2025-07-22,CRUX,143.813914,144.967198,143.172159,143.747453,143.747453,4790247,industry,True
2025-07-23,CRUX,144.599446,146.164899,144.039699,144.496474,144.496474,9512175,industry,True
2025-07-24,CRUX,144.189886,145.549785,142.506802,144.365129,144.365129,2962368,industry,True
2025-07-25,CRUX,143.912051,144.972942,142.290049,143.22437,143.22437,3807474,industry,True
2025-07-28,CRUX,144.093943,145.855763,142.406087,144.127533,144.127533,1158186,industry,True
2025-07-29,CRUX,145.66047,145.95286,144.273591,145.39405,145.39405,7750146,industry,True
2025-07-30,CRUX,144.293918,145.949193,144.057051,144.856815,144.856815,11187339,industry,True
2025-07-31,CRUX,145.488539,146.354752,143.929007,145.063004,145.063004,1888434,industry,True
2025-08-01,CRUX,143.694322,145.363414,142.12507,142.662706,142.662706,4365222,industry,True
2025-08-04,CRUX,142.029257,143.907343,141.189994,142.454206,142.454206,10255212,industry,True
2025-08-05,CRUX,142.967962,144.184867,141.94792,143.304145,143.304145,5270961,industry,True
2025-08-06,CRUX,144.357214,145.875383,143.801337,144.112333,144.112333,6979935,industry,True
2025-08-07,CRUX,144.584396,145.14112,143.506458,144.526431,144.526431,7897467,industry,True
2025-08-08,CRUX,144.413551,146.126183,144.240736,144.676166,144.676166,11423463,industry,True
2025-08-11,CRUX,146.484213,147.184707,144.777427,146.134185,146.134185,1493265,industry,True
2025-08-12,CRUX,145.780596,146.507525,144.202021,145.891356,145.891356,10258230,industry,True
2025-08-13,CRUX,145.108824,145.597467,143.705907,145.10665,145.10665,5791632,industry,True
2025-08-14,CRUX,143.552538,145.050406,142.937423,143.540331,143.540331,11753373,industry,True
2025-08-15,CRUX,142.915428,144.556951,141.749535,142.750751,142.750751,5332494,industry,True
2025-08-18,CRUX,143.349786,145.025207,141.235073,142.950279,142.950279,7694829,industry,True
2025-08-19,CRUX,144.091529,144.388421,143.191585,143.959459,143.959459,10916805,industry,True
2025-08-20,CRUX,142.205546,142.892416,140.981255,142.735967,142.735967,11409054,industry,True
2025-08-21,CRUX,142.841114,143.851241,141.708896,142.6857,142.6857,984483,industry,True
2025-08-22,CRUX,142.114792,142.771312,141.614654,142.007843,142.007843,11100894,industry,True
2025-08-25,CRUX,142.937022,145.00408,141.856076,143.326439,143.326439,2971191,industry,True
2025-08-26,CRUX,142.513239,144.017579,141.006958,142.637688,142.637688,9610791,industry,True
2025-08-27,CRUX,141.894901,143.327429,140.426039,141.67791,141.67791,10070163,industry,True
2025-08-28,CRUX,142.427987,142.842313,140.785346,142.579105,142.579105,2290083,industry,True
2025-08-29,CRUX,142.776477,145.035017,141.715111,143.384897,143.384897,7710960,industry,True
2025-09-01,CRUX,144.657851,146.019982,144.406912,144.486033,144.486033,5611440,industry,True
2025-09-02,CRUX,145.828138,146.793187,145.408808,146.181042,146.181042,11107650,industry,True
2025-09-03,CRUX,145.710741,146.779896,145.556449,145.86127,145.86127,1842468,industry,True
2025-09-04,CRUX,146.722368,148.023956,146.044465,146.50722,146.50722,1324869,industry,True
2025-09-05,CRUX,145.967351,146.847658,145.592205,146.1102,146.1102,11164530,industry,True
2025-09-08,CRUX,145.826063,147.078222,145.111594,146.224749,146.224749,8624055,industry,True
2025-09-09,CRUX,145.78926,147.19361,145.154897,145.892895,145.892895,3082308,industry,True
2025-09-10,CRUX,147.78281,149.199259,146.981092,147.627806,147.627806,9369909,industry,True
2025-09-11,CRUX,146.708554,147.928987,145.731371,146.50033,146.50033,8847498,industry,True
2025-09-12,CRUX,145.97939,147.02994,143.751913,145.397519,145.397519,9198474,industry,True
2025-09-15,CRUX,145.148207,146.203553,144.120781,145.372971,145.372971,4859814,industry,True
2025-09-16,CRUX,146.045352,147.134905,145.347628,145.938571,145.938571,6209397,industry,True
2025-09-17,CRUX,144.636006,145.837507,143.084532,144.618796,144.618796,9708276,industry,True
2025-09-18,CRUX,144.185852,145.185875,142.985531,144.182679,144.182679,7985730,industry,True
2025-09-19,CRUX,141.969659,142.976351,141.667743,142.179239,142.179239,10794822,industry,True
2025-09-22,CRUX,140.253487,141.523843,139.483106,140.782579,140.782579,9031995,industry,True
2025-09-23,CRUX,140.867402,141.787369,139.285034,140.542448,140.542448,3927834,industry,True
2025-09-24,CRUX,139.539172,140.05892,138.169997,139.079865,139.079865,6581151,industry,True
2025-09-25,CRUX,139.324618,140.75355,138.549268,138.942506,138.942506,5708370,industry,True
2025-09-26,CRUX,139.447088,139.608887,137.938874,139.450828,139.450828,10416201,industry,True
2025-09-29,CRUX,138.464054,140.233077,138.241038,139.094548,139.094548,4025976,industry,True
2025-09-30,CRUX,138.988158,140.011544,137.347641,139.27112,139.27112,1624041,industry,True
2025-10-01,CRUX,138.116592,139.830395,137.1274,138.310749,138.310749,9139647,industry,True
2025-10-02,CRUX,137.864088,138.231495,137.03885,137.340367,137.340367,1108899,industry,True
2025-10-03,CRUX,136.225263,137.376894,135.496598,136.43639,136.43639,8104107,industry,True
2025-10-06,CRUX,136.691424,137.129314,136.274634,136.456508,136.456508,11553192,industry,True
2025-10-07,CRUX,135.92462,137.545909,134.941175,135.472591,135.472591,11604768,industry,True
2025-10-08,CRUX,135.280769,136.109808,133.781132,135.764171,135.764171,7961934,industry,True
2025-10-09,CRUX,136.869927,137.082542,134.962417,136.081668,136.081668,11518635,industry,True
2025-10-10,CRUX,138.200499,138.85715,136.54935,137.432494,137.432494,11748780,industry,True
2025-10-13,CRUX,136.401188,138.334549,134.811502,136.840891,136.840891,8538273,industry,True
2025-10-14,CRUX,136.290672,137.067476,135.447624,135.855874,135.855874,9311556,industry,True
2025-10-15,CRUX,135.889151,137.485169,134.770488,135.841115,135.841115,4883139,industry,True
2025-10-16,CRUX,137.928244,138.00792,137.103789,137.418966,137.418966,9164757,industry,True
2025-10-17,CRUX,138.229968,138.798419,137.511213,138.033824,138.033824,11246175,industry,True
2025-10-20,CRUX,138.307689,139.165102,137.920287,138.147507,138.147507,9140718,industry,True
2025-10-21,CRUX,138.403835,139.177912,137.537245,138.785988,138.785988,9451485,industry,True
2025-10-22,CRUX,139.588709,141.455588,138.008755,139.996127,139.996127,4255995,industry,True
2025-10-23,CRUX,139.251554,140.339283,137.855254,139.43245,139.43245,925353,industry,True
2025-10-24,CRUX,139.262089,139.592599,137.938967,139.341736,139.341736,2649135,industry,True
2025-10-27,CRUX,137.525718,138.604664,136.941368,137.474948,137.474948,4395048,industry,True
2025-10-28,CRUX,137.196916,138.553777,136.799721,137.062499,137.062499,1504905,industry,True
2025-10-29,CRUX,137.900798,138.830431,137.727413,138.017348,138.017348,1553058,industry,True
2025-10-30,CRUX,137.563602,137.81626,136.347467,137.535407,137.535407,6931008,industry,True
2025-10-31,CRUX,137.326271,138.619483,136.796599,137.583827,137.583827,9428028,industry,True
2025-11-03,CRUX,135.469563,135.881288,133.912377,135.682475,135.682475,9993789,industry,True
2025-11-04,CRUX,134.360154,135.466078,133.151524,134.22901,134.22901,4849767,industry,True
2025-11-05,CRUX,134.496825,135.69344,134.039909,134.857319,134.857319,10415430,industry,True
2025-11-06,CRUX,135.185429,136.719884,134.63663,135.446188,135.446188,4086789,industry,True
2025-11-07,CRUX,136.561723,137.545391,134.986614,136.700102,136.700102,5694072,industry,True
2025-11-10,CRUX,136.168419,137.655151,135.324307,136.723986,136.723986,6648219,industry,True
2025-11-11,CRUX,136.721979,138.120409,135.512941,136.901708,136.901708,1986684,industry,True
2025-11-12,CRUX,136.9545,138.850281,135.555172,137.534979,137.534979,7063452,industry,True
2025-11-13,CRUX,138.483272,138.990722,136.842036,138.723502,138.723502,8604675,industry,True
2025-11-14,CRUX,138.896887,140.846426,137.442213,139.541223,139.541223,7477245,industry,True
2025-11-17,CRUX,140.406599,140.789914,138.789177,140.273087,140.273087,8014269,industry,True
2025-11-18,CRUX,140.93755,142.625544,140.570011,141.152212,141.152212,5213571,industry,True
2025-11-19,CRUX,143.110595,143.253434,141.741002,143.141796,143.141796,1528446,industry,True
2025-11-20,CRUX,142.568632,143.965677,141.582892,142.760889,142.760889,11219289,industry,True
2025-11-21,CRUX,141.717276,142.51683,141.453347,142.274505,142.274505,1248783,industry,True
2025-11-24,CRUX,142.285141,143.227145,140.2363,141.660865,141.660865,11633049,industry,True
2023-01-02,DUNE,124.183707,124.911044,122.829409,124.246148,124.246148,15900844,consumer,True
2023-01-03,DUNE,124.165692,125.591656,123.625961,123.75112,123.75112,2530112,consumer,True
2023-01-04,DUNE,124.449682,125.042985,124.025754,124.165512,124.165512,9437028,consumer,True
2023-01-05,DUNE,124.5366,125.238527,123.235214,124.508397,124.508397,13992080,consumer,True
2023-01-06,DUNE,125.53437,126.232796,125.315099,125.515275,125.515275,12023004,consumer,True
2023-01-09,DUNE,125.682435,126.620843,124.879622,125.740455,125.740455,10202156,consumer,True
2023-01-10,DUNE,126.542824,127.413168,126.216504,126.594101,126.594101,10757576,consumer,True
2023-01-11,DUNE,127.547987,129.060378,127.016412,127.164429,127.164429,13382596,consumer,True
2023-01-12,DUNE,125.94979,127.440187,124.684483,126.65466,126.65466,11719532,consumer,True
2023-01-13,DUNE,124.965273,126.309408,123.77234,124.731088,124.731088,4497332,consumer,True
2023-01-16,DUNE,123.502319,124.967871,123.151016,123.774493,123.774493,15917476,consumer,True
2023-01-17,DUNE,124.827753,126.010601,123.713386,124.397883,124.397883,13038680,consumer,True
2023-01-18,DUNE,125.263774,126.564477,124.12885,125.967253,125.967253,6389896,consumer,True
2023-01-19,DUNE,126.912126,127.44705,126.526415,126.690195,126.690195,4174304,consumer,True
2023-01-20,DUNE,127.638993,127.830846,126.507237,127.188484,127.188484,6178164,consumer,True
2023-01-23,DUNE,128.857871,130.238366,127.22773,128.535673,128.535673,10663828,consumer,True
2023-01-24,DUNE,130.298978,131.256047,129.109832,130.271832,130.271832,12528868,consumer,True
2023-01-25,DUNE,131.146684,132.060189,130.658491,131.284745,131.284745,3390324,consumer,True
2023-01-26,DUNE,132.132972,132.334869,131.459043,132.182049,132.182049,9926676,consumer,True
2023-01-27,DUNE,131.389221,131.91504,130.315414,131.464461,131.464461,10481244,consumer,True
2023-01-30,DUNE,131.340969,132.782979,129.876597,131.232834,131.232834,8242780,consumer,True
2023-01-31,DUNE,131.362921,131.962078,130.012361,131.520092,131.520092,1841144,consumer,True
2023-02-01,DUNE,130.769792,132.233349,130.564409,131.122811,131.122811,14427400,consumer,True
2023-02-02,DUNE,132.875556,133.391211,132.394547,132.488714,132.488714,13841316,consumer,True
2023-02-03,DUNE,131.426792,132.304128,129.862828,131.118056,131.118056,9443416,consumer,True
2023-02-06,DUNE,129.917441,130.618325,129.612841,129.936282,129.936282,10734280,consumer,True
2023-02-07,DUNE,129.725901,130.675215,128.472373,129.781285,129.781285,7697184,consumer,True
2023-02-08,DUNE,129.019417,129.464225,127.640847,129.258101,129.258101,7699616,consumer,True
2023-02-09,DUNE,128.85176,129.910454,127.344966,128.845001,128.845001,1448308,consumer,True
2023-02-10,DUNE,128.283411,129.783104,127.457785,128.501476,128.501476,10654292,consumer,True
2023-02-13,DUNE,130.282905,130.787476,128.332676,129.786074,129.786074,1479812,consumer,True
2023-02-14,DUNE,129.932096,130.579107,128.98149,129.9562,129.9562,8888388,consumer,True
2023-02-15,DUNE,130.003063,132.137676,129.125846,130.918583,130.918583,2331264,consumer,True
2023-02-16,DUNE,130.312418,131.807783,128.871585,130.657007,130.657007,10321788,consumer,True
2023-02-17,DUNE,131.152403,132.322276,130.797687,130.877311,130.877311,12947444,consumer,True
2023-02-20,DUNE,132.295786,133.034546,131.494961,132.284228,132.284228,6532384,consumer,True
2023-02-21,DUNE,130.299456,131.13414,129.420835,130.628914,130.628914,3092152,consumer,True
2023-02-22,DUNE,131.732709,132.625978,130.315226,131.386675,131.386675,10330540,consumer,True
2023-02-23,DUNE,131.964954,132.433287,130.527471,131.979708,131.979708,12777940,consumer,True
2023-02-24,DUNE,132.632462,133.2171,131.019345,132.423442,132.423442,2328880,consumer,True
2023-02-27,DUNE,132.571295,132.828226,131.027049,132.239953,132.239953,15615180,consumer,True
2023-02-28,DUNE,133.358118,134.9356,131.898297,133.149305,133.149305,7915324,consumer,True
2023-03-01,DUNE,133.843559,134.586347,133.018601,134.127169,134.127169,1566932,consumer,True
2023-03-02,DUNE,132.546579,134.08448,132.095981,132.827479,132.827479,6770580,consumer,True
2023-03-03,DUNE,131.888128,132.604565,130.995097,132.449375,132.449375,5591340,consumer,True
2023-03-06,DUNE,132.831413,133.694794,132.168593,133.178938,133.178938,5034428,consumer,True
2023-03-07,DUNE,132.428585,133.819949,131.002385,132.598356,132.598356,4712452,consumer,True
2023-03-08,DUNE,132.63637,133.480947,132.41838,132.889012,132.889012,15185204,consumer,True
2023-03-09,DUNE,133.467938,133.944385,132.294032,133.497002,133.497002,6525464,consumer,True
2023-03-10,DUNE,132.878223,133.834645,132.238197,133.271282,133.271282,13124772,consumer,True
2023-03-13,DUNE,133.372783,134.323346,132.091454,133.676625,133.676625,13312688,consumer,True
2023-03-14,DUNE,134.890784,135.334017,133.389723,134.408623,134.408623,8238060,consumer,True
2023-03-15,DUNE,135.053522,136.077016,134.7922,134.96567,134.96567,1368764,consumer,True
2023-03-16,DUNE,137.714903,137.97433,136.630664,137.757169,137.757169,5157012,consumer,True
2023-03-17,DUNE,139.257369,140.89089,137.815971,138.980393,138.980393,9128684,consumer,True
2023-03-20,DUNE,137.566085,139.193955,136.564159,137.275294,137.275294,6502732,consumer,True
2023-03-21,DUNE,137.609098,138.474085,137.022047,138.378293,138.378293,7884788,consumer,True
2023-03-22,DUNE,139.908518,140.910817,139.104136,139.673901,139.673901,15265124,consumer,True
2023-03-23,DUNE,139.017527,140.273502,137.303666,138.908847,138.908847,10049080,consumer,True
2023-03-24,DUNE,139.953357,141.434075,139.09051,140.156567,140.156567,1483276,consumer,True
2023-03-27,DUNE,140.364229,141.854569,138.715911,140.837161,140.837161,7952252,consumer,True
2023-03-28,DUNE,141.698141,142.39581,141.051586,141.981987,141.981987,3639904,consumer,True
2023-03-29,DUNE,141.346889,142.839535,140.029723,141.048702,141.048702,4136512,consumer,True
2023-03-30,DUNE,141.352105,142.776269,141.002602,141.338942,141.338942,4924448,consumer,True
2023-03-31,DUNE,141.355235,142.287898,140.016378,140.772793,140.772793,11304732,consumer,True
2023-04-03,DUNE,141.721242,142.657853,141.59043,141.908421,141.908421,13691704,consumer,True
2023-04-04,DUNE,141.225839,141.401135,140.594211,140.793296,140.793296,2685164,consumer,True
2023-04-05,DUNE,141.028726,141.847872,140.702416,141.336249,141.336249,13412780,consumer,True
2023-04-06,DUNE,142.629715,143.207244,141.100801,142.513796,142.513796,9838800,consumer,True
2023-04-07,DUNE,142.432021,143.97393,141.248473,142.693989,142.693989,12477956,consumer,True
2023-04-10,DUNE,143.080863,143.909115,141.797633,142.189388,142.189388,7620796,consumer,True
2023-04-11,DUNE,142.10602,143.78868,141.567427,142.055421,142.055421,6819544,consumer,True
2023-04-12,DUNE,142.424442,143.907565,141.891989,142.064199,142.064199,9996468,consumer,True
2023-04-13,DUNE,143.267644,145.089088,143.100903,143.435167,143.435167,10351536,consumer,True
2023-04-14,DUNE,143.800019,144.802382,142.170379,143.646004,143.646004,12672388,consumer,True
2023-04-17,DUNE,143.693011,145.349858,142.173617,143.961394,143.961394,9912468,consumer,True
2023-04-18,DUNE,144.107323,144.600519,143.141367,144.257834,144.257834,11058184,consumer,True
2023-04-19,DUNE,142.799719,144.835446,142.272452,144.004869,144.004869,9867848,consumer,True
2023-04-20,DUNE,142.170671,143.430033,141.887173,142.382435,142.382435,6465456,consumer,True
2023-04-21,DUNE,142.817045,144.258043,142.109545,142.973441,142.973441,2763480,consumer,True
2023-04-24,DUNE,142.631458,142.984773,140.833947,142.508913,142.508913,6689736,consumer,True
2023-04-25,DUNE,143.562289,143.757458,143.011528,143.445713,143.445713,5262084,consumer,True
2023-04-26,DUNE,141.984155,143.744855,140.449663,142.258057,142.258057,15184236,consumer,True
2023-04-27,DUNE,142.614558,143.793165,142.079179,142.294638,142.294638,12203392,consumer,True
2023-04-28,DUNE,142.323534,143.672708,141.451876,142.253364,142.253364,4646248,consumer,True
2023-05-01,DUNE,141.108204,143.20541,139.958367,141.89976,141.89976,11008680,consumer,True
2023-05-02,DUNE,140.430535,142.055493,139.45029,140.408538,140.408538,12884444,consumer,True
2023-05-03,DUNE,139.886065,141.513717,138.968432,139.804257,139.804257,15106964,consumer,True
2023-05-04,DUNE,140.113582,141.498693,139.819744,140.061036,140.061036,11434304,consumer,True
2023-05-05,DUNE,140.169355,140.260571,138.835091,140.004069,140.004069,4017556,consumer,True
2023-05-08,DUNE,140.626919,140.73729,139.015237,140.529639,140.529639,12938920,consumer,True
2023-05-09,DUNE,142.019863,142.44727,140.272147,141.322031,141.322031,4571872,consumer,True
2023-05-10,DUNE,141.171689,142.250557,140.255784,141.278423,141.278423,9560872,consumer,True
2023-05-11,DUNE,140.685585,142.144116,139.743915,140.54132,140.54132,15477092,consumer,True
2023-05-12,DUNE,141.503329,142.70096,140.274114,141.581264,141.581264,3775856,consumer,True
2023-05-15,DUNE,139.640968,140.920994,138.708898,139.91487,139.91487,4190620,consumer,True
2023-05-16,DUNE,141.005971,141.31054,139.80366,140.808638,140.808638,14523300,consumer,True
2023-05-17,DUNE,140.083293,141.871058,139.150072,140.661875,140.661875,8922216,consumer,True
2023-05-18,DUNE,139.27454,140.825408,139.203291,139.655106,139.655106,2859408,consumer,True
2023-05-19,DUNE,138.889501,140.236309,137.793253,138.808754,138.808754,12082332,consumer,True
2023-05-22,DUNE,137.352012,138.977038,135.748428,137.405408,137.405408,5814416,consumer,True
2023-05-23,DUNE,136.750726,137.273871,135.209548,137.11155,137.11155,2709604,consumer,True
2023-05-24,DUNE,136.801362,137.144161,136.027944,136.884307,136.884307,15874816,consumer,True
2023-05-25,DUNE,137.624025,138.579466,135.872604,137.319257,137.319257,3451792,consumer,True
2023-05-26,DUNE,137.960738,139.016778,136.911583,138.032922,138.032922,12146512,consumer,True
2023-05-29,DUNE,136.732467,137.006532,135.429415,136.761461,136.761461,12841440,consumer,True
2023-05-30,DUNE,136.731315,137.851577,135.322071,136.930638,136.930638,15139128,consumer,True
2023-05-31,DUNE,136.776017,137.703618,136.037501,136.799497,136.799497,8555416,consumer,True
2023-06-01,DUNE,134.859123,135.271443,133.326927,134.79838,134.79838,4083448,consumer,True
2023-06-02,DUNE,136.176324,137.336466,134.647433,135.907123,135.907123,11040948,consumer,True
2023-06-05,DUNE,135.32449,136.322967,135.17841,135.800626,135.800626,4765408,consumer,True
2023-06-06,DUNE,136.069891,137.275878,135.445147,136.471059,136.471059,4943132,consumer,True
2023-06-07,DUNE,134.89198,135.614184,133.540148,134.893849,134.893849,6506700,consumer,True
2023-06-08,DUNE,133.65439,133.970337,133.131863,133.406291,133.406291,6957412,consumer,True
2023-06-09,DUNE,134.663846,136.192941,133.888384,134.590024,134.590024,8688732,consumer,True
2023-06-12,DUNE,135.094211,135.874031,133.951715,135.062502,135.062502,6583264,consumer,True
2023-06-13,DUNE,134.808223,136.300899,134.418369,134.911097,134.911097,3429656,consumer,True
2023-06-14,DUNE,135.404981,136.909842,134.93492,135.142993,135.142993,7542244,consumer,True
2023-06-15,DUNE,134.633072,136.066867,133.464338,134.521137,134.521137,7075864,consumer,True
2023-06-16,DUNE,134.940987,135.84104,134.219901,134.958216,134.958216,14579532,consumer,True
2023-06-19,DUNE,134.066701,135.331311,133.096559,134.643404,134.643404,2672564,consumer,True
2023-06-20,DUNE,135.175237,136.002123,134.111364,134.972058,134.972058,9505520,consumer,True
2023-06-21,DUNE,134.692006,135.845879,133.275421,134.733242,134.733242,5094784,consumer,True
2023-06-22,DUNE,136.453358,138.76703,135.166128,137.455347,137.455347,2747248,consumer,True
2023-06-23,DUNE,136.909285,137.209712,136.050828,136.647518,136.647518,10486916,consumer,True
2023-06-26,DUNE,137.400165,138.962775,136.626299,137.612956,137.612956,6477996,consumer,True
2023-06-27,DUNE,136.96312,137.604723,135.344546,136.55157,136.55157,2182112,consumer,True
2023-06-28,DUNE,136.410413,137.897254,135.069796,136.643427,136.643427,9943212,consumer,True
2023-06-29,DUNE,135.329294,135.927663,134.018046,135.282656,135.282656,10919372,consumer,True
2023-06-30,DUNE,135.115958,136.356549,134.953311,135.172039,135.172039,14778648,consumer,True
2023-07-03,DUNE,135.458546,136.993006,133.875032,135.657142,135.657142,5709828,consumer,True
2023-07-04,DUNE,135.437437,135.939983,135.310858,135.713249,135.713249,8393320,consumer,True
2023-07-05,DUNE,135.164133,136.943711,134.576316,135.506383,135.506383,7262540,consumer,True
2023-07-06,DUNE,134.883275,136.276176,134.446115,135.230908,135.230908,10397584,consumer,True
2023-07-07,DUNE,134.485712,136.078748,132.993054,134.465445,134.465445,8062772,consumer,True
2023-07-10,DUNE,135.872265,137.104024,134.246249,135.382767,135.382767,9616064,consumer,True
2023-07-11,DUNE,135.982867,137.625826,135.458228,136.350255,136.350255,2139880,consumer,True
2023-07-12,DUNE,137.292742,137.676385,136.695033,137.556127,137.556127,15951940,consumer,True
2023-07-13,DUNE,136.991159,138.329958,136.761584,137.904891,137.904891,15615608,consumer,True
2023-07-14,DUNE,136.661703,137.438826,135.065627,137.28995,137.28995,6294024,consumer,True
2023-07-17,DUNE,136.124279,136.855735,135.6182,136.303203,136.303203,4106076,consumer,True
2023-07-18,DUNE,136.45893,138.08492,135.470561,136.728762,136.728762,3682092,consumer,True
2023-07-19,DUNE,137.06056,138.635019,136.708773,136.947606,136.947606,4095288,consumer,True
2023-07-20,DUNE,136.645656,137.089543,135.130382,136.570493,136.570493,7522320,consumer,True
2023-07-21,DUNE,133.217012,134.775328,133.127971,133.342009,133.342009,5237784,consumer,True
2023-07-24,DUNE,131.856277,133.393307,131.118415,132.190656,132.190656,3056960,consumer,True
2023-07-25,DUNE,133.298741,134.666187,131.294965,132.711135,132.711135,3898600,consumer,True
2023-07-26,DUNE,133.338172,133.447274,132.119147,133.346159,133.346159,5548928,consumer,True
2023-07-27,DUNE,134.624012,134.958703,133.616013,134.449315,134.449315,8229920,consumer,True
2023-07-28,DUNE,135.317977,136.818926,134.499222,135.199996,135.199996,10828700,consumer,True
2023-07-31,DUNE,136.165202,136.27385,135.294125,135.817746,135.817746,8630820,consumer,True
2023-08-01,DUNE,136.488923,136.575476,134.291232,135.778411,135.778411,7456912,consumer,True
2023-08-02,DUNE,135.134751,135.800379,134.870668,135.656807,135.656807,3172848,consumer,True
2023-08-03,DUNE,136.037044,137.413978,134.988821,136.050079,136.050079,15362024,consumer,True
2023-08-04,DUNE,137.248129,138.291256,136.431868,137.029214,137.029214,5477512,consumer,True
2023-08-07,DUNE,136.595569,138.015265,135.216416,136.791696,136.791696,7387992,consumer,True
2023-08-08,DUNE,136.499083,136.755146,135.154901,136.615195,136.615195,1519812,consumer,True
2023-08-09,DUNE,135.398238,136.357751,134.430194,136.001905,136.001905,12167684,consumer,True
2023-08-10,DUNE,136.712644,137.358469,135.499362,136.675144,136.675144,5536312,consumer,True
2023-08-11,DUNE,136.018811,137.176956,135.161085,135.742717,135.742717,2814104,consumer,True
2023-08-14,DUNE,134.650943,135.558347,134.56262,135.038506,135.038506,3335760,consumer,True
2023-08-15,DUNE,135.180368,136.527244,134.693188,135.276442,135.276442,3899320,consumer,True
2023-08-16,DUNE,136.491445,136.98064,135.506542,136.105356,136.105356,10594272,consumer,True
2023-08-17,DUNE,136.576926,137.881345,135.487183,136.293233,136.293233,13008504,consumer,True
2023-08-18,DUNE,135.616433,136.204871,134.639823,135.88617,135.88617,14851340,consumer,True
2023-08-21,DUNE,136.674569,137.077268,135.444319,136.989156,136.989156,9636824,consumer,True
2023-08-22,DUNE,137.847934,140.071091,136.934001,138.773219,138.773219,3001676,consumer,True
2023-08-23,DUNE,139.851287,140.892253,138.153574,139.709511,139.709511,6606592,consumer,True
2023-08-24,DUNE,140.789143,141.839955,140.187414,140.722032,140.722032,1851276,consumer,True
2023-08-25,DUNE,140.144068,140.65285,138.702546,139.980466,139.980466,9265880,consumer,True
2023-08-28,DUNE,139.782694,140.59103,138.865289,140.293172,140.293172,8109068,consumer,True
2023-08-29,DUNE,139.929669,141.198778,138.638118,140.135862,140.135862,12666492,consumer,True
2023-08-30,DUNE,138.791615,139.840318,137.684099,139.045452,139.045452,15174604,consumer,True
2023-08-31,DUNE,138.762771,140.202005,138.619374,139.141117,139.141117,5417684,consumer,True
2023-09-01,DUNE,139.888861,141.024464,138.980868,139.660829,139.660829,6153052,consumer,True
2023-09-04,DUNE,140.045633,140.755846,138.544794,140.089395,140.089395,7091220,consumer,True
2023-09-05,DUNE,140.231222,142.002333,139.118635,140.371304,140.371304,15054896,consumer,True
2023-09-06,DUNE,140.228597,140.468605,138.920412,140.322031,140.322031,13133540,consumer,True
2023-09-07,DUNE,140.505911,141.493312,139.90311,140.727123,140.727123,14216004,consumer,True
2023-09-08,DUNE,141.724934,142.232016,140.384934,141.590574,141.590574,9844104,consumer,True
2023-09-11,DUNE,141.536382,142.660552,139.995044,141.421649,141.421649,3559928,consumer,True
2023-09-12,DUNE,139.966134,140.065472,138.540273,139.695442,139.695442,9418472,consumer,True
2023-09-13,DUNE,140.695467,141.108436,140.182384,140.862575,140.862575,3622388,consumer,True
2023-09-14,DUNE,141.777055,142.920043,141.534663,142.160688,142.160688,1865064,consumer,True
2023-09-15,DUNE,143.029891,143.424772,141.089814,142.725866,142.725866,7873396,consumer,True
2023-09-18,DUNE,142.323662,143.757971,140.939856,142.029763,142.029763,3912528,consumer,True
2023-09-19,DUNE,142.342886,143.737159,141.001965,141.774365,141.774365,1390072,consumer,True
2023-09-20,DUNE,141.471893,141.914401,140.223702,141.724751,141.724751,10452388,consumer,True
2023-09-21,DUNE,142.228448,143.694147,140.23632,141.675052,141.675052,5523440,consumer,True
2023-09-22,DUNE,142.835062,143.339626,142.117435,143.056911,143.056911,5783532,consumer,True
2023-09-25,DUNE,141.982118,143.971528,141.137169,142.570675,142.570675,8936472,consumer,True
2023-09-26,DUNE,142.137416,143.342779,141.848046,142.336187,142.336187,2682640,consumer,True
2023-09-27,DUNE,143.267596,144.053388,141.837422,142.799031,142.799031,15747092,consumer,True
2023-09-28,DUNE,142.849157,144.517787,141.976727,142.278462,142.278462,1521548,consumer,True
2023-09-29,DUNE,142.10653,143.43284,141.473701,141.977548,141.977548,13544904,consumer,True
2023-10-02,DUNE,141.370439,142.674205,139.8354,141.62228,141.62228,12945960,consumer,True
2023-10-03,DUNE,141.472596,142.917099,140.754857,141.721819,141.721819,12186232,consumer,True
2023-10-04,DUNE,141.897282,142.851544,141.036797,141.442395,141.442395,5499024,consumer,True
2023-10-05,DUNE,141.651797,142.318432,140.873459,141.749638,141.749638,14466472,consumer,True
2023-10-06,DUNE,142.028218,143.798827,141.47383,142.264628,142.264628,12045532,consumer,True
2023-10-09,DUNE,144.522066,145.669915,143.49804,143.81712,143.81712,1414028,consumer,True
2023-10-10,DUNE,143.914504,144.58425,142.375716,143.254425,143.254425,5819132,consumer,True
2023-10-11,DUNE,142.672589,143.59525,142.483644,143.27352,143.27352,15443964,consumer,True
2023-10-12,DUNE,142.490229,144.058942,141.542212,142.524304,142.524304,10595756,consumer,True
2023-10-13,DUNE,141.91576,143.41358,141.598016,141.877485,141.877485,12683984,consumer,True
2023-10-16,DUNE,139.745565,140.675454,138.80288,140.05212,140.05212,15694368,consumer,True
2023-10-17,DUNE,139.707176,140.364003,139.517487,139.672534,139.672534,9796892,consumer,True
2023-10-18,DUNE,137.946966,138.711638,137.260391,138.199815,138.199815,9384672,consumer,True
2023-10-19,DUNE,139.372903,140.457572,137.558471,139.067501,139.067501,2028020,consumer,True
2023-10-20,DUNE,139.554801,139.771026,137.429357,139.031297,139.031297,4022412,consumer,True
2023-10-23,DUNE,139.496192,140.747467,138.560014,139.488619,139.488619,4322908,consumer,True
2023-10-24,DUNE,140.485553,141.460954,139.371287,139.904632,139.904632,9781616,consumer,True
2023-10-25,DUNE,141.108752,142.689073,140.533958,141.089672,141.089672,5586180,consumer,True
2023-10-26,DUNE,141.427537,142.341262,140.560818,141.132699,141.132699,12747680,consumer,True
2023-10-27,DUNE,143.164886,144.130129,141.221645,142.889827,142.889827,2355672,consumer,True
2023-10-30,DUNE,141.492242,142.708859,141.253766,142.528589,142.528589,3457020,consumer,True
2023-10-31,DUNE,142.175476,143.540284,140.788053,142.01803,142.01803,8217184,consumer,True
2023-11-01,DUNE,143.919684,144.481741,141.430324,143.023657,143.023657,2789120,consumer,True
2023-11-02,DUNE,143.704032,145.394927,143.469268,143.911914,143.911914,8826968,consumer,True
2023-11-03,DUNE,143.589682,144.98853,141.693873,142.89482,142.89482,3805408,consumer,True
2023-11-06,DUNE,141.605628,142.140063,140.021124,142.010791,142.010791,3440136,consumer,True
2023-11-07,DUNE,142.558364,143.168658,140.95291,142.421454,142.421454,11244392,consumer,True
2023-11-08,DUNE,142.51889,143.394616,142.097426,142.192674,142.192674,6952328,consumer,True
2023-11-09,DUNE,142.233588,142.96444,141.601043,142.111746,142.111746,2866592,consumer,True
2023-11-10,DUNE,142.674242,143.228126,141.113783,142.408068,142.408068,14946744,consumer,True
2023-11-13,DUNE,144.055576,145.076908,142.252199,143.610471,143.610471,9150876,consumer,True
2023-11-14,DUNE,142.705196,143.293549,141.910267,142.838981,142.838981,8886124,consumer,True
2023-11-15,DUNE,144.812444,144.961982,143.121711,144.618141,144.618141,9283884,consumer,True
2023-11-16,DUNE,144.823918,146.086953,144.490057,145.112409,145.112409,10316548,consumer,True
2023-11-17,DUNE,146.738135,148.331609,145.388957,146.800818,146.800818,15075004,consumer,True
2023-11-20,DUNE,146.534348,147.692303,146.414091,146.743522,146.743522,8564384,consumer,True
2023-11-21,DUNE,145.25847,146.377078,143.528592,146.06111,146.06111,4141056,consumer,True
2023-11-22,DUNE,146.428102,147.800078,146.150223,146.255731,146.255731,15191724,consumer,True
2023-11-23,DUNE,146.730267,147.862395,144.762826,146.361222,146.361222,9276396,consumer,True
2023-11-24,DUNE,144.721861,144.845689,143.567069,144.610426,144.610426,15464988,consumer,True
2023-11-27,DUNE,147.45966,149.125978,145.374615,146.99481,146.99481,7079732,consumer,True
2023-11-28,DUNE,145.821791,146.125946,145.224196,145.606502,145.606502,12938716,consumer,True
2023-11-29,DUNE,145.442767,146.564303,144.576396,145.422822,145.422822,1244008,consumer,True
2023-11-30,DUNE,145.898183,146.373787,144.221492,145.888129,145.888129,8760864,consumer,True
2023-12-01,DUNE,148.131386,148.209298,147.605319,147.783892,147.783892,11162108,consumer,True
2023-12-04,DUNE,146.64329,148.643774,145.54182,147.106314,147.106314,1326576,consumer,True
2023-12-05,DUNE,146.282721,148.203466,145.315144,146.744963,146.744963,4849644,consumer,True
2023-12-06,DUNE,147.101679,148.208914,146.035047,147.071535,147.071535,5684616,consumer,True
2023-12-07,DUNE,147.655261,148.957207,146.632258,147.278016,147.278016,12760576,consumer,True
2023-12-08,DUNE,146.758841,147.999436,145.342659,146.925681,146.925681,1809660,consumer,True
2023-12-11,DUNE,147.269875,148.832222,146.815901,147.323206,147.323206,2646168,consumer,True
2023-12-12,DUNE,148.612047,149.792699,146.927802,148.591177,148.591177,2354252,consumer,True
2023-12-13,DUNE,149.849741,150.599214,148.649273,150.221863,150.221863,15156856,consumer,True
2023-12-14,DUNE,150.217315,151.906123,149.278168,149.870676,149.870676,9201468,consumer,True
2023-12-15,DUNE,151.024761,151.40015,150.213132,151.308145,151.308145,2920064,consumer,True
2023-12-18,DUNE,151.761948,152.592733,151.044285,151.71788,151.71788,6375772,consumer,True
2023-12-19,DUNE,150.038616,151.270133,148.950701,150.155898,150.155898,2573488,consumer,True
2023-12-20,DUNE,151.074238,152.790749,149.737947,150.60636,150.60636,10548904,consumer,True
2023-12-21,DUNE,151.995275,152.800369,150.053107,151.607676,151.607676,15589800,consumer,True
2023-12-22,DUNE,152.122269,153.531816,151.256012,152.247345,152.247345,2228120,consumer,True
2023-12-25,DUNE,154.67816,156.440384,152.718587,153.79937,153.79937,3050908,consumer,True
2023-12-26,DUNE,152.497361,153.284989,151.586753,153.136066,153.136066,1398132,consumer,True
2023-12-27,DUNE,153.830731,155.399546,153.334148,153.947014,153.947014,9499672,consumer,True
2023-12-28,DUNE,154.696769,156.33716,153.162379,154.865639,154.865639,1870560,consumer,True
2023-12-29,DUNE,155.571001,156.092865,155.14188,155.250521,155.250521,3439244,consumer,True
2024-01-01,DUNE,153.871752,155.488591,153.417211,153.694126,153.694126,10516732,consumer,True
2024-01-02,DUNE,153.641361,154.013664,153.343888,153.855904,153.855904,2945836,consumer,True
2024-01-03,DUNE,155.063371,155.771304,154.844462,155.206983,155.206983,1421088,consumer,True
2024-01-04,DUNE,152.566798,154.389856,151.850499,153.294194,153.294194,2299628,consumer,True
2024-01-05,DUNE,153.114758,153.604074,151.909354,153.093756,153.093756,2077496,consumer,True
2024-01-08,DUNE,154.139954,155.331765,151.97214,153.282351,153.282351,7753780,consumer,True
2024-01-09,DUNE,155.198599,155.900377,153.969309,155.366506,155.366506,3377360,consumer,True
2024-01-10,DUNE,154.070504,155.788012,152.836515,154.673864,154.673864,11207996,consumer,True
2024-01-11,DUNE,154.532066,155.249173,154.067643,154.70202,154.70202,6489988,consumer,True
2024-01-12,DUNE,155.546479,157.689436,154.645078,155.880667,155.880667,11801840,consumer,True
2024-01-15,DUNE,155.291947,155.998875,155.072775,155.6415,155.6415,8742436,consumer,True
2024-01-16,DUNE,155.038703,155.688952,154.326084,155.168217,155.168217,5830704,consumer,True
2024-01-17,DUNE,157.168544,157.882063,155.745616,156.700421,156.700421,3602292,consumer,True
2024-01-18,DUNE,158.868315,159.467195,158.612803,158.728892,158.728892,15618012,consumer,True
2024-01-19,DUNE,160.366698,160.788695,159.528404,160.623896,160.623896,9450364,consumer,True
2024-01-22,DUNE,160.998582,162.783312,159.808174,161.063192,161.063192,6113732,consumer,True
2024-01-23,DUNE,162.81719,163.349456,162.5861,163.172761,163.172761,6932724,consumer,True
2024-01-24,DUNE,162.805925,164.74664,161.776065,163.294212,163.294212,1398508,consumer,True
2024-01-25,DUNE,162.682557,164.189882,161.029989,163.137846,163.137846,8762376,consumer,True
2024-01-26,DUNE,164.229187,164.925985,163.101824,164.219261,164.219261,9940624,consumer,True
2024-01-29,DUNE,165.073087,166.074552,163.519952,164.39714,164.39714,11646948,consumer,True
2024-01-30,DUNE,163.243545,163.539916,161.704111,163.365086,163.365086,14633884,consumer,True
2024-01-31,DUNE,161.918683,164.386843,160.036876,162.709496,162.709496,6503024,consumer,True
2024-02-01,DUNE,162.223641,162.388231,161.395862,162.215614,162.215614,6060816,consumer,True
2024-02-02,DUNE,162.777971,163.988699,160.662305,161.776929,161.776929,9414264,consumer,True
2024-02-05,DUNE,161.302062,163.518103,159.724764,161.670422,161.670422,11908216,consumer,True
2024-02-06,DUNE,160.658076,161.124357,159.881632,160.987735,160.987735,13876804,consumer,True
2024-02-07,DUNE,160.132752,160.382193,158.878749,160.298494,160.298494,15761484,consumer,True
2024-02-08,DUNE,161.932819,163.463452,159.078026,160.969212,160.969212,1295388,consumer,True
2024-02-09,DUNE,160.884085,161.12504,160.186421,160.290936,160.290936,13190096,consumer,True
2024-02-12,DUNE,159.43896,160.996976,158.047029,159.733613,159.733613,11570732,consumer,True
2024-02-13,DUNE,162.622681,164.152858,161.371015,162.340894,162.340894,2481812,consumer,True
2024-02-14,DUNE,161.63847,162.733875,161.485898,162.035965,162.035965,1418628,consumer,True
2024-02-15,DUNE,161.679244,163.61046,159.602733,161.087248,161.087248,3898512,consumer,True
2024-02-16,DUNE,163.652149,164.091221,162.988863,163.600955,163.600955,7487444,consumer,True
2024-02-19,DUNE,164.109476,165.984689,162.155904,163.718919,163.718919,14913920,consumer,True
2024-02-20,DUNE,163.352009,165.090497,162.492276,163.48889,163.48889,5495892,consumer,True
2024-02-21,DUNE,164.733991,166.017559,162.18306,163.707989,163.707989,10636168,consumer,True
2024-02-22,DUNE,163.523315,164.429197,162.146805,163.688943,163.688943,9935252,consumer,True
2024-02-23,DUNE,165.550085,165.791022,164.641217,165.346741,165.346741,10461188,consumer,True
2024-02-26,DUNE,163.743579,164.868957,162.472108,163.748198,163.748198,7932180,consumer,True
2024-02-27,DUNE,164.850636,166.680621,164.650212,164.826684,164.826684,11836900,consumer,True
2024-02-28,DUNE,162.698625,165.032129,162.175644,163.44465,163.44465,15536080,consumer,True
2024-02-29,DUNE,162.698223,164.220882,161.499317,162.664771,162.664771,11506760,consumer,True
2024-03-01,DUNE,162.837592,164.548712,160.947382,162.779886,162.779886,15704420,consumer,True
2024-03-04,DUNE,163.850507,164.712574,161.698974,163.270844,163.270844,9983204,consumer,True
2024-03-05,DUNE,164.50326,166.33425,162.164749,163.837668,163.837668,11363120,consumer,True
2024-03-06,DUNE,164.266283,164.495282,163.437247,164.023164,164.023164,11909796,consumer,True
2024-03-07,DUNE,165.586114,167.68521,165.424533,166.199993,166.199993,7840300,consumer,True
2024-03-08,DUNE,164.023355,165.493499,162.57984,163.740616,163.740616,13750956,consumer,True
2024-03-11,DUNE,163.298076,163.569606,161.668191,162.973425,162.973425,14781364,consumer,True
2024-03-12,DUNE,162.419181,163.225964,160.904589,162.353105,162.353105,2535616,consumer,True
2024-03-13,DUNE,164.084641,164.429109,162.835963,163.742532,163.742532,10547372,consumer,True
2024-03-14,DUNE,165.252215,166.217927,162.640832,164.372753,164.372753,10890040,consumer,True
2024-03-15,DUNE,165.359884,166.778316,163.655087,165.432094,165.432094,12245112,consumer,True
2024-03-18,DUNE,164.187839,165.750151,164.093156,164.833296,164.833296,12236136,consumer,True
2024-03-19,DUNE,165.573603,166.374744,164.467969,165.055027,165.055027,11958452,consumer,True
2024-03-20,DUNE,165.353676,167.369078,165.156825,165.574048,165.574048,5406964,consumer,True
2024-03-21,DUNE,166.483429,167.973357,164.616911,166.808674,166.808674,3182208,consumer,True
2024-03-22,DUNE,165.986913,168.157419,165.892169,166.216332,166.216332,4628496,consumer,True
2024-03-25,DUNE,167.010463,169.084816,166.789133,167.207246,167.207246,7015568,consumer,True
2024-03-26,DUNE,168.031336,168.581553,166.365513,167.53156,167.53156,8513960,consumer,True
2024-03-27,DUNE,167.260481,168.121365,165.479645,166.84581,166.84581,14703164,consumer,True
2024-03-28,DUNE,165.21147,167.723313,164.959736,165.840262,165.840262,1912584,consumer,True
2024-03-29,DUNE,165.314902,166.422936,165.037582,165.439162,165.439162,14077148,consumer,True
2024-04-01,DUNE,165.146262,165.480943,163.937871,165.03355,165.03355,4767228,consumer,True
2024-04-02,DUNE,162.937252,164.096611,161.903374,163.274028,163.274028,14874292,consumer,True
2024-04-03,DUNE,164.552601,165.021767,163.46339,164.003741,164.003741,7189840,consumer,True
2024-04-04,DUNE,162.096609,162.979791,160.532465,162.183112,162.183112,4909080,consumer,True
2024-04-05,DUNE,163.901808,164.163229,162.863052,163.799204,163.799204,12397296,consumer,True
2024-04-08,DUNE,163.558575,164.662108,161.607533,163.84082,163.84082,6688656,consumer,True
2024-04-09,DUNE,162.387572,163.853301,160.337562,162.082936,162.082936,12988920,consumer,True
2024-04-10,DUNE,160.205859,161.378717,158.888324,160.466648,160.466648,15903684,consumer,True
2024-04-11,DUNE,161.772976,161.996173,159.868891,161.334162,161.334162,14584444,consumer,True
2024-04-12,DUNE,160.969243,161.863604,160.060705,161.432546,161.432546,15212488,consumer,True
2024-04-15,DUNE,161.93914,163.504879,161.125706,161.634265,161.634265,6452184,consumer,True
2024-04-16,DUNE,160.707901,161.220923,159.691629,160.428127,160.428127,11855916,consumer,True
2024-04-17,DUNE,159.532192,160.584145,158.963541,159.670799,159.670799,5804028,consumer,True
2024-04-18,DUNE,158.592678,159.970756,156.858413,158.499314,158.499314,7456772,consumer,True
2024-04-19,DUNE,159.560645,160.492502,157.844799,159.195118,159.195118,3755112,consumer,True
2024-04-22,DUNE,157.965202,158.561038,157.790096,157.97438,157.97438,1308724,consumer,True
2024-04-23,DUNE,156.659346,157.55463,155.793799,156.701154,156.701154,7124580,consumer,True
2024-04-24,DUNE,155.859569,155.984139,154.024078,155.234794,155.234794,7901712,consumer,True
2024-04-25,DUNE,153.839388,155.24956,153.425422,153.627124,153.627124,11075144,consumer,True
2024-04-26,DUNE,154.13737,155.692601,152.686659,153.70448,153.70448,11936904,consumer,True
2024-04-29,DUNE,154.17833,155.631971,153.478891,154.522057,154.522057,11064060,consumer,True
2024-04-30,DUNE,155.574894,156.364799,155.100594,156.103112,156.103112,2829644,consumer,True
2024-05-01,DUNE,156.039127,157.52147,154.303128,155.764314,155.764314,11756960,consumer,True
2024-05-02,DUNE,154.617382,155.594585,153.315804,154.826348,154.826348,7808464,consumer,True
2024-05-03,DUNE,155.724681,157.254084,154.917515,155.580559,155.580559,1255272,consumer,True
2024-05-06,DUNE,154.649205,155.8113,153.656809,155.010852,155.010852,10320964,consumer,True
2024-05-07,DUNE,153.420805,154.05882,152.510343,153.585311,153.585311,8284772,consumer,True
2024-05-08,DUNE,153.787509,155.186139,152.821222,153.063684,153.063684,12299484,consumer,True
2024-05-09,DUNE,150.608552,151.791166,149.530319,150.475492,150.475492,13648132,consumer,True
2024-05-10,DUNE,152.682184,153.859591,151.243876,152.132118,152.132118,7198584,consumer,True
2024-05-13,DUNE,154.698251,155.030692,153.544913,154.301803,154.301803,13120808,consumer,True
2024-05-14,DUNE,156.716125,157.782279,155.368401,156.231946,156.231946,8401348,consumer,True
2024-05-15,DUNE,156.370918,157.933386,155.151764,156.694226,156.694226,15319048,consumer,True
2024-05-16,DUNE,153.823824,156.040611,153.465288,154.564409,154.564409,6060988,consumer,True
2024-05-17,DUNE,155.245202,156.023223,153.045633,154.594692,154.594692,5115284,consumer,True
2024-05-20,DUNE,153.710849,154.029942,152.425771,153.568926,153.568926,13794276,consumer,True
2024-05-21,DUNE,154.880092,156.231507,153.277292,155.016344,155.016344,12630452,consumer,True
2024-05-22,DUNE,155.399003,156.164404,154.968832,155.154621,155.154621,6957284,consumer,True
2024-05-23,DUNE,154.640948,155.411263,152.950199,154.974962,154.974962,7212608,consumer,True
2024-05-24,DUNE,153.874832,155.459509,152.599126,153.937001,153.937001,10028820,consumer,True
2024-05-27,DUNE,154.562981,156.242183,153.616849,154.829934,154.829934,5722856,consumer,True
2024-05-28,DUNE,156.386484,158.126329,156.043905,156.6461,156.6461,2671552,consumer,True
2024-05-29,DUNE,156.399642,157.593346,154.895955,156.7048,156.7048,8165008,consumer,True
2024-05-30,DUNE,156.64201,157.824538,155.291951,156.947527,156.947527,12449356,consumer,True
2024-05-31,DUNE,157.976191,158.681955,156.24188,158.363338,158.363338,10170784,consumer,True
2024-06-03,DUNE,155.73872,156.54599,154.247801,156.166546,156.166546,13811344,consumer,True
2024-06-04,DUNE,156.460049,158.266821,153.898691,155.593413,155.593413,13955928,consumer,True
2024-06-05,DUNE,154.587479,155.751521,153.064839,154.67769,154.67769,3006896,consumer,True
2024-06-06,DUNE,154.275105,154.958235,153.229868,153.899113,153.899113,7779004,consumer,True
2024-06-07,DUNE,153.585626,153.997361,152.386212,153.661558,153.661558,8711808,consumer,True
2024-06-10,DUNE,153.482615,154.927368,152.344136,153.313061,153.313061,7967048,consumer,True
2024-06-11,DUNE,152.897418,154.64685,151.65623,152.859172,152.859172,8236432,consumer,True
2024-06-12,DUNE,153.609549,154.960105,153.177227,153.664623,153.664623,3802096,consumer,True
2024-06-13,DUNE,153.568017,154.383182,152.567337,153.919081,153.919081,13105852,consumer,True
2024-06-14,DUNE,154.263353,155.444116,152.955754,154.259049,154.259049,13224680,consumer,True
2024-06-17,DUNE,154.211827,154.375049,152.411158,154.199152,154.199152,2160544,consumer,True
2024-06-18,DUNE,154.364783,155.402753,153.396409,153.88896,153.88896,12493820,consumer,True
2024-06-19,DUNE,154.711215,156.169257,153.915027,154.456813,154.456813,3291824,consumer,True
2024-06-20,DUNE,153.731233,154.497925,153.123907,154.102728,154.102728,4163328,consumer,True
2024-06-21,DUNE,155.254171,156.246482,154.797446,155.123244,155.123244,3915728,consumer,True
2024-06-24,DUNE,153.990766,155.271943,153.746368,154.275326,154.275326,12439712,consumer,True
2024-06-25,DUNE,154.434714,154.924282,153.719994,154.640381,154.640381,4654012,consumer,True
2024-06-26,DUNE,155.103601,155.579721,153.952665,155.39547,155.39547,11195692,consumer,True
2024-06-27,DUNE,154.905988,155.357391,153.448993,155.145467,155.145467,12569100,consumer,True
2024-06-28,DUNE,155.083407,156.360879,152.765937,154.588363,154.588363,10984420,consumer,True
2024-07-01,DUNE,153.073131,155.810439,152.311392,154.016275,154.016275,11038832,consumer,True
2024-07-02,DUNE,152.838388,153.526897,151.16342,153.268193,153.268193,15669180,consumer,True
2024-07-03,DUNE,153.873613,155.018706,153.367553,153.565035,153.565035,13034912,consumer,True
2024-07-04,DUNE,154.820863,155.613248,153.120663,154.631757,154.631757,14727776,consumer,True
2024-07-05,DUNE,155.287813,155.966436,154.371886,155.434901,155.434901,8125496,consumer,True
2024-07-08,DUNE,153.195207,153.797072,151.452594,153.323079,153.323079,7766544,consumer,True
2024-07-09,DUNE,153.379223,154.813855,151.969019,153.182395,153.182395,13409968,consumer,True
2024-07-10,DUNE,153.677839,154.871835,152.473739,153.364354,153.364354,13229832,consumer,True
2024-07-11,DUNE,152.686516,154.043394,150.459553,152.08562,152.08562,14305824,consumer,True
2024-07-12,DUNE,152.460015,153.256642,151.077108,152.406009,152.406009,13349948,consumer,True
2024-07-15,DUNE,151.13273,151.645861,149.322457,150.463652,150.463652,2293356,consumer,True
2024-07-16,DUNE,151.000874,152.570213,148.964703,150.381636,150.381636,15379472,consumer,True
2024-07-17,DUNE,148.678476,149.809243,148.091755,149.063641,149.063641,4152444,consumer,True
2024-07-18,DUNE,149.609163,150.581733,148.078942,149.567904,149.567904,11596148,consumer,True
2024-07-19,DUNE,148.994504,151.108034,147.614721,149.609569,149.609569,10413720,consumer,True
2024-07-22,DUNE,150.322592,151.693078,150.053438,150.449208,150.449208,10278504,consumer,True
2024-07-23,DUNE,150.448332,151.615405,149.623061,150.588102,150.588102,6239432,consumer,True
2024-07-24,DUNE,150.079226,151.245771,149.968768,150.577935,150.577935,7759252,consumer,True
2024-07-25,DUNE,150.695155,151.68301,150.068959,150.49411,150.49411,2050636,consumer,True
2024-07-26,DUNE,150.167257,151.457233,148.281825,150.063333,150.063333,10905848,consumer,True
2024-07-29,DUNE,148.360609,149.813489,146.95651,148.594333,148.594333,10162944,consumer,True
2024-07-30,DUNE,148.086188,149.544747,147.805696,148.33373,148.33373,5772832,consumer,True
2024-07-31,DUNE,148.849446,148.927786,147.493449,148.285891,148.285891,13953924,consumer,True
2024-08-01,DUNE,147.287388,147.607783,145.488048,146.989205,146.989205,13236392,consumer,True
2024-08-02,DUNE,149.144145,150.52744,147.481824,149.091756,149.091756,5030580,consumer,True
2024-08-05,DUNE,149.43899,150.261215,147.76044,149.607099,149.607099,9424876,consumer,True
2024-08-06,DUNE,151.523566,152.261567,150.162521,151.350932,151.350932,1664832,consumer,True
2024-08-07,DUNE,152.278731,154.204268,151.671474,152.440451,152.440451,7107976,consumer,True
2024-08-08,DUNE,152.945458,154.903332,152.013499,153.079644,153.079644,1578620,consumer,True
2024-08-09,DUNE,154.862756,156.839103,154.234458,154.992345,154.992345,15452216,consumer,True
2024-08-12,DUNE,155.817708,156.350937,155.161247,156.244273,156.244273,4715612,consumer,True
2024-08-13,DUNE,154.975125,157.014922,154.778431,155.351833,155.351833,2761408,consumer,True
2024-08-14,DUNE,153.919071,155.901639,153.813004,154.787411,154.787411,5123900,consumer,True
2024-08-15,DUNE,153.393345,155.141155,151.800502,153.155863,153.155863,13897304,consumer,True
2024-08-16,DUNE,152.531231,153.554468,151.598765,152.392222,152.392222,1891728,consumer,True
2024-08-19,DUNE,153.08853,154.103657,152.098711,153.009202,153.009202,4894452,consumer,True
2024-08-20,DUNE,153.027948,154.406965,152.255918,153.236559,153.236559,13590560,consumer,True
2024-08-21,DUNE,155.676873,156.775313,153.818438,155.797804,155.797804,2481856,consumer,True
2024-08-22,DUNE,154.185101,155.692013,152.373151,154.309855,154.309855,11002684,consumer,True
2024-08-23,DUNE,156.242362,158.006072,155.699966,156.307639,156.307639,1551232,consumer,True
2024-08-26,DUNE,156.083749,157.535432,155.700663,156.185765,156.185765,6398788,consumer,True
2024-08-27,DUNE,156.517847,157.35083,155.728714,156.498566,156.498566,6499004,consumer,True
2024-08-28,DUNE,157.490344,158.879798,157.014633,157.986378,157.986378,6984268,consumer,True
2024-08-29,DUNE,158.146427,158.755323,156.679562,158.211535,158.211535,5816108,consumer,True
2024-08-30,DUNE,157.644164,158.281822,157.515526,158.065177,158.065177,4617832,consumer,True
2024-09-02,DUNE,157.964776,159.806581,156.815701,157.723053,157.723053,12649068,consumer,True
2024-09-03,DUNE,159.583688,160.045196,158.758102,159.409334,159.409334,11364412,consumer,True
2024-09-04,DUNE,158.549917,160.898989,157.736035,159.013895,159.013895,5446164,consumer,True
2024-09-05,DUNE,160.441655,161.527632,159.355955,160.446016,160.446016,3927260,consumer,True
2024-09-06,DUNE,160.120868,162.329167,159.643892,160.962631,160.962631,5196700,consumer,True
2024-09-09,DUNE,161.300858,163.474755,159.75621,161.591085,161.591085,8813924,consumer,True
2024-09-10,DUNE,160.448073,160.904772,158.822753,160.372603,160.372603,8535708,consumer,True
2024-09-11,DUNE,161.447953,162.317095,159.631411,161.522702,161.522702,9610452,consumer,True
2024-09-12,DUNE,160.500919,161.798852,158.486484,160.306525,160.306525,12049368,consumer,True
2024-09-13,DUNE,159.542337,160.578296,158.339749,160.162792,160.162792,1239960,consumer,True
2024-09-16,DUNE,159.543258,161.617138,159.228374,159.817335,159.817335,8537444,consumer,True
2024-09-17,DUNE,158.906878,161.116097,158.535144,159.399669,159.399669,3741024,consumer,True
2024-09-18,DUNE,159.116377,159.966244,157.703078,159.600457,159.600457,5648728,consumer,True
2024-09-19,DUNE,161.479022,162.029756,159.848775,161.030616,161.030616,1528300,consumer,True
2024-09-20,DUNE,160.833558,162.983915,159.828391,161.120578,161.120578,9699396,consumer,True
2024-09-23,DUNE,160.924626,162.783216,160.561144,161.103845,161.103845,10785544,consumer,True
2024-09-24,DUNE,160.770949,162.611573,159.731492,160.487613,160.487613,3359772,consumer,True
2024-09-25,DUNE,160.358787,162.018911,158.798699,160.657752,160.657752,5976088,consumer,True
2024-09-26,DUNE,160.194383,161.017456,158.681977,159.869509,159.869509,12812004,consumer,True
2024-09-27,DUNE,160.255444,161.476236,158.081171,159.293138,159.293138,6534124,consumer,True
2024-09-30,DUNE,159.423844,160.530647,157.754303,159.20434,159.20434,5941876,consumer,True
2024-10-01,DUNE,159.902257,160.429703,159.255963,160.305917,160.305917,13143408,consumer,True
2024-10-02,DUNE,159.508979,160.104242,158.519226,159.684624,159.684624,15245092,consumer,True
2024-10-03,DUNE,160.055883,161.750228,158.631321,160.051365,160.051365,3247096,consumer,True
2024-10-04,DUNE,162.226242,164.108236,160.876447,161.815414,161.815414,15498552,consumer,True
2024-10-07,DUNE,162.380606,163.969692,161.211434,162.521879,162.521879,7199752,consumer,True
2024-10-08,DUNE,163.513924,164.561732,163.025089,163.672755,163.672755,7138676,consumer,True
2024-10-09,DUNE,162.655837,163.717704,161.710043,163.207211,163.207211,10971908,consumer,True
2024-10-10,DUNE,166.253137,166.375444,164.869447,165.399663,165.399663,10081496,consumer,True
2024-10-11,DUNE,166.636502,168.258124,166.225649,167.012248,167.012248,13543640,consumer,True
2024-10-14,DUNE,167.060178,168.033681,166.12838,167.460619,167.460619,10037516,consumer,True
2024-10-15,DUNE,167.013804,168.178838,166.362391,166.907466,166.907466,9364464,consumer,True
2024-10-16,DUNE,168.95411,170.693174,168.089896,168.478445,168.478445,12091600,consumer,True
2024-10-17,DUNE,168.703759,170.068034,167.024481,168.757288,168.757288,7346568,consumer,True
2024-10-18,DUNE,168.188285,170.269041,166.29569,168.479696,168.479696,15999268,consumer,True
2024-10-21,DUNE,168.930361,170.775169,166.888429,168.619668,168.619668,15204068,consumer,True
2024-10-22,DUNE,170.885676,172.494769,170.263301,170.763932,170.763932,2900624,consumer,True
2024-10-23,DUNE,170.852048,172.754587,170.337955,170.550109,170.550109,4161144,consumer,True
2024-10-24,DUNE,172.750508,174.222813,171.851786,172.799951,172.799951,4675872,consumer,True
2024-10-25,DUNE,171.49371,172.281684,169.82007,171.556446,171.556446,4937188,consumer,True
2024-10-28,DUNE,170.949388,171.607661,168.639524,170.130416,170.130416,5375176,consumer,True
2024-10-29,DUNE,170.278106,171.28577,168.869936,170.192402,170.192402,5533340,consumer,True
2024-10-30,DUNE,170.09838,172.726557,169.064747,171.236792,171.236792,3131884,consumer,True
2024-10-31,DUNE,170.300051,171.927242,170.149978,170.277664,170.277664,14024560,consumer,True
2024-11-01,DUNE,171.606896,173.105764,170.571264,171.454531,171.454531,15976000,consumer,True
2024-11-04,DUNE,171.573048,173.222544,169.318204,171.230474,171.230474,3704572,consumer,True
2024-11-05,DUNE,168.879471,169.541592,167.654949,169.408062,169.408062,7267664,consumer,True
2024-11-06,DUNE,169.005969,169.962657,168.115717,169.456286,169.456286,7179040,consumer,True
2024-11-07,DUNE,169.657578,170.291841,168.418823,169.613371,169.613371,3438988,consumer,True
2024-11-08,DUNE,167.697293,169.468661,166.041805,167.366091,167.366091,14769716,consumer,True
2024-11-11,DUNE,166.2076,166.537039,164.273802,166.331633,166.331633,6203000,consumer,True
2024-11-12,DUNE,167.538911,168.276006,165.40721,166.777068,166.777068,12439916,consumer,True
2024-11-13,DUNE,167.711499,169.414436,165.837584,167.006347,167.006347,6076344,consumer,True
2024-11-14,DUNE,166.604337,167.075413,164.744093,166.737122,166.737122,10834628,consumer,True
2024-11-15,DUNE,168.718245,169.824585,167.109138,169.125442,169.125442,14733588,consumer,True
2024-11-18,DUNE,169.173039,169.416919,167.680162,169.043192,169.043192,10628380,consumer,True
2024-11-19,DUNE,167.437954,168.313872,166.25311,168.164435,168.164435,2314488,consumer,True
2024-11-20,DUNE,168.708879,170.563398,168.232568,168.433937,168.433937,14459336,consumer,True
2024-11-21,DUNE,168.710391,170.177246,167.756536,168.276441,168.276441,8250840,consumer,True
2024-11-22,DUNE,169.605395,171.404202,167.844818,169.565701,169.565701,6723540,consumer,True
2024-11-25,DUNE,170.163015,171.341567,168.719393,169.919675,169.919675,6996312,consumer,True
2024-11-26,DUNE,171.135923,173.034084,169.410711,171.098998,171.098998,13210652,consumer,True
2024-11-27,DUNE,173.83937,174.984096,172.845907,173.183481,173.183481,10351828,consumer,True
2024-11-28,DUNE,173.591981,173.964335,173.251898,173.726651,173.726651,9763612,consumer,True
2024-11-29,DUNE,173.456567,173.879702,171.056161,173.10938,173.10938,3632500,consumer,True
2024-12-02,DUNE,170.221979,171.168021,168.587774,170.369458,170.369458,2969992,consumer,True
2024-12-03,DUNE,169.845208,170.853601,169.078483,170.745865,170.745865,12489960,consumer,True
2024-12-04,DUNE,169.887704,170.235337,168.161153,169.699578,169.699578,14860316,consumer,True
2024-12-05,DUNE,169.865866,171.903237,168.567086,170.436787,170.436787,5141144,consumer,True
2024-12-06,DUNE,170.084134,171.662735,169.029813,170.261716,170.261716,9347860,consumer,True
2024-12-09,DUNE,170.226095,171.746442,168.219898,170.231457,170.231457,2181208,consumer,True
2024-12-10,DUNE,172.276253,173.992996,169.837771,171.265937,171.265937,12785916,consumer,True
2024-12-11,DUNE,172.076955,172.459255,170.097634,171.602984,171.602984,6377052,consumer,True
2024-12-12,DUNE,172.401461,174.1355,171.007743,172.83681,172.83681,4916240,consumer,True
2024-12-13,DUNE,171.842731,172.392387,170.96198,171.428623,171.428623,12408508,consumer,True
2024-12-16,DUNE,172.564546,173.827425,171.748481,172.570895,172.570895,2042704,consumer,True
2024-12-17,DUNE,170.728603,171.421707,168.998912,171.07585,171.07585,5152028,consumer,True
2024-12-18,DUNE,170.093375,171.496838,168.343013,169.315826,169.315826,4741852,consumer,True
2024-12-19,DUNE,167.678168,168.450566,166.996328,168.339911,168.339911,7384620,consumer,True
2024-12-20,DUNE,168.357403,168.901707,167.44923,168.233992,168.233992,9993288,consumer,True
2024-12-23,DUNE,167.364392,169.528501,165.762776,168.094683,168.094683,2947916,consumer,True
2024-12-24,DUNE,165.738132,167.781285,164.541806,165.91973,165.91973,7830512,consumer,True
2024-12-25,DUNE,164.415545,166.300799,163.88581,164.436671,164.436671,9197692,consumer,True
2024-12-26,DUNE,163.973573,166.207017,162.487701,164.520088,164.520088,13260668,consumer,True
2024-12-27,DUNE,165.051758,165.887086,163.693693,164.029345,164.029345,14447540,consumer,True
2024-12-30,DUNE,163.671167,164.42849,162.736038,164.114225,164.114225,5337896,consumer,True
2024-12-31,DUNE,166.337147,166.640662,163.840399,165.239086,165.239086,5378068,consumer,True
2025-01-01,DUNE,163.911906,164.655842,161.967827,164.47158,164.47158,5864508,consumer,True
2025-01-02,DUNE,165.32925,166.242466,163.529983,165.800031,165.800031,4346796,consumer,True
2025-01-03,DUNE,167.37074,169.089848,165.577734,167.246021,167.246021,5327832,consumer,True
2025-01-06,DUNE,167.593241,168.144286,167.253194,167.675271,167.675271,5665868,consumer,True
2025-01-07,DUNE,167.185426,168.42491,166.751112,167.403363,167.403363,3343840,consumer,True
2025-01-08,DUNE,165.428415,167.860713,163.647311,165.901311,165.901311,12703184,consumer,True
2025-01-09,DUNE,165.647978,166.070604,163.980069,165.539452,165.539452,11881124,consumer,True
2025-01-10,DUNE,166.831837,167.138657,166.572231,167.018126,167.018126,6975988,consumer,True
2025-01-13,DUNE,167.498072,168.331722,166.811435,167.169881,167.169881,2752140,consumer,True
2025-01-14,DUNE,166.794723,167.349085,164.945521,166.203145,166.203145,14177088,consumer,True
2025-01-15,DUNE,166.549721,168.022199,166.192112,166.355917,166.355917,11475532,consumer,True
2025-01-16,DUNE,166.624012,166.850941,164.166523,166.071668,166.071668,1268316,consumer,True
2025-01-17,DUNE,168.959032,170.358728,166.398385,167.9811,167.9811,13001888,consumer,True
2025-01-20,DUNE,170.037866,172.499844,169.830614,170.501317,170.501317,7232988,consumer,True
2025-01-21,DUNE,172.295006,174.028408,171.094397,171.833453,171.833453,4005492,consumer,True
2025-01-22,DUNE,173.798648,175.870062,172.772753,173.718427,173.718427,4276880,consumer,True
2025-01-23,DUNE,176.465488,178.766553,175.031942,177.046061,177.046061,12287328,consumer,True
2025-01-24,DUNE,178.33449,180.110492,175.55841,177.448111,177.448111,14236652,consumer,True
2025-01-27,DUNE,176.461454,176.949671,175.498583,176.695896,176.695896,15326824,consumer,True
2025-01-28,DUNE,177.864283,179.40446,177.042839,177.380099,177.380099,3438732,consumer,True
2025-01-29,DUNE,176.376018,178.861271,175.877136,176.76269,176.76269,13353260,consumer,True
2025-01-30,DUNE,175.532267,176.912963,174.493142,175.580084,175.580084,3126164,consumer,True
2025-01-31,DUNE,175.506181,177.492124,174.830357,175.350902,175.350902,6862752,consumer,True
2025-02-03,DUNE,176.080406,176.841558,173.555381,175.256167,175.256167,1490912,consumer,True
2025-02-04,DUNE,175.790729,176.482666,174.855464,175.363657,175.363657,10854748,consumer,True
2025-02-05,DUNE,173.567514,174.54846,172.622759,173.947573,173.947573,4991192,consumer,True
2025-02-06,DUNE,173.048237,174.798934,171.581399,173.3925,173.3925,14547364,consumer,True
2025-02-07,DUNE,174.060145,175.609626,173.371866,173.605531,173.605531,4629716,consumer,True
2025-02-10,DUNE,173.797063,175.063126,171.82605,174.709301,174.709301,10581436,consumer,True
2025-02-11,DUNE,176.726371,178.610876,175.797052,176.603895,176.603895,12360376,consumer,True
2025-02-12,DUNE,174.454044,174.870602,173.832225,174.533634,174.533634,13741312,consumer,True
2025-02-13,DUNE,174.691256,175.603951,174.083811,174.565516,174.565516,5628000,consumer,True
2025-02-14,DUNE,175.100664,176.900635,173.323777,175.352054,175.352054,4688020,consumer,True
2025-02-17,DUNE,176.426784,176.984119,175.189415,176.726269,176.726269,5557484,consumer,True
2025-02-18,DUNE,178.069802,179.571637,176.1725,177.456773,177.456773,8085380,consumer,True
2025-02-19,DUNE,175.999815,177.33581,174.994127,176.131507,176.131507,9742588,consumer,True
2025-02-20,DUNE,176.064684,177.756023,174.346957,176.27492,176.27492,15062616,consumer,True
2025-02-21,DUNE,177.564788,179.581174,176.569707,177.663375,177.663375,11316216,consumer,True
2025-02-24,DUNE,178.256108,179.548982,178.034725,178.387181,178.387181,9711340,consumer,True
2025-02-25,DUNE,177.586601,178.221812,175.697955,177.38507,177.38507,13265264,consumer,True
2025-02-26,DUNE,177.242728,178.004803,176.713018,177.783352,177.783352,3505540,consumer,True
2025-02-27,DUNE,177.860764,179.895116,177.169408,178.009221,178.009221,7387336,consumer,True
2025-02-28,DUNE,177.352749,179.325853,176.402558,178.434795,178.434795,15354260,consumer,True
2025-03-03,DUNE,176.663858,178.481015,174.639963,176.560031,176.560031,6595696,consumer,True
2025-03-04,DUNE,175.107588,175.920083,173.691232,175.033862,175.033862,6709604,consumer,True
2025-03-05,DUNE,174.497074,175.456897,172.561282,174.009525,174.009525,13900184,consumer,True
2025-03-06,DUNE,174.00269,175.332217,173.343531,174.447333,174.447333,9459284,consumer,True
2025-03-07,DUNE,172.599468,174.008644,171.138683,172.979438,172.979438,4729984,consumer,True
2025-03-10,DUNE,173.148715,174.70378,170.979868,172.831182,172.831182,6650124,consumer,True
2025-03-11,DUNE,173.064636,173.380537,170.627132,172.056668,172.056668,10023976,consumer,True
2025-03-12,DUNE,171.45666,173.011392,170.993817,171.957412,171.957412,11235452,consumer,True
2025-03-13,DUNE,171.701284,172.28849,170.526654,171.556839,171.556839,2031148,consumer,True
2025-03-14,DUNE,168.565033,170.016679,166.770507,169.46077,169.46077,3758644,consumer,True
2025-03-17,DUNE,170.284975,172.024931,170.13111,170.254649,170.254649,9762988,consumer,True
2025-03-18,DUNE,170.252704,172.19978,168.294725,170.345188,170.345188,2999456,consumer,True
2025-03-19,DUNE,168.060784,169.563664,167.221454,168.340135,168.340135,13083424,consumer,True
2025-03-20,DUNE,169.530146,170.418462,169.414372,169.934603,169.934603,5659572,consumer,True
2025-03-21,DUNE,171.467867,172.110674,169.914684,170.500744,170.500744,12929080,consumer,True
2025-03-24,DUNE,173.524771,174.82688,173.259373,173.369803,173.369803,2599084,consumer,True
2025-03-25,DUNE,174.133879,175.371119,173.559786,174.230796,174.230796,4694280,consumer,True
2025-03-26,DUNE,173.912686,174.596632,171.728915,173.772741,173.772741,4825220,consumer,True
2025-03-27,DUNE,173.26384,174.291802,170.926558,172.628978,172.628978,8590724,consumer,True
2025-03-28,DUNE,172.423445,173.994073,170.390833,172.197975,172.197975,15051300,consumer,True
2025-03-31,DUNE,171.635806,172.360356,169.58695,172.122784,172.122784,11427232,consumer,True
2025-04-01,DUNE,170.889662,172.128567,169.016791,170.42064,170.42064,10418120,consumer,True
2025-04-02,DUNE,171.418799,172.223539,169.544495,170.760269,170.760269,6312764,consumer,True
2025-04-03,DUNE,169.70608,170.981849,168.888013,169.09164,169.09164,15525628,consumer,True
2025-04-04,DUNE,170.586519,172.411351,168.998956,170.252077,170.252077,4237780,consumer,True
2025-04-07,DUNE,169.604979,171.226632,169.32917,169.511976,169.511976,6781524,consumer,True
2025-04-08,DUNE,170.322397,171.299548,168.473277,169.639699,169.639699,10758372,consumer,True
2025-04-09,DUNE,169.364231,170.152545,168.066885,169.701018,169.701018,9764356,consumer,True
2025-04-10,DUNE,169.603993,170.301586,167.782712,168.945477,168.945477,7188172,consumer,True
2025-04-11,DUNE,169.187655,170.191701,167.568335,169.937449,169.937449,14175444,consumer,True
2025-04-14,DUNE,170.9056,172.832517,169.699847,170.712096,170.712096,14848256,consumer,True
2025-04-15,DUNE,169.512367,170.704579,168.363167,169.156825,169.156825,3905912,consumer,True
2025-04-16,DUNE,166.683015,167.99522,166.478208,167.161907,167.161907,13023568,consumer,True
2025-04-17,DUNE,166.971788,167.689097,165.068389,166.877661,166.877661,14276592,consumer,True
2025-04-18,DUNE,167.78331,168.087951,166.283969,167.33039,167.33039,4885980,consumer,True
2025-04-21,DUNE,167.691175,169.249686,167.20355,167.604829,167.604829,14398956,consumer,True
2025-04-22,DUNE,168.344813,168.786664,168.072008,168.278872,168.278872,2721796,consumer,True
2025-04-23,DUNE,169.561256,169.652085,167.294971,169.030988,169.030988,15284744,consumer,True
2025-04-24,DUNE,170.785541,170.986645,168.381272,169.936998,169.936998,9954936,consumer,True
2025-04-25,DUNE,170.117992,171.227026,168.635243,170.443291,170.443291,15388408,consumer,True
2025-04-28,DUNE,171.438304,172.125536,171.14236,171.383519,171.383519,4051676,consumer,True
2025-04-29,DUNE,171.905587,172.697844,170.644694,171.692836,171.692836,6659404,consumer,True
2025-04-30,DUNE,168.714843,169.388072,168.125271,168.996063,168.996063,6716872,consumer,True
2025-05-01,DUNE,165.626276,167.973919,164.047833,166.113717,166.113717,14221524,consumer,True
2025-05-02,DUNE,168.077546,168.608359,165.867421,167.076974,167.076974,1870956,consumer,True
2025-05-05,DUNE,166.813115,167.775612,166.038521,166.808424,166.808424,7701616,consumer,True
2025-05-06,DUNE,169.092605,170.460417,168.32682,168.720592,168.720592,8632452,consumer,True
2025-05-07,DUNE,167.365118,167.96353,165.724806,167.573735,167.573735,15933096,consumer,True
2025-05-08,DUNE,167.278831,168.195315,166.310482,167.226188,167.226188,11679808,consumer,True
2025-05-09,DUNE,167.311448,169.01337,165.379886,167.846899,167.846899,4602172,consumer,True
2025-05-12,DUNE,167.214675,168.522954,166.363733,167.24937,167.24937,14663512,consumer,True
2025-05-13,DUNE,168.294417,170.262582,167.878662,168.287867,168.287867,12345472,consumer,True
2025-05-14,DUNE,169.616797,170.936564,168.05886,168.651291,168.651291,2866840,consumer,True
2025-05-15,DUNE,167.528744,168.808686,166.062101,166.995839,166.995839,8794996,consumer,True
2025-05-16,DUNE,169.891893,171.598773,168.920086,169.584087,169.584087,15378408,consumer,True
2025-05-19,DUNE,169.845707,170.666519,168.431067,170.127451,170.127451,7721368,consumer,True
2025-05-20,DUNE,172.102958,172.866653,170.358129,172.490389,172.490389,9829372,consumer,True
2025-05-21,DUNE,173.769695,173.924019,172.724042,173.375921,173.375921,11575404,consumer,True
2025-05-22,DUNE,173.854038,174.724528,172.942883,173.723259,173.723259,11979184,consumer,True
2025-05-23,DUNE,172.235305,173.155405,172.033466,172.309638,172.309638,3299556,consumer,True
2025-05-26,DUNE,171.061014,171.511317,169.860516,170.921617,170.921617,3854968,consumer,True
2025-05-27,DUNE,171.971037,173.273424,170.146763,171.911078,171.911078,14930800,consumer,True
2025-05-28,DUNE,171.903094,173.135545,169.911598,171.749639,171.749639,9584116,consumer,True
2025-05-29,DUNE,170.682242,171.451775,170.461238,170.555558,170.555558,8807280,consumer,True
2025-05-30,DUNE,173.097592,173.493098,171.730938,172.929054,172.929054,11754540,consumer,True
2025-06-02,DUNE,173.499844,174.558138,172.744707,173.467658,173.467658,3770424,consumer,True
2025-06-03,DUNE,173.653252,174.298521,172.455945,173.985341,173.985341,6717036,consumer,True
2025-06-04,DUNE,172.638594,172.853802,170.79278,172.748857,172.748857,15010024,consumer,True
2025-06-05,DUNE,174.063454,174.550282,173.430411,174.251055,174.251055,3761664,consumer,True
2025-06-06,DUNE,172.885639,173.352142,172.405731,172.519692,172.519692,7423448,consumer,True
2025-06-09,DUNE,172.529987,173.27538,171.198291,172.272827,172.272827,4357336,consumer,True
2025-06-10,DUNE,172.66344,173.763307,170.810369,172.522405,172.522405,10455936,consumer,True
2025-06-11,DUNE,171.703633,173.616845,170.693282,172.503823,172.503823,9465572,consumer,True
2025-06-12,DUNE,172.081283,173.784348,170.210951,172.712329,172.712329,5828000,consumer,True
2025-06-13,DUNE,174.486731,175.186506,173.304504,174.049866,174.049866,6940108,consumer,True
2025-06-16,DUNE,172.463295,174.269348,171.119498,172.574979,172.574979,13998988,consumer,True
2025-06-17,DUNE,173.588171,175.660598,171.873911,173.23522,173.23522,9694516,consumer,True
2025-06-18,DUNE,174.447058,176.367744,172.020907,173.962711,173.962711,5645684,consumer,True
2025-06-19,DUNE,175.457471,176.047718,174.88419,175.677569,175.677569,4549752,consumer,True
2025-06-20,DUNE,174.577646,175.321794,173.06965,174.273403,174.273403,13240844,consumer,True
2025-06-23,DUNE,173.510141,174.792322,172.031485,173.534289,173.534289,15322228,consumer,True
2025-06-24,DUNE,171.491403,172.185656,171.393294,171.997888,171.997888,12174820,consumer,True
2025-06-25,DUNE,172.141742,172.807641,171.835105,172.349534,172.349534,9557504,consumer,True
2025-06-26,DUNE,172.971136,173.297501,172.19255,172.803549,172.803549,5253736,consumer,True
2025-06-27,DUNE,173.95199,176.016155,172.402928,174.125315,174.125315,12308292,consumer,True
2025-06-30,DUNE,173.490211,174.399291,171.92338,174.01449,174.01449,7832424,consumer,True
2025-07-01,DUNE,174.337641,174.883433,173.253648,174.466376,174.466376,11251920,consumer,True
2025-07-02,DUNE,175.318136,177.321325,175.220131,175.352355,175.352355,2889340,consumer,True
2025-07-03,DUNE,173.560002,174.048562,172.682175,172.960794,172.960794,3588348,consumer,True
2025-07-04,DUNE,175.161923,176.732074,173.35821,174.976666,174.976666,8549808,consumer,True
2025-07-07,DUNE,176.477687,178.410884,174.365603,176.40097,176.40097,7981040,consumer,True
2025-07-08,DUNE,177.527924,178.259479,175.733863,177.262013,177.262013,5848864,consumer,True
2025-07-09,DUNE,178.500108,179.451835,176.478249,178.722754,178.722754,3142492,consumer,True
2025-07-10,DUNE,178.592935,179.877704,177.986804,178.108996,178.108996,4026788,consumer,True
2025-07-11,DUNE,178.63068,179.6151,177.170081,178.499857,178.499857,3366788,consumer,True
2025-07-14,DUNE,178.519965,178.833731,176.717999,178.61403,178.61403,15439380,consumer,True
2025-07-15,DUNE,177.94453,179.81748,175.774277,177.901931,177.901931,5587824,consumer,True
2025-07-16,DUNE,179.101496,180.334492,177.22983,178.101354,178.101354,4321360,consumer,True
2025-07-17,DUNE,175.485588,176.777122,173.704428,176.038157,176.038157,6534076,consumer,True
2025-07-18,DUNE,178.357689,178.568719,176.618361,178.357078,178.357078,7187600,consumer,True
2025-07-21,DUNE,174.952968,177.43214,173.464685,175.446955,175.446955,14533384,consumer,True
2025-07-22,DUNE,177.805473,179.302982,177.239491,177.539441,177.539441,5551240,consumer,True
2025-07-23,DUNE,178.653466,179.871007,177.058534,178.619719,178.619719,2030936,consumer,True
2025-07-24,DUNE,178.069386,179.403827,176.097686,177.398833,177.398833,15887988,consumer,True
2025-07-25,DUNE,176.962152,177.871246,174.925787,177.275143,177.275143,5550136,consumer,True
2025-07-28,DUNE,177.286868,180.123753,176.722381,177.996232,177.996232,11812696,consumer,True
2025-07-29,DUNE,179.265164,179.599303,177.727293,178.969464,178.969464,3533636,consumer,True
2025-07-30,DUNE,177.743865,179.347078,176.760546,177.860226,177.860226,15886812,consumer,True
2025-07-31,DUNE,179.391275,180.886683,177.32399,180.001883,180.001883,4067136,consumer,True
2025-08-01,DUNE,178.872208,179.895679,178.138992,179.459212,179.459212,3888224,consumer,True
2025-08-04,DUNE,182.006262,183.084299,180.37527,181.784354,181.784354,5724008,consumer,True
2025-08-05,DUNE,182.017716,182.117675,180.033495,181.965285,181.965285,5002620,consumer,True
2025-08-06,DUNE,182.33229,184.54408,181.831231,182.750784,182.750784,15682812,consumer,True
2025-08-07,DUNE,183.172301,183.705604,180.76317,182.745975,182.745975,5834200,consumer,True
2025-08-08,DUNE,183.522916,185.056131,181.594252,182.704472,182.704472,13272408,consumer,True
2025-08-11,DUNE,186.352273,187.782143,184.08837,186.133724,186.133724,13182684,consumer,True
2025-08-12,DUNE,185.686608,187.046656,185.361038,185.648898,185.648898,10908988,consumer,True
2025-08-13,DUNE,185.56609,187.308276,184.514101,185.847734,185.847734,5879924,consumer,True
2025-08-14,DUNE,183.099566,184.593237,181.259309,182.784223,182.784223,13190428,consumer,True
2025-08-15,DUNE,179.549225,181.224452,177.791736,179.655783,179.655783,6302864,consumer,True
2025-08-18,DUNE,178.236841,179.821289,176.516478,177.862882,177.862882,7686016,consumer,True
2025-08-19,DUNE,175.739418,177.871834,174.302916,176.469272,176.469272,3769200,consumer,True
2025-08-20,DUNE,178.137746,179.480053,175.92772,178.022331,178.022331,14248092,consumer,True
2025-08-21,DUNE,176.677385,178.927003,176.01237,176.872087,176.872087,3553904,consumer,True
2025-08-22,DUNE,173.612413,175.806819,172.463087,174.327789,174.327789,6598176,consumer,True
2025-08-25,DUNE,174.630039,175.444594,173.410344,174.600696,174.600696,14290756,consumer,True
2025-08-26,DUNE,177.248181,178.146827,176.416271,176.791349,176.791349,10610396,consumer,True
2025-08-27,DUNE,173.827409,175.799945,172.179614,174.031532,174.031532,12076500,consumer,True
2025-08-28,DUNE,174.163947,175.652354,172.479014,173.806262,173.806262,11567116,consumer,True
2025-08-29,DUNE,173.929183,174.469679,173.152808,174.272341,174.272341,8414220,consumer,True
2025-09-01,DUNE,173.666271,176.059721,172.881446,174.584597,174.584597,8532456,consumer,True
2025-09-02,DUNE,173.146243,174.176025,171.917632,173.276324,173.276324,12697360,consumer,True
2025-09-03,DUNE,171.11466,172.411721,169.627314,171.000003,171.000003,8857244,consumer,True
2025-09-04,DUNE,171.366588,173.1215,169.785424,172.261611,172.261611,6797148,consumer,True
2025-09-05,DUNE,172.854218,173.058325,171.367636,172.696334,172.696334,6377972,consumer,True
2025-09-08,DUNE,171.485813,172.238694,169.669565,171.543853,171.543853,15109516,consumer,True
2025-09-09,DUNE,171.169039,173.090646,169.185532,171.185738,171.185738,6607508,consumer,True
2025-09-10,DUNE,171.609128,172.790433,170.14554,171.659042,171.659042,12208116,consumer,True
2025-09-11,DUNE,170.828022,171.676108,169.248535,171.295305,171.295305,11289740,consumer,True
2025-09-12,DUNE,171.831051,172.758662,169.97894,171.767139,171.767139,15597064,consumer,True
2025-09-15,DUNE,171.388641,173.156706,170.203343,172.183326,172.183326,13676128,consumer,True
2025-09-16,DUNE,171.692358,173.750126,169.793283,172.139612,172.139612,12383464,consumer,True
2025-09-17,DUNE,171.102646,172.288579,169.204511,171.947285,171.947285,6627984,consumer,True
2025-09-18,DUNE,171.966676,173.304821,171.261337,171.888606,171.888606,1229228,consumer,True
2025-09-19,DUNE,170.315527,172.199695,168.78295,170.350248,170.350248,12607492,consumer,True
2025-09-22,DUNE,168.725902,169.595114,168.468436,168.880716,168.880716,12772816,consumer,True
2025-09-23,DUNE,167.316265,168.297271,166.431341,168.171419,168.171419,12019960,consumer,True
2025-09-24,DUNE,169.510153,169.684168,168.386826,169.386115,169.386115,15784404,consumer,True
2025-09-25,DUNE,168.608684,169.666989,167.891669,169.178532,169.178532,4595860,consumer,True
2025-09-26,DUNE,169.642033,171.647668,167.851522,169.824955,169.824955,13275596,consumer,True
2025-09-29,DUNE,168.704258,169.764854,167.602937,168.417175,168.417175,11129796,consumer,True
2025-09-30,DUNE,168.168847,168.38928,166.446975,168.125839,168.125839,6323232,consumer,True
2025-10-01,DUNE,167.710814,168.631195,166.461404,167.573342,167.573342,8876304,consumer,True
2025-10-02,DUNE,166.235438,167.989554,164.908062,166.107124,166.107124,7276400,consumer,True
2025-10-03,DUNE,166.564308,168.437306,165.850267,166.613201,166.613201,8646968,consumer,True
2025-10-06,DUNE,168.109151,169.595752,167.115593,167.425585,167.425585,5622900,consumer,True
2025-10-07,DUNE,167.199116,168.073087,165.352983,167.48972,167.48972,15985104,consumer,True
2025-10-08,DUNE,167.712873,168.590329,166.571739,166.952167,166.952167,9916196,consumer,True
2025-10-09,DUNE,168.538828,169.034757,167.755739,168.124171,168.124171,7033220,consumer,True
2025-10-10,DUNE,166.513163,168.823983,164.692806,167.054965,167.054965,13865836,consumer,True
2025-10-13,DUNE,169.851266,170.048705,168.294485,169.275514,169.275514,8007144,consumer,True
2025-10-14,DUNE,170.228578,171.066624,169.31154,169.943925,169.943925,3902108,consumer,True
2025-10-15,DUNE,169.738435,171.419238,169.462373,169.553522,169.553522,6598432,consumer,True
2025-10-16,DUNE,169.723469,171.875677,168.903452,170.448159,170.448159,11950100,consumer,True
2025-10-17,DUNE,171.680884,172.716512,170.826888,170.923059,170.923059,11599640,consumer,True
2025-10-20,DUNE,171.605035,172.054008,170.415415,171.125703,171.125703,3593560,consumer,True
2025-10-21,DUNE,168.984049,171.237828,168.208464,169.517246,169.517246,8852372,consumer,True
2025-10-22,DUNE,168.872523,170.385006,168.056951,169.712697,169.712697,5280940,consumer,True
2025-10-23,DUNE,166.707974,167.229566,164.864731,167.121662,167.121662,13171772,consumer,True
2025-10-24,DUNE,169.574769,170.316103,168.292716,169.431891,169.431891,11588740,consumer,True
2025-10-27,DUNE,168.369258,169.138645,166.358257,168.159396,168.159396,4450484,consumer,True
2025-10-28,DUNE,168.411722,170.30606,167.051946,168.515578,168.515578,11621804,consumer,True
2025-10-29,DUNE,169.230897,169.890621,168.777972,169.070865,169.070865,11620808,consumer,True
2025-10-30,DUNE,169.216119,169.887136,167.081037,168.996489,168.996489,12160968,consumer,True
2025-10-31,DUNE,168.140263,170.354513,167.749314,168.718663,168.718663,1773236,consumer,True
2025-11-03,DUNE,168.68779,169.68247,166.76914,168.39479,168.39479,8436556,consumer,True
2025-11-04,DUNE,167.101333,168.996721,166.813361,167.380139,167.380139,9306260,consumer,True
2025-11-05,DUNE,167.707875,169.118723,166.627503,167.528588,167.528588,1826348,consumer,True
2025-11-06,DUNE,166.291211,167.656901,164.326401,166.865991,166.865991,3414336,consumer,True
2025-11-07,DUNE,168.503432,169.792337,166.904395,168.245883,168.245883,11153208,consumer,True
2025-11-10,DUNE,168.035584,170.07167,167.504495,168.197883,168.197883,3778784,consumer,True
2025-11-11,DUNE,168.532989,169.718986,166.768643,168.763138,168.763138,1314300,consumer,True
2025-11-12,DUNE,168.398326,169.024219,166.741375,168.50482,168.50482,8114868,consumer,True
2025-11-13,DUNE,168.582487,170.280773,167.99852,168.817879,168.817879,2101112,consumer,True
2025-11-14,DUNE,168.216462,168.660136,166.279436,168.322146,168.322146,4430232,consumer,True
2025-11-17,DUNE,167.416029,169.519287,167.242203,167.514645,167.514645,3015336,consumer,True
2025-11-18,DUNE,167.206342,168.358274,166.452251,167.485716,167.485716,15070660,consumer,True
2025-11-19,DUNE,167.515203,169.596341,166.489406,168.146607,168.146607,15229484,consumer,True
2025-11-20,DUNE,169.353663,170.581934,168.998885,169.314899,169.314899,14947080,consumer,True
2025-11-21,DUNE,167.833121,168.935054,166.452534,167.96962,167.96962,7661020,consumer,True
2025-11-24,DUNE,168.201417,169.527041,167.984917,168.378797,168.378797,10340656,consumer,True
2023-01-02,ECHO,142.376067,143.818356,140.692153,142.615481,142.615481,15186590,health,False
2023-01-03,ECHO,143.238849,143.764558,142.349717,142.92714,142.92714,14152540,health,False
2023-01-04,ECHO,142.377158,144.095297,140.793991,142.731057,142.731057,8902565,health,False
2023-01-05,ECHO,143.049196,144.202539,141.449688,142.783496,142.783496,6653970,health,False
2023-01-06,ECHO,143.930988,144.539733,142.332873,144.28854,144.28854,2055215,health,False
2023-01-09,ECHO,144.264282,145.270397,143.349216,143.726075,143.726075,14792055,health,False
2023-01-10,ECHO,146.810928,147.444998,145.023416,146.217244,146.217244,7734340,health,False
2023-01-11,ECHO,144.871733,145.976832,143.300963,145.309481,145.309481,17341125,health,False
2023-01-12,ECHO,144.811102,146.148034,144.565782,145.217796,145.217796,6855810,health,False
2023-01-13,ECHO,143.124033,144.334934,142.732115,142.94115,142.94115,8564750,health,False
2023-01-16,ECHO,141.392114,142.56704,139.790314,142.008882,142.008882,11851915,health,False
2023-01-17,ECHO,142.206771,143.70189,141.023827,142.068739,142.068739,7416905,health,False
2023-01-18,ECHO,144.24028,145.111158,143.158098,143.588852,143.588852,6907915,health,False
2023-01-19,ECHO,144.008973,145.590213,143.348687,143.865306,143.865306,2932275,health,False
2023-01-20,ECHO,144.230326,145.920812,143.515018,144.615276,144.615276,12802765,health,False
2023-01-23,ECHO,144.928495,146.25122,143.588906,145.737894,145.737894,10881605,health,False
2023-01-24,ECHO,144.633519,145.99625,143.999261,145.244616,145.244616,19588885,health,False
2023-01-25,ECHO,146.6266,147.128919,146.122253,146.907557,146.907557,9056865,health,False
2023-01-26,ECHO,147.230972,149.5546,146.168059,147.90604,147.90604,7757280,health,False
2023-01-27,ECHO,149.130657,149.431422,148.80083,149.071723,149.071723,13194750,health,False
2023-01-30,ECHO,149.039334,150.210815,148.7793,149.230125,149.230125,9324795,health,False
2023-01-31,ECHO,148.703099,149.916912,147.341596,148.887512,148.887512,1805075,health,False
2023-02-01,ECHO,149.44224,150.302782,148.893824,149.323956,149.323956,14048840,health,False
2023-02-02,ECHO,149.60314,151.372333,147.935725,149.732953,149.732953,4434660,health,False
2023-02-03,ECHO,149.854779,151.626143,148.392405,149.911462,149.911462,16355135,health,False
2023-02-06,ECHO,148.920954,149.858303,147.314597,148.262076,148.262076,19013925,health,False
2023-02-07,ECHO,146.869517,147.582347,146.255137,146.932036,146.932036,9742795,health,False
2023-02-08,ECHO,146.614159,148.244634,145.513245,145.894643,145.894643,14940120,health,False
2023-02-09,ECHO,146.282422,147.37205,144.891278,146.422947,146.422947,11769690,health,False
2023-02-10,ECHO,144.405592,145.216204,143.264268,144.556319,144.556319,9680295,health,False
2023-02-13,ECHO,145.312727,146.058786,144.774092,145.561871,145.561871,6871935,health,False
2023-02-14,ECHO,145.894752,146.034498,145.68402,145.836167,145.836167,3933960,health,False
2023-02-15,ECHO,147.736007,149.488353,146.61098,147.512973,147.512973,17978085,health,False
2023-02-16,ECHO,146.663761,147.069843,146.152387,146.947113,146.947113,6919610,health,False
2023-02-17,ECHO,148.050244,149.42351,146.394267,147.606776,147.606776,12810575,health,False
2023-02-20,ECHO,147.618978,147.798219,147.185963,147.703774,147.703774,14749185,health,False
2023-02-21,ECHO,147.178205,148.078403,146.273109,146.999359,146.999359,19202480,health,False
2023-02-22,ECHO,148.732502,148.923553,147.323541,148.617224,148.617224,3231195,health,False
2023-02-23,ECHO,149.208157,149.546295,148.36693,149.353434,149.353434,17574560,health,False
2023-02-24,ECHO,148.466292,149.828424,148.308322,148.792735,148.792735,12498365,health,False
2023-02-27,ECHO,147.75966,148.793878,147.502071,148.017357,148.017357,18642005,health,False
2023-02-28,ECHO,148.273007,149.189822,147.36361,148.943255,148.943255,12395295,health,False
2023-03-01,ECHO,149.354623,149.500672,147.375811,148.954316,148.954316,10791265,health,False
2023-03-02,ECHO,148.399111,148.761156,147.398922,148.67786,148.67786,12630625,health,False
2023-03-03,ECHO,148.800519,150.605753,148.04756,149.282852,149.282852,13188285,health,False
2023-03-06,ECHO,146.58157,147.444566,145.911703,147.338896,147.338896,3318625,health,False
2023-03-07,ECHO,146.105502,147.074263,145.112369,146.234576,146.234576,9853755,health,False
2023-03-08,ECHO,145.019409,145.513073,143.611878,145.266649,145.266649,12655190,health,False
2023-03-09,ECHO,143.897451,145.235788,143.073094,143.628661,143.628661,7110100,health,False
2023-03-10,ECHO,143.25287,145.526676,142.481248,143.875352,143.875352,16314310,health,False
2023-03-13,ECHO,143.593091,145.22211,142.285318,143.189554,143.189554,18151105,health,False
2023-03-14,ECHO,142.498337,142.992736,140.541982,142.007989,142.007989,16460035,health,False
2023-03-15,ECHO,142.708734,143.421525,141.050566,142.992566,142.992566,5039765,health,False
2023-03-16,ECHO,143.606847,144.009387,142.837909,143.571804,143.571804,12049805,health,False
2023-03-17,ECHO,144.729952,145.126347,144.028893,144.990477,144.990477,11938925,health,False
2023-03-20,ECHO,145.54878,146.233137,144.976633,145.062026,145.062026,5043015,health,False
2023-03-21,ECHO,147.99253,148.90725,146.124776,147.565213,147.565213,17038995,health,False
2023-03-22,ECHO,149.197763,150.887209,147.575938,149.083232,149.083232,8800580,health,False
2023-03-23,ECHO,146.607864,148.188518,144.93515,146.808793,146.808793,14706085,health,False
2023-03-24,ECHO,147.746467,149.236418,147.314403,147.803964,147.803964,10549470,health,False
2023-03-27,ECHO,149.097383,150.039715,147.924122,149.144748,149.144748,13953855,health,False
2023-03-28,ECHO,150.436261,150.673204,149.111949,150.380629,150.380629,9478275,health,False
2023-03-29,ECHO,148.887895,149.506773,148.537005,148.971351,148.971351,1907860,health,False
2023-03-30,ECHO,148.607293,149.506609,147.691583,148.792644,148.792644,6257070,health,False
2023-03-31,ECHO,147.522715,148.068113,147.119668,147.720234,147.720234,19280840,health,False
2023-04-03,ECHO,147.241272,149.338261,145.540292,147.637851,147.637851,15641295,health,False
2023-04-04,ECHO,147.403192,148.820606,146.528843,148.022336,148.022336,5825100,health,False
2023-04-05,ECHO,149.291683,149.813381,148.943583,149.29721,149.29721,11255205,health,False
2023-04-06,ECHO,147.43365,147.851307,145.922004,147.656786,147.656786,11196965,health,False
2023-04-07,ECHO,146.770752,147.833585,145.832438,146.778642,146.778642,9207650,health,False
2023-04-10,ECHO,145.440454,147.473013,143.986245,145.913427,145.913427,17045985,health,False
2023-04-11,ECHO,145.263706,146.270921,144.427791,145.635232,145.635232,19132445,health,False
2023-04-12,ECHO,147.170568,147.418274,146.60993,146.921995,146.921995,5385170,health,False
2023-04-13,ECHO,147.6331,148.160552,145.953553,147.548199,147.548199,12084995,health,False
2023-04-14,ECHO,147.447466,148.272655,146.7654,147.467023,147.467023,11095075,health,False
2023-04-17,ECHO,147.490437,148.297174,145.78751,147.795622,147.795622,10490910,health,False
2023-04-18,ECHO,147.042638,147.866637,145.487015,147.264733,147.264733,4939030,health,False
2023-04-19,ECHO,147.045582,148.284017,145.390557,147.015452,147.015452,19553985,health,False
2023-04-20,ECHO,146.494639,147.238928,145.636282,146.59664,146.59664,10604710,health,False
2023-04-21,ECHO,146.077646,146.187278,145.748386,146.104684,146.104684,13723170,health,False
2023-04-24,ECHO,145.254097,146.068281,144.974184,145.283379,145.283379,13725310,health,False
2023-04-25,ECHO,146.178025,146.284909,145.412996,146.110213,146.110213,16413520,health,False
2023-04-26,ECHO,145.468898,146.641431,144.553309,145.563355,145.563355,8228000,health,False
2023-04-27,ECHO,145.868809,147.547019,144.855026,145.049799,145.049799,19971310,health,False
2023-04-28,ECHO,143.971733,146.330798,143.885568,144.682395,144.682395,7219800,health,False
2023-05-01,ECHO,144.282908,145.701633,142.768059,144.452849,144.452849,5580890,health,False
2023-05-02,ECHO,144.932914,145.740585,144.355375,144.636771,144.636771,17931450,health,False
2023-05-03,ECHO,144.761325,145.94529,143.180473,144.802253,144.802253,15452410,health,False
2023-05-04,ECHO,145.627861,145.799779,144.369634,145.304517,145.304517,19564185,health,False
2023-05-05,ECHO,145.748276,146.315127,144.651488,145.576321,145.576321,10564920,health,False
2023-05-08,ECHO,145.755258,147.321602,144.527005,145.551117,145.551117,4998650,health,False
2023-05-09,ECHO,145.868027,147.823839,145.291008,146.193444,146.193444,8306685,health,False
2023-05-10,ECHO,146.089115,146.559503,144.769661,146.041909,146.041909,9356005,health,False
2023-05-11,ECHO,145.890005,147.39701,144.227881,146.41552,146.41552,13393105,health,False
2023-05-12,ECHO,146.978207,148.728724,146.383945,146.536929,146.536929,10915630,health,False
2023-05-15,ECHO,144.580117,145.709686,143.464634,144.181951,144.181951,15857630,health,False
2023-05-16,ECHO,144.764353,146.195435,142.397524,143.998402,143.998402,3694845,health,False
2023-05-17,ECHO,144.734117,144.946841,143.394105,144.685109,144.685109,17372860,health,False
2023-05-18,ECHO,144.041549,145.035728,142.694331,144.655905,144.655905,18234520,health,False
2023-05-19,ECHO,144.586276,145.252993,143.193451,144.289265,144.289265,3529370,health,False
2023-05-22,ECHO,144.252648,145.479194,142.220495,143.727358,143.727358,10714450,health,False
2023-05-23,ECHO,145.372985,145.70506,143.895586,145.411851,145.411851,15646810,health,False
2023-05-24,ECHO,145.365582,145.655791,144.445951,145.201143,145.201143,10390265,health,False
2023-05-25,ECHO,146.123636,146.860564,144.566353,146.342575,146.342575,13367265,health,False
2023-05-26,ECHO,147.283157,148.678546,146.382979,147.211776,147.211776,11372565,health,False
2023-05-29,ECHO,145.90017,147.032087,144.971311,146.4966,146.4966,6922275,health,False
2023-05-30,ECHO,147.023169,147.777594,144.808552,146.36921,146.36921,10160415,health,False
2023-05-31,ECHO,144.637971,145.970551,143.229572,145.004977,145.004977,15955275,health,False
2023-06-01,ECHO,142.395921,142.514523,140.882931,141.800674,141.800674,13495875,health,False
2023-06-02,ECHO,143.566946,144.559714,142.650423,143.71999,143.71999,19148525,health,False
2023-06-05,ECHO,143.397231,143.927568,142.107749,143.799804,143.799804,2169815,health,False
2023-06-06,ECHO,142.966651,143.130165,142.239134,143.044025,143.044025,18510305,health,False
2023-06-07,ECHO,143.450632,143.884857,142.052708,143.331909,143.331909,4018975,health,False
2023-06-08,ECHO,143.468635,144.658508,141.521803,142.86601,142.86601,13842790,health,False
2023-06-09,ECHO,144.222485,145.457452,142.825912,144.436263,144.436263,18287920,health,False
2023-06-12,ECHO,143.731021,144.298884,142.35228,144.150292,144.150292,6035240,health,False
2023-06-13,ECHO,142.452277,143.7504,140.863206,143.204506,143.204506,5104260,health,False
2023-06-14,ECHO,145.755288,146.73836,144.982633,146.000421,146.000421,5698910,health,False
2023-06-15,ECHO,146.872432,147.005567,145.131734,146.917984,146.917984,15189400,health,False
2023-06-16,ECHO,148.15734,148.421268,146.402168,147.730661,147.730661,12450290,health,False
2023-06-19,ECHO,147.784809,149.24498,146.968489,148.118301,148.118301,18168935,health,True
2023-06-20,ECHO,149.659045,150.344056,148.26842,149.793489,149.793489,2701940,health,True
2023-06-21,ECHO,148.365654,149.233904,147.413623,148.085969,148.085969,10419410,health,True
2023-06-22,ECHO,149.346376,150.953318,149.134091,149.427764,149.427764,4757780,health,True
2023-06-23,ECHO,147.536826,147.986283,147.431017,147.882967,147.882967,17404965,health,True
2023-06-26,ECHO,149.489661,151.268371,148.143639,149.313927,149.313927,10412055,health,True
2023-06-27,ECHO,148.791192,149.267517,148.505763,149.051617,149.051617,13077780,health,True
2023-06-28,ECHO,147.819647,149.384508,147.368508,147.704342,147.704342,7014065,health,True
2023-06-29,ECHO,147.233212,148.73828,145.997034,147.542319,147.542319,7396990,health,True
2023-06-30,ECHO,146.833272,147.961345,146.056542,147.415678,147.415678,9692940,health,True
2023-07-03,ECHO,148.143109,148.642603,146.957208,147.84791,147.84791,12029850,health,True
2023-07-04,ECHO,147.597411,148.059827,147.462662,147.778677,147.778677,17732790,health,True
2023-07-05,ECHO,148.895313,150.898627,147.78222,149.379866,149.379866,18250670,health,True
2023-07-06,ECHO,149.13778,150.725214,148.420381,149.11342,149.11342,5461430,health,True
2023-07-07,ECHO,149.682712,150.37939,147.984685,149.169917,149.169917,9710255,health,True
2023-07-10,ECHO,149.094774,150.059263,148.307616,148.672252,148.672252,5336120,health,True
2023-07-11,ECHO,150.148627,151.12446,148.415061,149.869824,149.869824,7754340,health,True
2023-07-12,ECHO,148.525347,150.039469,147.696566,148.756782,148.756782,6299500,health,True
2023-07-13,ECHO,148.840979,149.755239,147.371882,148.679191,148.679191,5922500,health,True
2023-07-14,ECHO,150.171725,151.41618,148.839368,149.772628,149.772628,15834215,health,True
2023-07-17,ECHO,150.781844,152.536053,149.729504,150.907426,150.907426,13285910,health,True
2023-07-18,ECHO,152.738196,153.073224,151.474973,152.276476,152.276476,6583110,health,True
2023-07-19,ECHO,153.308665,154.814543,152.885764,153.518316,153.518316,6604200,health,True
2023-07-20,ECHO,154.175315,155.362268,153.589567,153.859535,153.859535,16110110,health,True
2023-07-21,ECHO,153.172784,155.164401,152.454705,153.412564,153.412564,2653510,health,True
2023-07-24,ECHO,152.447883,154.381294,150.974455,153.280468,153.280468,18266830,health,True
2023-07-25,ECHO,153.406072,153.978008,151.849998,153.585176,153.585176,13873320,health,True
2023-07-26,ECHO,152.928932,153.09808,152.407032,152.818542,152.818542,6199480,health,True
2023-07-27,ECHO,152.526215,154.041933,151.823187,152.638903,152.638903,10941830,health,True
2023-07-28,ECHO,152.620643,154.418601,151.311469,152.165871,152.165871,7133160,health,True
2023-07-31,ECHO,151.477134,153.338561,150.051182,151.542859,151.542859,12119110,health,True
2023-08-01,ECHO,152.420185,154.208032,150.91525,151.854961,151.854961,13724615,health,True
2023-08-02,ECHO,154.408487,155.427039,153.829641,155.052618,155.052618,9828540,health,True
2023-08-03,ECHO,154.893717,156.83379,153.768794,155.041511,155.041511,7983185,health,True
2023-08-04,ECHO,155.773442,156.687046,155.311969,156.43817,156.43817,12233020,health,True
2023-08-07,ECHO,156.143472,157.232227,154.827006,156.260343,156.260343,13576850,health,True
2023-08-08,ECHO,156.41484,158.012081,155.579829,156.345358,156.345358,15150440,health,True
2023-08-09,ECHO,155.746688,156.838633,154.412452,155.437532,155.437532,10163055,health,True
2023-08-10,ECHO,155.822591,155.934426,155.227966,155.850283,155.850283,17708185,health,True
2023-08-11,ECHO,156.566337,157.690145,155.317346,156.738515,156.738515,7229130,health,True
2023-08-14,ECHO,157.46069,159.444202,155.956249,157.561504,157.561504,5396020,health,True
2023-08-15,ECHO,157.493014,158.592658,156.086181,157.560219,157.560219,16043890,health,True
2023-08-16,ECHO,159.160657,160.081476,156.881881,158.459293,158.459293,7535310,health,True
2023-08-17,ECHO,156.410025,157.334704,155.998019,156.959805,156.959805,6137285,health,True
2023-08-18,ECHO,156.618611,157.238489,156.04151,156.499352,156.499352,9672990,health,True
2023-08-21,ECHO,157.622794,158.011477,157.499304,157.926348,157.926348,12267830,health,True
2023-08-22,ECHO,158.705962,158.917897,156.290038,157.927026,157.927026,9123735,health,True
2023-08-23,ECHO,158.399864,160.134629,157.30431,158.309796,158.309796,15255300,health,True
2023-08-24,ECHO,158.299644,160.300558,157.368261,158.700492,158.700492,17220680,health,True
2023-08-25,ECHO,157.112821,157.511797,156.96791,157.370447,157.370447,2268170,health,True
2023-08-28,ECHO,158.222689,159.558963,158.086568,158.581592,158.581592,6813525,health,True
2023-08-29,ECHO,156.735077,158.559782,156.499977,157.174892,157.174892,14901125,health,True
2023-08-30,ECHO,157.083664,157.499201,155.898193,157.160072,157.160072,2447455,health,True
2023-08-31,ECHO,159.045513,159.132906,158.376642,158.464217,158.464217,11760380,health,True
2023-09-01,ECHO,160.810785,161.234969,159.292614,160.495729,160.495729,7681830,health,True
2023-09-04,ECHO,160.753088,161.162946,158.914667,160.563871,160.563871,13047780,health,True
2023-09-05,ECHO,160.330638,162.278684,158.679906,160.684338,160.684338,9251400,health,True
2023-09-06,ECHO,159.878435,161.766276,158.076257,159.534639,159.534639,16751085,health,True
2023-09-07,ECHO,159.830691,161.949034,159.132287,160.169814,160.169814,4402910,health,True
2023-09-08,ECHO,160.455592,162.062673,160.163499,160.539164,160.539164,12333730,health,True
2023-09-11,ECHO,159.947141,162.075857,159.232778,160.843116,160.843116,19073965,health,True
2023-09-12,ECHO,159.819467,160.983494,157.967673,159.956669,159.956669,16857385,health,True
2023-09-13,ECHO,160.764625,161.007274,159.256237,160.767556,160.767556,13758250,health,True
2023-09-14,ECHO,162.883902,164.150939,161.027309,162.929902,162.929902,4639905,health,True
2023-09-15,ECHO,163.195654,163.890929,163.01671,163.122085,163.122085,10261735,health,True
2023-09-18,ECHO,163.132988,164.684965,161.980507,163.408086,163.408086,6919970,health,True
2023-09-19,ECHO,164.067505,165.122374,163.481943,164.317703,164.317703,1619465,health,True
2023-09-20,ECHO,162.981902,163.785474,162.286849,162.796374,162.796374,3632380,health,True
2023-09-21,ECHO,163.561595,164.288229,161.911895,163.052461,163.052461,10505245,health,True
2023-09-22,ECHO,166.951473,167.80401,166.397449,166.823949,166.823949,15001580,health,True
2023-09-25,ECHO,166.081371,168.102937,165.413207,166.140747,166.140747,16974740,health,True
2023-09-26,ECHO,164.240066,165.932876,163.803262,164.437216,164.437216,16244665,health,True
2023-09-27,ECHO,166.02982,167.225074,164.394421,165.997291,165.997291,10500705,health,True
2023-09-28,ECHO,165.406877,165.57499,164.043322,164.934096,164.934096,8240865,health,True
2023-09-29,ECHO,164.750599,166.388178,163.673032,164.657472,164.657472,13489185,health,True
2023-10-02,ECHO,165.176897,165.408922,164.351057,165.143464,165.143464,15374485,health,True
2023-10-03,ECHO,165.460686,167.117367,162.851733,164.785897,164.785897,12035720,health,True
2023-10-04,ECHO,163.983241,165.001201,163.283414,164.113099,164.113099,6319335,health,True
2023-10-05,ECHO,162.541826,163.889393,161.318859,163.00391,163.00391,17665980,health,True
2023-10-06,ECHO,164.939678,166.103531,163.105397,164.762464,164.762464,3384120,health,True
2023-10-09,ECHO,165.32237,167.640106,165.168089,166.135216,166.135216,12203330,health,True
2023-10-10,ECHO,165.000696,165.267541,164.773997,165.123669,165.123669,5947225,health,True
2023-10-11,ECHO,164.446989,166.613232,164.360396,165.04144,165.04144,3006370,health,True
2023-10-12,ECHO,163.480392,165.51489,161.905978,164.215932,164.215932,12473190,health,True
2023-10-13,ECHO,164.286684,164.749121,163.162673,163.938064,163.938064,12492335,health,True
2023-10-16,ECHO,163.721252,164.980155,161.786801,163.103657,163.103657,11991840,health,True
2023-10-17,ECHO,160.939978,161.603957,159.66186,161.121277,161.121277,18763230,health,True
2023-10-18,ECHO,159.364268,160.686155,158.300729,159.186737,159.186737,14051005,health,True
2023-10-19,ECHO,160.838582,163.012649,159.967139,161.158869,161.158869,10177525,health,True
2023-10-20,ECHO,159.803089,161.130883,159.026106,160.135482,160.135482,5371360,health,True
2023-10-23,ECHO,161.103175,162.907231,159.192351,160.619116,160.619116,3304735,health,True
2023-10-24,ECHO,161.426155,163.348094,159.0929,160.952469,160.952469,13085250,health,True
2023-10-25,ECHO,161.187799,163.118933,160.796037,161.636848,161.636848,12534970,health,True
2023-10-26,ECHO,161.206834,162.115749,159.465495,160.950422,160.950422,16679880,health,True
2023-10-27,ECHO,161.451403,163.582176,160.101019,162.056167,162.056167,10538270,health,True
2023-10-30,ECHO,161.100352,162.446103,159.629653,160.179388,160.179388,9291955,health,True
2023-10-31,ECHO,160.495617,161.916493,158.693863,160.338003,160.338003,14557225,health,True
2023-11-01,ECHO,159.822737,160.342183,159.071001,160.140733,160.140733,7478040,health,True
2023-11-02,ECHO,161.424698,162.452691,159.58192,161.392865,161.392865,6107165,health,True
2023-11-03,ECHO,161.040688,162.164531,159.760681,160.86146,160.86146,12440335,health,True
2023-11-06,ECHO,160.10302,161.370719,158.548922,160.64707,160.64707,7075285,health,True
2023-11-07,ECHO,163.249815,164.429835,161.925511,162.424866,162.424866,13573595,health,True
2023-11-08,ECHO,164.834584,165.732495,164.529605,164.934498,164.934498,3740225,health,True
2023-11-09,ECHO,164.569411,164.84908,163.240405,164.278554,164.278554,18556825,health,True
2023-11-10,ECHO,163.557584,165.61672,162.791005,163.992706,163.992706,14876445,health,True
2023-11-13,ECHO,165.500407,166.420855,163.933787,164.758293,164.758293,7649090,health,True
2023-11-14,ECHO,165.70111,165.860568,164.41459,165.36979,165.36979,6740690,health,True
2023-11-15,ECHO,166.128523,167.863975,164.889818,165.561603,165.561603,19379565,health,True
2023-11-16,ECHO,166.366428,167.325598,164.448479,166.465493,166.465493,3976810,health,True
2023-11-17,ECHO,166.948906,167.34689,166.81745,167.252836,167.252836,9839860,health,True
2023-11-20,ECHO,167.734014,170.369906,167.188098,168.361546,168.361546,12141715,health,True
2023-11-21,ECHO,166.788054,166.934498,165.666792,166.485352,166.485352,8615655,health,True
2023-11-22,ECHO,165.928779,166.08102,164.901348,165.941042,165.941042,10512435,health,True
2023-11-23,ECHO,165.89868,167.941789,165.493987,166.265127,166.265127,3475670,health,True
2023-11-24,ECHO,164.815577,165.419149,163.112795,164.993974,164.993974,12960300,health,True
2023-11-27,ECHO,164.567645,166.372527,163.602955,164.586074,164.586074,12270620,health,True
2023-11-28,ECHO,163.254554,164.74517,162.020166,163.408228,163.408228,12839680,health,True
2023-11-29,ECHO,162.240254,163.329802,160.628448,162.196953,162.196953,10514635,health,True
2023-11-30,ECHO,161.2904,162.212078,159.363148,160.969668,160.969668,18009930,health,True
2023-12-01,ECHO,161.160406,163.179714,160.409133,161.472986,161.472986,3134415,health,True
2023-12-04,ECHO,161.879856,162.448535,160.360186,161.886101,161.886101,7230400,health,True
2023-12-05,ECHO,160.0968,161.163969,159.455127,160.539691,160.539691,5809175,health,True
2023-12-06,ECHO,160.955194,162.687759,160.210569,160.370177,160.370177,8452050,health,True
2023-12-07,ECHO,160.806561,162.267829,159.081748,161.191807,161.191807,11920570,health,True
2023-12-08,ECHO,164.968217,166.386414,163.069459,164.258983,164.258983,3269765,health,True
2023-12-11,ECHO,162.276396,163.603383,161.411848,162.540228,162.540228,18311885,health,True
2023-12-12,ECHO,163.166992,163.564578,162.8062,163.211131,163.211131,6359820,health,True
2023-12-13,ECHO,164.97127,165.677054,164.669993,164.828116,164.828116,16015495,health,True
2023-12-14,ECHO,165.432502,165.570042,163.895236,164.972767,164.972767,19998235,health,True
2023-12-15,ECHO,166.67109,168.64237,165.604771,166.09099,166.09099,3450370,health,True
2023-12-18,ECHO,169.211555,170.576659,168.545184,169.031521,169.031521,11087220,health,True
2023-12-19,ECHO,165.813526,167.256886,164.088572,166.086049,166.086049,6954130,health,True
2023-12-20,ECHO,167.253801,168.053484,165.436477,166.60474,166.60474,17672290,health,True
2023-12-21,ECHO,168.851697,169.185502,167.22894,168.73178,168.73178,16913100,health,True
2023-12-22,ECHO,169.446462,169.761104,167.935248,168.416058,168.416058,2700030,health,True
2023-12-25,ECHO,169.111251,169.227222,167.104098,168.793102,168.793102,16443165,health,True
2023-12-26,ECHO,166.883562,168.210606,164.930818,166.859975,166.859975,13346635,health,True
2023-12-27,ECHO,166.436945,167.519392,164.444492,166.692601,166.692601,11613475,health,True
2023-12-28,ECHO,167.784124,169.3828,166.68092,168.224713,168.224713,16925985,health,True
2023-12-29,ECHO,167.350552,167.492957,166.202524,167.338631,167.338631,2355745,health,True
2024-01-01,ECHO,166.179594,166.901041,165.851777,166.491488,166.491488,3998055,health,True
2024-01-02,ECHO,167.667386,169.355802,167.398088,167.844054,167.844054,19711520,health,True
2024-01-03,ECHO,169.288542,170.223444,168.35633,170.1184,170.1184,11678820,health,True
2024-01-04,ECHO,169.044861,170.901865,168.867391,169.826962,169.826962,10489630,health,True
2024-01-05,ECHO,169.710822,170.98447,167.316874,169.10592,169.10592,13716415,health,True
2024-01-08,ECHO,169.178079,170.590987,167.696382,169.586109,169.586109,12105440,health,True
2024-01-09,ECHO,170.189706,171.862036,168.556092,169.548117,169.548117,8544955,health,True
2024-01-10,ECHO,167.24702,168.893147,166.237475,168.371809,168.371809,2829580,health,True
2024-01-11,ECHO,167.923127,168.995051,167.196112,168.337818,168.337818,2545790,health,True
2024-01-12,ECHO,168.499151,169.055784,167.363261,168.852251,168.852251,14127570,health,True
2024-01-15,ECHO,168.274244,169.209768,166.949872,167.840712,167.840712,12128010,health,True
2024-01-16,ECHO,168.92564,169.93688,167.629983,169.40283,169.40283,5119055,health,True
2024-01-17,ECHO,170.735128,171.349984,169.02747,170.306236,170.306236,11041655,health,True
2024-01-18,ECHO,169.822459,171.65005,168.239854,170.507221,170.507221,17501585,health,True
2024-01-19,ECHO,171.939182,172.198715,171.035857,172.107279,172.107279,11715770,health,True
2024-01-22,ECHO,173.842938,175.021004,171.890675,173.43642,173.43642,6905255,health,True
2024-01-23,ECHO,174.185673,174.369233,173.015042,173.191425,173.191425,6089880,health,True
2024-01-24,ECHO,175.052287,176.041959,174.215012,174.519876,174.519876,9750975,health,True
2024-01-25,ECHO,178.028464,180.101216,175.016607,177.10102,177.10102,8699180,health,True
2024-01-26,ECHO,177.991652,178.916485,176.881478,177.801378,177.801378,19522435,health,True
2024-01-29,ECHO,177.379476,178.409458,175.2974,177.429065,177.429065,6047455,health,True
2024-01-30,ECHO,176.649345,177.797204,175.04437,176.658994,176.658994,8307485,health,True
2024-01-31,ECHO,175.143789,176.656588,174.328602,175.76327,175.76327,14475295,health,True
2024-02-01,ECHO,174.684889,176.490101,173.325979,175.134537,175.134537,6426960,health,True
2024-02-02,ECHO,172.541812,173.774824,170.944227,173.204569,173.204569,13051150,health,True
2024-02-05,ECHO,173.713961,174.897028,171.247538,173.191923,173.191923,16433765,health,True
2024-02-06,ECHO,174.008869,175.563222,172.769661,174.244483,174.244483,8829350,health,True
2024-02-07,ECHO,174.614239,175.137264,172.066011,173.71877,173.71877,14834700,health,True
2024-02-08,ECHO,176.137323,177.239627,174.498135,175.648664,175.648664,14328055,health,True
2024-02-09,ECHO,172.391871,174.110432,170.340718,172.423228,172.423228,15159655,health,True
2024-02-12,ECHO,172.537423,173.26019,171.09583,172.41918,172.41918,19490710,health,True
2024-02-13,ECHO,175.142772,176.051508,174.628571,174.733994,174.733994,1849420,health,True
2024-02-14,ECHO,175.637329,177.683814,175.094002,175.755679,175.755679,17678875,health,True
2024-02-15,ECHO,175.535973,177.22801,173.929037,175.857228,175.857228,7466045,health,True
2024-02-16,ECHO,178.304595,180.467242,176.729047,178.48339,178.48339,13515400,health,True
2024-02-19,ECHO,177.285777,178.223855,175.583761,177.747413,177.747413,14800370,health,True
2024-02-20,ECHO,177.979531,179.324001,175.589117,177.531446,177.531446,2669245,health,True
2024-02-21,ECHO,175.028719,175.931256,173.922836,175.031349,175.031349,6854520,health,True
2024-02-22,ECHO,176.039852,178.194461,175.312597,176.126162,176.126162,17678195,health,True
2024-02-23,ECHO,177.001578,178.286914,175.790671,176.931306,176.931306,11045180,health,True
2024-02-26,ECHO,175.310016,177.024127,173.990862,174.287583,174.287583,8114415,health,True
2024-02-27,ECHO,173.404368,173.844061,171.539039,172.610813,172.610813,4853370,health,True
2024-02-28,ECHO,173.101389,175.044136,172.091788,172.637232,172.637232,12278125,health,True
2024-02-29,ECHO,173.663191,175.221719,172.496987,173.342452,173.342452,6097460,health,True
2024-03-01,ECHO,174.995248,175.295565,173.288426,174.063364,174.063364,6990200,health,True
2024-03-04,ECHO,173.793537,175.458794,172.448793,173.752818,173.752818,13809235,health,True
2024-03-05,ECHO,175.092725,176.189282,173.352001,175.29936,175.29936,14411925,health,True
2024-03-06,ECHO,175.526913,176.879208,174.42759,176.097429,176.097429,13400755,health,True
2024-03-07,ECHO,176.887279,177.901255,175.282269,177.573511,177.573511,18856155,health,True
2024-03-08,ECHO,176.063611,177.107969,174.390474,176.17954,176.17954,10713075,health,True
2024-03-11,ECHO,175.786406,176.679018,173.493988,174.689399,174.689399,2407955,health,True
2024-03-12,ECHO,174.719725,176.714295,173.536137,175.388129,175.388129,17078375,health,True
2024-03-13,ECHO,177.818561,178.114427,176.889552,177.73062,177.73062,3440710,health,True
2024-03-14,ECHO,178.260722,179.809946,176.663842,178.922209,178.922209,15905920,health,True
2024-03-15,ECHO,179.639804,180.10627,177.782651,178.97026,178.97026,18674970,health,True
2024-03-18,ECHO,179.98924,180.679601,178.073224,179.374309,179.374309,17727370,health,True
2024-03-19,ECHO,177.980463,179.92492,175.966525,178.787608,178.787608,11974155,health,True
2024-03-20,ECHO,178.265406,178.927755,176.643518,178.213198,178.213198,7506885,health,True
2024-03-21,ECHO,179.561325,180.274732,178.168898,179.803465,179.803465,4416630,health,True
2024-03-22,ECHO,182.339196,183.568757,181.629593,182.178207,182.178207,4858980,health,True
2024-03-25,ECHO,185.69504,187.475521,184.742582,185.609234,185.609234,4607645,health,True
2024-03-26,ECHO,184.03317,184.849177,181.927079,183.961862,183.961862,13490090,health,True
2024-03-27,ECHO,182.386568,183.071908,181.29895,181.569461,181.569461,2411490,health,True
2024-03-28,ECHO,176.93099,177.591387,174.656998,176.571156,176.571156,8732700,health,True
2024-03-29,ECHO,174.822966,176.641336,174.083892,175.075232,175.075232,19017285,health,True
2024-04-01,ECHO,173.516121,173.746467,172.668415,173.082826,173.082826,14409865,health,True
2024-04-02,ECHO,172.709378,174.561437,171.185669,171.935255,171.935255,15030640,health,True
2024-04-03,ECHO,172.383638,173.452611,171.368701,172.340852,172.340852,15448280,health,True
2024-04-04,ECHO,171.762909,173.425125,169.724834,171.271762,171.271762,12205240,health,True
2024-04-05,ECHO,170.842197,171.404219,169.269327,171.256998,171.256998,1978980,health,True
2024-04-08,ECHO,170.808431,171.53491,170.585659,171.167491,171.167491,12748515,health,True
2024-04-09,ECHO,170.635167,170.7225,168.297433,170.293636,170.293636,19159780,health,True
2024-04-10,ECHO,169.584644,170.759843,169.092234,169.861209,169.861209,11923010,health,True
2024-04-11,ECHO,170.153623,170.993761,168.415318,170.345687,170.345687,18574860,health,True
2024-04-12,ECHO,170.796925,171.878641,169.025522,170.767768,170.767768,14132140,health,True
2024-04-15,ECHO,172.457194,173.223083,172.253349,172.805937,172.805937,6776915,health,True
2024-04-16,ECHO,171.403479,171.811001,170.658527,171.70387,171.70387,13749840,health,True
2024-04-17,ECHO,171.5925,173.005042,170.261869,171.963172,171.963172,13234085,health,True
2024-04-18,ECHO,170.378418,170.928645,168.675514,170.751893,170.751893,9630130,health,True
2024-04-19,ECHO,171.781905,173.487657,170.432625,172.001957,172.001957,11942500,health,True
2024-04-22,ECHO,170.499559,173.039296,169.071605,171.221907,171.221907,15149165,health,True
2024-04-23,ECHO,168.372651,170.530349,168.188052,168.837664,168.837664,1732185,health,True
2024-04-24,ECHO,167.175577,167.798245,165.285673,167.618352,167.618352,16950915,health,True
2024-04-25,ECHO,167.780285,168.709461,167.575376,167.763978,167.763978,9955060,health,True
2024-04-26,ECHO,165.330832,167.031471,164.138054,165.013865,165.013865,7406310,health,True
2024-04-29,ECHO,166.221733,168.045569,165.741201,165.946554,165.946554,14509660,health,True
2024-04-30,ECHO,168.482557,170.027261,166.756514,168.283558,168.283558,3584945,health,True
2024-05-01,ECHO,169.709098,171.147969,168.953389,169.255117,169.255117,2676100,health,True
2024-05-02,ECHO,168.906714,170.573392,168.480316,168.674466,168.674466,18187840,health,True
2024-05-03,ECHO,167.365079,168.190948,166.30676,167.19469,167.19469,5804765,health,True
2024-05-06,ECHO,168.550921,169.950177,168.133502,168.518298,168.518298,5876585,health,True
2024-05-07,ECHO,171.594299,171.844227,170.750442,171.009969,171.009969,14952700,health,True
2024-05-08,ECHO,171.752182,172.781395,170.475132,171.344221,171.344221,8638285,health,True
2024-05-09,ECHO,171.139105,172.912533,169.107868,171.1978,171.1978,14542425,health,True
2024-05-10,ECHO,171.223978,172.902317,171.017639,171.275894,171.275894,19904825,health,True
2024-05-13,ECHO,173.279497,175.149482,172.247001,172.647478,172.647478,7127900,health,True
2024-05-14,ECHO,171.684129,173.793939,170.519459,171.749993,171.749993,19916365,health,True
2024-05-15,ECHO,171.190525,171.332251,170.288722,170.544388,170.544388,8317540,health,True
2024-05-16,ECHO,165.704596,167.456372,164.664212,165.760817,165.760817,16209955,health,True
2024-05-17,ECHO,165.821645,167.456055,164.082546,166.840452,166.840452,16354660,health,True
2024-05-20,ECHO,164.358139,166.824385,162.430501,165.668571,165.668571,8457235,health,True
2024-05-21,ECHO,166.252788,167.021247,164.438225,166.308993,166.308993,6147740,health,True
2024-05-22,ECHO,166.927272,167.02821,164.092622,165.832676,165.832676,15362255,health,True
2024-05-23,ECHO,166.668774,167.715843,165.436461,166.399685,166.399685,7562580,health,True
2024-05-24,ECHO,167.76263,167.922705,166.010366,167.433285,167.433285,10522895,health,True
2024-05-27,ECHO,166.417655,168.769176,164.491404,167.617,167.617,9879955,health,True
2024-05-28,ECHO,167.395032,168.851239,166.602148,167.448397,167.448397,16158195,health,True
2024-05-29,ECHO,165.791469,167.749677,164.817858,165.885643,165.885643,12656400,health,True
2024-05-30,ECHO,166.899282,168.864701,165.68472,167.239077,167.239077,14063675,health,True
2024-05-31,ECHO,168.845964,170.287651,167.896423,168.764263,168.764263,11374290,health,True
2024-06-03,ECHO,166.550887,167.483461,166.383585,167.214763,167.214763,4111735,health,True
2024-06-04,ECHO,166.300237,167.988637,165.238188,166.499264,166.499264,15720265,health,True
2024-06-05,ECHO,167.564933,169.490879,167.16577,168.03054,168.03054,10648160,health,True
2024-06-06,ECHO,167.559465,168.498396,166.654355,168.02057,168.02057,18821170,health,True
2024-06-07,ECHO,168.359222,169.370555,166.54938,168.592529,168.592529,12777750,health,True
2024-06-10,ECHO,168.525304,169.524064,168.091117,168.479412,168.479412,17022930,health,True
2024-06-11,ECHO,168.808351,169.814114,167.294972,168.752986,168.752986,8598270,health,True
2024-06-12,ECHO,168.163146,170.037523,166.266448,168.131253,168.131253,5195800,health,True
2024-06-13,ECHO,169.085954,170.44294,167.723913,168.896136,168.896136,7370760,health,True
2024-06-14,ECHO,167.328422,168.795339,166.014198,167.185415,167.185415,5193500,health,True
2024-06-17,ECHO,166.891198,168.331257,166.297317,167.21876,167.21876,6396075,health,True
2024-06-18,ECHO,167.113342,167.75395,166.313363,167.265235,167.265235,7452995,health,True
2024-06-19,ECHO,166.265733,166.47528,164.986411,166.341869,166.341869,3191210,health,True
2024-06-20,ECHO,168.125845,169.62646,166.140731,168.076179,168.076179,10170960,health,True
2024-06-21,ECHO,168.92985,169.29865,168.024846,168.813436,168.813436,1859655,health,True
2024-06-24,ECHO,166.775521,168.199431,165.002518,166.940961,166.940961,12442395,health,True
2024-06-25,ECHO,164.747487,166.028545,164.125398,165.568143,165.568143,2683260,health,True
2024-06-26,ECHO,166.591188,168.1255,165.885744,166.006312,166.006312,13748260,health,True
2024-06-27,ECHO,166.409384,166.613574,165.760491,166.254661,166.254661,16224970,health,True
2024-06-28,ECHO,165.834799,167.821992,165.214896,165.916744,165.916744,14151850,health,True
2024-07-01,ECHO,166.196912,168.125234,165.158399,165.546612,165.546612,19909825,health,True
2024-07-02,ECHO,167.445734,168.569582,164.7016,166.699985,166.699985,1903480,health,True
2024-07-03,ECHO,165.008664,167.32907,163.976056,165.535195,165.535195,19564335,health,True
2024-07-04,ECHO,167.522952,168.744274,165.505704,167.198857,167.198857,13864155,health,True
2024-07-05,ECHO,167.204624,168.519688,166.915327,167.08694,167.08694,18206060,health,True
2024-07-08,ECHO,165.868351,166.715176,165.6959,166.238024,166.238024,14144810,health,True
2024-07-09,ECHO,164.497092,165.118897,162.958553,164.378016,164.378016,17795575,health,True
2024-07-10,ECHO,163.545731,164.132151,162.788095,163.771928,163.771928,9129490,health,True
2024-07-11,ECHO,161.659394,164.029254,159.971821,162.209232,162.209232,17450535,health,True
2024-07-12,ECHO,162.315354,164.13175,161.913725,162.702737,162.702737,8054495,health,True
2024-07-15,ECHO,159.770245,161.520966,159.14855,159.813133,159.813133,4629575,health,True
2024-07-16,ECHO,159.731934,161.420999,157.984981,160.25896,160.25896,8587550,health,True
2024-07-17,ECHO,158.375353,158.988351,156.092376,157.87382,157.87382,6524865,health,True
2024-07-18,ECHO,156.46477,158.30169,155.322448,156.998028,156.998028,11287810,health,True
2024-07-19,ECHO,158.379676,159.574083,156.294177,158.00452,158.00452,2964025,health,True
2024-07-22,ECHO,158.968175,160.407589,157.419714,159.271502,159.271502,15596800,health,True
2024-07-23,ECHO,160.689573,161.443094,158.834911,160.481298,160.481298,7879700,health,True
2024-07-24,ECHO,160.605017,161.243478,160.01608,160.250745,160.250745,14326130,health,True
2024-07-25,ECHO,160.353296,160.708202,159.750434,160.171708,160.171708,15883250,health,True
2024-07-26,ECHO,160.307355,162.148265,158.884048,160.048345,160.048345,5261010,health,True
2024-07-29,ECHO,158.775697,159.360557,156.986175,158.368953,158.368953,5097430,health,True
2024-07-30,ECHO,156.906118,157.346864,156.453852,156.981172,156.981172,9559875,health,True
2024-07-31,ECHO,157.045464,158.069838,156.398561,157.678668,157.678668,14032370,health,True
2024-08-01,ECHO,156.628176,156.735241,155.763708,155.90525,155.90525,15113965,health,True
2024-08-02,ECHO,157.411091,159.055239,155.535689,157.126119,157.126119,8866245,health,True
2024-08-05,ECHO,159.006554,159.940028,157.86632,158.95472,158.95472,4932150,health,True
2024-08-06,ECHO,160.755131,161.121917,159.346393,160.615648,160.615648,8237710,health,True
2024-08-07,ECHO,161.084324,162.781755,160.695758,161.254619,161.254619,18348195,health,True
2024-08-08,ECHO,161.016249,161.279867,160.32619,160.574253,160.574253,9304000,health,True
2024-08-09,ECHO,162.489024,163.471929,161.026379,162.099965,162.099965,3391445,health,True
2024-08-12,ECHO,162.240013,163.468111,160.009492,161.935862,161.935862,4738065,health,True
2024-08-13,ECHO,161.865164,162.872832,161.779525,162.05774,162.05774,4939705,health,True
2024-08-14,ECHO,162.178905,163.971555,160.730573,161.519317,161.519317,7377550,health,True
2024-08-15,ECHO,160.675784,160.864408,159.610751,160.516326,160.516326,11552655,health,True
2024-08-16,ECHO,161.461995,163.148997,160.818025,161.168463,161.168463,9637335,health,True
2024-08-19,ECHO,160.862247,162.38239,159.142809,160.882383,160.882383,7398820,health,True
2024-08-20,ECHO,160.68322,161.273641,159.356994,160.533047,160.533047,19194385,health,True
2024-08-21,ECHO,161.73322,162.088068,160.418995,161.528797,161.528797,15898845,health,True
2024-08-22,ECHO,160.444568,161.607118,159.92014,160.493318,160.493318,4961155,health,True
2024-08-23,ECHO,160.89878,162.194453,159.685129,160.783122,160.783122,6286020,health,True
2024-08-26,ECHO,160.722391,162.461903,158.673163,160.284702,160.284702,16799885,health,True
2024-08-27,ECHO,161.91032,162.029465,160.301559,161.333609,161.333609,15156435,health,True
2024-08-28,ECHO,160.90106,161.594437,159.141429,160.951474,160.951474,16332860,health,True
2024-08-29,ECHO,160.07632,160.814851,159.268114,159.964581,159.964581,11488425,health,True
2024-08-30,ECHO,157.316424,158.846308,157.029175,157.934417,157.934417,5419370,health,True
2024-09-02,ECHO,157.69866,159.20254,156.207691,157.44306,157.44306,13192645,health,True
2024-09-03,ECHO,156.760362,156.887316,155.322102,156.554966,156.554966,14515825,health,True
2024-09-04,ECHO,155.708348,156.691219,154.762869,155.398154,155.398154,3640410,health,True
2024-09-05,ECHO,155.310878,155.709472,154.404779,155.121567,155.121567,14603780,health,True
2024-09-06,ECHO,153.41187,153.874932,151.808251,153.700939,153.700939,12425355,health,True
2024-09-09,ECHO,153.055563,154.376335,151.807566,152.738445,152.738445,10028430,health,True
2024-09-10,ECHO,151.671921,152.418026,150.736566,151.423311,151.423311,14332180,health,True
2024-09-11,ECHO,150.095936,151.098938,147.93144,149.705343,149.705343,15433585,health,True
2024-09-12,ECHO,149.505448,150.251711,148.06831,149.819424,149.819424,11741210,health,True
2024-09-13,ECHO,149.109837,150.504626,148.326486,149.602278,149.602278,14855520,health,True
2024-09-16,ECHO,148.933116,149.656646,148.327148,149.303236,149.303236,2103810,health,True
2024-09-17,ECHO,148.811795,150.046659,147.958599,149.145419,149.145419,16609090,health,True
2024-09-18,ECHO,148.437601,150.073329,147.235421,148.49766,148.49766,14558885,health,True
2024-09-19,ECHO,147.927329,148.854662,147.313614,147.440544,147.440544,17886240,health,True
2024-09-20,ECHO,148.637979,149.772788,146.740085,148.400618,148.400618,8586300,health,True
2024-09-23,ECHO,148.876999,149.567089,147.760305,148.60171,148.60171,16574365,health,True
2024-09-24,ECHO,149.753446,151.383347,149.031893,149.394733,149.394733,16173305,health,True
2024-09-25,ECHO,149.268235,150.126823,147.716573,149.29473,149.29473,5115040,health,True
2024-09-26,ECHO,148.543605,150.293501,147.059405,148.725226,148.725226,18556390,health,True
2024-09-27,ECHO,148.833846,150.011797,147.986779,148.289976,148.289976,3537025,health,True
2024-09-30,ECHO,149.335326,150.394925,149.184023,149.612152,149.612152,14511330,health,True
2024-10-01,ECHO,147.492828,149.668479,146.879937,148.169018,148.169018,17261700,health,True
2024-10-02,ECHO,149.833858,150.637885,149.427272,149.72875,149.72875,10863050,health,True
2024-10-03,ECHO,150.266508,150.713545,149.536299,150.453551,150.453551,17480500,health,True
2024-10-04,ECHO,151.398764,153.13353,151.117385,151.299769,151.299769,19625610,health,True
2024-10-07,ECHO,152.253685,153.812718,151.543718,151.973456,151.973456,9385420,health,True
2024-10-08,ECHO,152.8831,154.648387,151.243479,152.634366,152.634366,12468980,health,True
2024-10-09,ECHO,151.927351,152.739429,151.219357,152.100185,152.100185,17771300,health,True
2024-10-10,ECHO,152.441616,153.921396,150.659322,152.37915,152.37915,9879255,health,True
2024-10-11,ECHO,153.630977,155.563765,153.30103,154.08379,154.08379,17842225,health,True
2024-10-14,ECHO,154.961474,156.405017,154.729069,155.09956,155.09956,12126945,health,True
2024-10-15,ECHO,155.152334,156.150639,154.665758,155.956099,155.956099,3485760,health,True
2024-10-16,ECHO,158.053355,159.278348,157.205684,158.47048,158.47048,4285535,health,True
2024-10-17,ECHO,158.694745,160.452301,157.423322,158.428262,158.428262,5845845,health,True
2024-10-18,ECHO,156.967237,157.79708,156.659979,157.581806,157.581806,19966790,health,True
2024-10-21,ECHO,158.248944,159.835723,157.954294,158.944417,158.944417,9369305,health,True
2024-10-22,ECHO,159.90999,161.182811,159.605149,160.24075,160.24075,7331195,health,True
2024-10-23,ECHO,158.824266,160.723364,158.668088,159.154033,159.154033,3947285,health,True
2024-10-24,ECHO,159.004085,159.523776,158.801794,158.895969,158.895969,10594510,health,True
2024-10-25,ECHO,157.952553,158.643527,156.670408,157.692197,157.692197,13881710,health,True
2024-10-28,ECHO,157.229358,159.192757,155.721683,157.488889,157.488889,18566770,health,True
2024-10-29,ECHO,156.111036,156.28094,154.706376,156.076528,156.076528,9333290,health,True
2024-10-30,ECHO,157.740767,158.878127,157.149361,158.306017,158.306017,13925265,health,True
2024-10-31,ECHO,157.097148,158.192323,156.869233,157.440347,157.440347,10260445,health,True
2024-11-01,ECHO,157.537676,157.892409,156.560794,157.142036,157.142036,15313640,health,True
2024-11-04,ECHO,159.152108,159.699885,157.784282,158.391372,158.391372,10038090,health,True
2024-11-05,ECHO,158.656806,158.962335,157.993965,158.516024,158.516024,7143320,health,True
2024-11-06,ECHO,159.42971,159.920695,158.411013,158.977963,158.977963,7798855,health,True
2024-11-07,ECHO,157.576108,158.91259,157.024346,157.600824,157.600824,6889900,health,True
2024-11-08,ECHO,159.207767,160.786188,157.692657,159.218277,159.218277,8520845,health,True
2024-11-11,ECHO,158.7354,160.148646,157.380214,158.950437,158.950437,10335300,health,True
2024-11-12,ECHO,160.495132,161.162179,158.731167,160.277069,160.277069,11387370,health,True
2024-11-13,ECHO,160.431876,161.226116,158.893442,160.701187,160.701187,14793085,health,True
2024-11-14,ECHO,161.19281,162.37038,158.718845,160.577103,160.577103,15707425,health,True
2024-11-15,ECHO,159.545448,160.095768,158.055461,159.840571,159.840571,2320590,health,True
2024-11-18,ECHO,159.166165,160.445367,158.644342,159.683622,159.683622,11136165,health,True
2024-11-19,ECHO,159.397399,159.818897,158.285676,158.872001,158.872001,18757045,health,True
2024-11-20,ECHO,159.507367,160.582714,159.403343,160.127916,160.127916,13259385,health,True
2024-11-21,ECHO,161.188064,161.741402,159.820806,161.084223,161.084223,6848270,health,True
2024-11-22,ECHO,160.290458,160.528424,159.961803,160.287208,160.287208,9152465,health,True
2024-11-25,ECHO,161.24712,162.780486,160.90394,161.556934,161.556934,15185380,health,True
2024-11-26,ECHO,161.611114,163.437829,160.318457,162.150646,162.150646,13077190,health,True
2024-11-27,ECHO,163.009749,164.959947,161.979995,163.035928,163.035928,12219625,health,True
2024-11-28,ECHO,161.102479,161.461996,159.695067,161.358535,161.358535,8510815,health,True
2024-11-29,ECHO,161.932,162.36614,160.612292,161.607732,161.607732,2479820,health,True
2024-12-02,ECHO,159.057038,159.394833,158.239456,159.084667,159.084667,12432560,health,True
2024-12-03,ECHO,160.297519,161.900747,159.128979,159.686085,159.686085,3392430,health,True
2024-12-04,ECHO,160.107888,160.651517,158.172076,160.049619,160.049619,15680815,health,True
2024-12-05,ECHO,162.48181,163.660849,161.089307,162.078961,162.078961,2188610,health,True
2024-12-06,ECHO,162.641893,163.319471,160.998846,162.828264,162.828264,19799795,health,True
2024-12-09,ECHO,163.515569,165.111938,162.174437,163.478499,163.478499,11108495,health,True
2024-12-10,ECHO,162.975402,164.501765,160.238939,162.122255,162.122255,12106430,health,True
2024-12-11,ECHO,161.98271,163.828133,160.366824,162.798011,162.798011,11813585,health,True
2024-12-12,ECHO,163.763237,164.334815,161.713146,163.040765,163.040765,6125500,health,True
2024-12-13,ECHO,160.955965,161.54374,160.263782,161.441068,161.441068,2208355,health,True
2024-12-16,ECHO,162.586904,164.663914,161.399873,162.947486,162.947486,2492885,health,True
2024-12-17,ECHO,161.78993,161.979107,160.448754,161.53205,161.53205,9871855,health,True
2024-12-18,ECHO,159.717931,160.165138,157.40494,159.145035,159.145035,10926355,health,True
2024-12-19,ECHO,158.218327,158.504433,156.785503,158.374059,158.374059,9831425,health,True
2024-12-20,ECHO,159.950716,160.061739,158.550887,159.3668,159.3668,6831190,health,True
2024-12-23,ECHO,159.044517,160.93235,158.57642,158.733071,158.733071,2481845,health,True
2024-12-24,ECHO,156.774623,158.136131,155.241339,156.472708,156.472708,13817025,health,True
2024-12-25,ECHO,155.72713,156.502401,154.435932,156.045661,156.045661,12555670,health,True
2024-12-26,ECHO,155.296826,156.690602,153.733888,155.449532,155.449532,15609555,health,True
2024-12-27,ECHO,154.502408,156.397269,153.231739,154.791618,154.791618,12450285,health,True
2024-12-30,ECHO,156.780529,158.36318,156.100878,156.573647,156.573647,11097140,health,True
2024-12-31,ECHO,157.31149,158.252307,155.514668,157.093812,157.093812,17196335,health,True
2025-01-01,ECHO,158.86528,160.693891,157.713803,158.555127,158.555127,11975000,health,True
2025-01-02,ECHO,159.530981,161.628624,159.200959,160.337235,160.337235,17861965,health,True
2025-01-03,ECHO,161.025997,161.875345,160.617924,161.214752,161.214752,5236590,health,True
2025-01-06,ECHO,160.483339,162.855159,159.682902,161.135171,161.135171,1968875,health,True
2025-01-07,ECHO,160.438263,161.511967,159.697974,160.378215,160.378215,9022360,health,True
2025-01-08,ECHO,159.618891,161.776696,158.393793,159.868741,159.868741,6816795,health,True
2025-01-09,ECHO,159.609014,160.129167,157.947673,159.136998,159.136998,11250300,health,True
2025-01-10,ECHO,160.976246,161.656322,159.27122,160.556085,160.556085,4884820,health,True
2025-01-13,ECHO,161.955289,162.404369,160.499631,162.205438,162.205438,9895055,health,True
2025-01-14,ECHO,160.433702,161.579146,158.733549,160.912266,160.912266,17335315,health,True
2025-01-15,ECHO,161.678318,162.321582,160.846836,161.67442,161.67442,14210755,health,True
2025-01-16,ECHO,161.366411,163.068329,160.066208,161.611081,161.611081,15810020,health,True
2025-01-17,ECHO,162.866746,163.340677,161.444609,162.58305,162.58305,19028010,health,True
2025-01-20,ECHO,164.61969,165.604402,164.138153,165.253482,165.253482,12091910,health,True
2025-01-21,ECHO,165.822026,166.829674,165.094121,166.217674,166.217674,16993475,health,True
2025-01-22,ECHO,166.405174,167.156232,165.543175,166.46649,166.46649,6369730,health,True
2025-01-23,ECHO,169.374139,169.575069,167.04265,168.92902,168.92902,2309010,health,True
2025-01-24,ECHO,168.366873,170.400669,166.646057,168.514188,168.514188,10755265,health,True
2025-01-27,ECHO,167.905596,168.156287,167.035489,167.230256,167.230256,4038660,health,True
2025-01-28,ECHO,168.144158,169.247713,166.629328,168.248312,168.248312,2891155,health,True
2025-01-29,ECHO,166.982041,168.168477,166.762504,167.291411,167.291411,3507125,health,True
2025-01-30,ECHO,167.236297,169.616075,166.892296,168.038442,168.038442,1540560,health,True
2025-01-31,ECHO,167.416877,168.053798,167.177724,167.693543,167.693543,12242185,health,True
2025-02-03,ECHO,166.668432,168.502785,165.529707,167.579548,167.579548,8600560,health,True
2025-02-04,ECHO,165.491538,166.652648,164.419791,165.49373,165.49373,7890610,health,True
2025-02-05,ECHO,168.01604,168.506466,165.685143,167.387646,167.387646,4487030,health,True
2025-02-06,ECHO,168.418502,169.113135,167.107041,168.311791,168.311791,14628135,health,True
2025-02-07,ECHO,168.212979,169.631972,166.574515,168.166403,168.166403,17874515,health,True
2025-02-10,ECHO,168.388795,170.605504,167.109647,168.80218,168.80218,10002070,health,True
2025-02-11,ECHO,170.238602,170.63324,170.129987,170.386527,170.386527,16578695,health,True
2025-02-12,ECHO,169.703236,169.906828,167.610627,169.291553,169.291553,8656995,health,True
2025-02-13,ECHO,168.615315,169.973922,167.044059,168.616834,168.616834,6174090,health,True
2025-02-14,ECHO,168.199987,168.735747,166.761245,168.199458,168.199458,10409310,health,True
2025-02-17,ECHO,167.529104,168.174356,167.079252,167.960705,167.960705,7327805,health,True
2025-02-18,ECHO,167.732904,168.595472,166.505767,167.561363,167.561363,14678110,health,True
2025-02-19,ECHO,167.763766,168.293461,167.079987,167.936954,167.936954,2988655,health,True
2025-02-20,ECHO,170.12762,171.444643,169.211656,169.881849,169.881849,11368010,health,True
2025-02-21,ECHO,171.908977,172.035283,170.383078,171.32853,171.32853,5244110,health,True
2025-02-24,ECHO,170.264718,171.987332,169.546388,170.396476,170.396476,16140735,health,True
2025-02-25,ECHO,168.614973,171.390793,167.730982,169.451535,169.451535,4405255,health,True
2025-02-26,ECHO,169.487457,169.61519,167.86084,169.277438,169.277438,9846115,health,True
2025-02-27,ECHO,169.988979,170.573832,167.842845,169.308663,169.308663,3159950,health,True
2025-02-28,ECHO,170.073809,171.940115,168.599968,170.139182,170.139182,17428310,health,True
2025-03-03,ECHO,170.191449,172.047698,167.910956,169.823906,169.823906,11643615,health,True
2025-03-04,ECHO,170.525274,171.355134,169.596992,170.006003,170.006003,15852265,health,True
2025-03-05,ECHO,169.572186,171.220346,169.345216,170.138561,170.138561,3256025,health,True
2025-03-06,ECHO,168.97851,170.011474,168.007299,169.00663,169.00663,7403245,health,True
2025-03-07,ECHO,166.385157,167.744164,165.742587,167.129369,167.129369,17444370,health,True
2025-03-10,ECHO,167.813894,168.636248,166.6255,167.809698,167.809698,2159710,health,True
2025-03-11,ECHO,167.324443,169.320846,166.016235,167.00685,167.00685,14316120,health,True
2025-03-12,ECHO,166.425088,168.067897,165.893435,166.568118,166.568118,6002940,health,True
2025-03-13,ECHO,164.750737,166.826824,163.156585,165.054327,165.054327,5793070,health,True
2025-03-14,ECHO,165.729567,165.842777,163.133832,164.302274,164.302274,1759095,health,True
2025-03-17,ECHO,164.550002,164.703759,162.451441,164.350035,164.350035,1865605,health,True
2025-03-18,ECHO,165.044616,166.445077,162.899933,164.666958,164.666958,6090325,health,True
2025-03-19,ECHO,165.327924,165.915076,164.277501,164.539688,164.539688,1790695,health,True
2025-03-20,ECHO,164.320148,165.032115,162.394099,164.261329,164.261329,2660515,health,True
2025-03-21,ECHO,162.473971,163.862342,160.227421,162.026868,162.026868,11426275,health,True
2025-03-24,ECHO,163.077937,165.004339,161.465266,162.720022,162.720022,8072350,health,True
2025-03-25,ECHO,163.842177,165.052473,162.088002,163.127266,163.127266,3533760,health,True
2025-03-26,ECHO,161.962355,162.246661,160.502267,161.904305,161.904305,13689095,health,True
2025-03-27,ECHO,162.325383,164.225413,160.534965,161.787915,161.787915,12407265,health,True
2025-03-28,ECHO,160.617458,162.244237,159.738765,161.435062,161.435062,18939060,health,True
2025-03-31,ECHO,162.670436,164.186262,160.733503,161.690393,161.690393,18824960,health,True
2025-04-01,ECHO,161.428545,161.92813,159.353132,161.17036,161.17036,6639030,health,True
2025-04-02,ECHO,159.06315,159.562857,158.429103,159.117028,159.117028,11671580,health,True
2025-04-03,ECHO,158.591055,159.458106,156.796935,158.621033,158.621033,9589805,health,True
2025-04-04,ECHO,159.610045,161.468848,159.02853,159.433239,159.433239,13777515,health,True
2025-04-07,ECHO,158.932725,159.598673,156.953851,158.550556,158.550556,5107020,health,True
2025-04-08,ECHO,159.458921,159.792574,157.764215,159.313374,159.313374,4843725,health,True
2025-04-09,ECHO,161.346806,162.931709,160.703024,161.128041,161.128041,9213040,health,True
2025-04-10,ECHO,158.815091,159.818024,158.254741,158.969983,158.969983,2815805,health,True
2025-04-11,ECHO,159.020489,160.008686,158.841485,159.275828,159.275828,12944840,health,True
2025-04-14,ECHO,160.982582,162.376431,158.882715,160.47639,160.47639,2577550,health,True
2025-04-15,ECHO,161.439717,162.181276,159.702474,160.588463,160.588463,2441200,health,True
2025-04-16,ECHO,161.44365,163.035223,160.029207,161.896146,161.896146,4422420,health,True
2025-04-17,ECHO,160.902822,161.71151,159.330195,159.866578,159.866578,9254540,health,True
2025-04-18,ECHO,158.864487,159.026263,158.035562,158.670962,158.670962,18115370,health,True
2025-04-21,ECHO,158.401407,159.585584,156.547118,159.033884,159.033884,7218355,health,True
2025-04-22,ECHO,159.559891,161.055617,158.388041,159.924408,159.924408,19779840,health,True
2025-04-23,ECHO,159.006827,159.575255,156.781927,158.555493,158.555493,17831535,health,True
2025-04-24,ECHO,158.407796,159.916019,156.773528,158.599008,158.599008,19987120,health,True
2025-04-25,ECHO,159.16647,160.124639,158.848649,159.56609,159.56609,5917670,health,True
2025-04-28,ECHO,161.965106,162.248423,160.534236,161.748785,161.748785,5708000,health,True
2025-04-29,ECHO,162.343377,162.825374,161.246327,162.433776,162.433776,15083600,health,True
2025-04-30,ECHO,161.389412,163.086158,160.857978,160.95603,160.95603,1569295,health,True
2025-05-01,ECHO,160.341931,160.448065,159.405341,160.070759,160.070759,13436615,health,True
2025-05-02,ECHO,159.764347,160.298019,158.539044,160.192439,160.192439,8884555,health,True
2025-05-05,ECHO,159.058204,159.9149,157.794457,159.616474,159.616474,7665415,health,True
2025-05-06,ECHO,159.914215,161.063912,159.154195,160.019901,160.019901,5417505,health,True
2025-05-07,ECHO,163.855569,164.895486,162.614212,163.711299,163.711299,8923220,health,True
2025-05-08,ECHO,165.128689,166.281798,163.294652,164.454175,164.454175,13003990,health,True
2025-05-09,ECHO,166.516786,167.838065,165.963719,166.246283,166.246283,6312175,health,True
2025-05-12,ECHO,166.480687,168.375436,165.800949,166.124036,166.124036,16040705,health,True
2025-05-13,ECHO,166.752277,167.577259,165.133949,167.297158,167.297158,4888075,health,True
2025-05-14,ECHO,167.886133,169.368586,166.888112,167.449,167.449,7853265,health,True
2025-05-15,ECHO,165.311614,167.485428,165.165211,165.663542,165.663542,19694355,health,True
2025-05-16,ECHO,166.976459,168.150148,164.420027,166.26964,166.26964,7796690,health,True
2025-05-19,ECHO,166.512376,168.615891,166.208159,167.058406,167.058406,12489185,health,True
2025-05-20,ECHO,168.170999,169.649434,166.621346,167.989823,167.989823,3021155,health,True
2025-05-21,ECHO,169.710418,171.398453,167.96083,169.190505,169.190505,18275395,health,True
2025-05-22,ECHO,168.792256,169.951474,167.064104,168.972068,168.972068,19974405,health,True
2025-05-23,ECHO,166.506499,167.02799,165.04578,166.348797,166.348797,17240210,health,True
2025-05-26,ECHO,165.371226,165.96966,165.154118,165.24603,165.24603,4832520,health,True
2025-05-27,ECHO,165.938478,167.582969,164.11662,165.864269,165.864269,3636985,health,True
2025-05-28,ECHO,165.774215,167.145688,164.477856,165.172774,165.172774,1810210,health,True
2025-05-29,ECHO,163.900579,165.210197,163.66048,164.028216,164.028216,1644535,health,True
2025-05-30,ECHO,165.263673,166.734569,164.160099,164.731419,164.731419,3532685,health,True
2025-06-02,ECHO,166.883697,167.665215,165.299216,166.362013,166.362013,11348295,health,True
2025-06-03,ECHO,165.550184,167.437902,165.179217,165.362462,165.362462,11621530,health,True
2025-06-04,ECHO,163.784144,165.693272,163.315236,164.333034,164.333034,5479005,health,True
2025-06-05,ECHO,162.878215,164.66445,162.574126,163.07435,163.07435,15589010,health,True
2025-06-06,ECHO,163.554949,165.224099,162.304688,163.319542,163.319542,3817525,health,True
2025-06-09,ECHO,165.492034,165.778815,164.065102,164.545452,164.545452,10227235,health,True
2025-06-10,ECHO,166.305401,168.051039,165.374668,165.771201,165.771201,3949995,health,True
2025-06-11,ECHO,164.510625,166.313177,163.900977,165.538725,165.538725,9188115,health,True
2025-06-12,ECHO,165.910736,167.548622,163.912021,165.460763,165.460763,18796280,health,True
2025-06-13,ECHO,166.038638,167.070303,163.800306,165.572282,165.572282,2330695,health,True
2025-06-16,ECHO,163.093223,163.234692,161.823959,163.14062,163.14062,18445545,health,True
2025-06-17,ECHO,163.555482,165.821458,162.800383,163.964351,163.964351,9507695,health,True
2025-06-18,ECHO,165.633469,167.151905,165.049529,165.732909,165.732909,10040715,health,True
2025-06-19,ECHO,165.214502,167.285654,164.689076,165.726828,165.726828,2309010,health,True
2025-06-20,ECHO,164.469455,166.22234,163.12153,164.998557,164.998557,2789135,health,True
2025-06-23,ECHO,166.15037,168.019957,164.458112,166.14786,166.14786,9444160,health,True
2025-06-24,ECHO,165.863286,166.902727,165.192086,166.44609,166.44609,14756085,health,True
2025-06-25,ECHO,167.487058,170.407591,166.758942,168.492809,168.492809,19136320,health,True
2025-06-26,ECHO,170.80348,172.728552,169.458553,170.829227,170.829227,1662190,health,True
2025-06-27,ECHO,171.228357,172.553046,169.736711,171.322215,171.322215,16407010,health,True
2025-06-30,ECHO,171.998494,172.540575,169.559321,171.553148,171.553148,6981770,health,True
2025-07-01,ECHO,171.455186,172.172614,170.574837,171.115265,171.115265,7919035,health,True
2025-07-02,ECHO,170.455997,171.023577,170.175091,170.323885,170.323885,15428455,health,True
2025-07-03,ECHO,169.64957,170.534048,168.871957,169.232695,169.232695,15974795,health,True
2025-07-04,ECHO,171.256803,172.609005,169.86377,171.214767,171.214767,9129380,health,True
2025-07-07,ECHO,172.158947,174.202712,169.964797,171.525265,171.525265,3796645,health,True
2025-07-08,ECHO,171.083457,171.512912,169.556774,171.004856,171.004856,5730695,health,True
2025-07-09,ECHO,172.941918,174.740409,171.168947,173.016611,173.016611,5268085,health,True
2025-07-10,ECHO,173.186801,175.008385,171.471901,172.754621,172.754621,13465195,health,True
2025-07-11,ECHO,172.324468,173.766793,170.736611,172.243832,172.243832,3637765,health,True
2025-07-14,ECHO,170.579256,172.553516,168.457838,170.081643,170.081643,18431450,health,True
2025-07-15,ECHO,172.133078,172.278557,170.425628,171.535085,171.535085,13763960,health,True
2025-07-16,ECHO,171.122183,172.27847,169.773639,171.549139,171.549139,10018625,health,True
2025-07-17,ECHO,170.91118,173.226984,169.185686,171.176806,171.176806,19794325,health,True
2025-07-18,ECHO,168.231544,169.016791,166.627208,168.442274,168.442274,2164235,health,True
2025-07-21,ECHO,168.957268,170.588832,166.640884,168.156152,168.156152,8370400,health,True
2025-07-22,ECHO,168.232976,169.66441,167.891513,168.245625,168.245625,16875765,health,True
2025-07-23,ECHO,168.128692,168.819509,167.808577,168.562104,168.562104,16427840,health,True
2025-07-24,ECHO,169.274277,170.045829,167.87541,169.395002,169.395002,4042055,health,True
2025-07-25,ECHO,167.397421,168.014252,165.95875,167.476013,167.476013,2418730,health,True
2025-07-28,ECHO,168.246096,168.748223,166.799633,167.801342,167.801342,14414695,health,True
2025-07-29,ECHO,167.856963,170.160562,167.587851,168.325887,168.325887,1749930,health,True
2025-07-30,ECHO,166.665866,169.324171,166.182731,167.946296,167.946296,13679570,health,True
2025-07-31,ECHO,168.808662,169.647474,168.420637,169.049126,169.049126,14483880,health,True
2025-08-01,ECHO,168.020861,168.465663,166.870881,168.130211,168.130211,9445920,health,True
2025-08-04,ECHO,167.488903,169.681397,166.994981,167.798259,167.798259,11763280,health,True
2025-08-05,ECHO,168.853636,169.674884,166.079338,168.032817,168.032817,4809005,health,True
2025-08-06,ECHO,168.718816,170.189123,166.557216,168.348737,168.348737,13017810,health,True
2025-08-07,ECHO,168.587123,170.411372,167.823514,168.482083,168.482083,18586940,health,True
2025-08-08,ECHO,168.662228,170.361169,166.747068,169.050829,169.050829,1545335,health,True
2025-08-11,ECHO,169.856601,170.436984,167.972752,169.729322,169.729322,19653285,health,True
2025-08-12,ECHO,169.67914,171.615699,168.690257,169.463025,169.463025,8653250,health,True
2025-08-13,ECHO,169.201392,170.271376,166.87241,168.385497,168.385497,14835360,health,True
2025-08-14,ECHO,166.847841,168.601387,166.186922,166.857911,166.857911,10822615,health,True
2025-08-15,ECHO,164.902484,165.354204,163.563317,165.139024,165.139024,1940125,health,True
2025-08-18,ECHO,166.009504,167.541028,164.253685,165.279095,165.279095,7678375,health,True
2025-08-19,ECHO,165.921498,167.425032,163.155973,164.983881,164.983881,12538340,health,True
2025-08-20,ECHO,164.618348,166.329092,163.391979,164.834856,164.834856,15397320,health,True
2025-08-21,ECHO,166.901722,167.744111,165.284359,165.89149,165.89149,13835950,health,True
2025-08-22,ECHO,162.382388,163.147091,161.61418,162.382925,162.382925,15728200,health,True
2025-08-25,ECHO,163.269494,163.735041,162.158497,163.370409,163.370409,14840115,health,True
2025-08-26,ECHO,162.435696,164.313153,161.944401,162.89527,162.89527,1566005,health,True
2025-08-27,ECHO,162.07912,163.769233,160.433062,161.281591,161.281591,8290875,health,True
2025-08-28,ECHO,163.561131,165.47927,162.303277,163.379108,163.379108,12781920,health,True
2025-08-29,ECHO,164.328595,165.543334,162.395106,165.083259,165.083259,8921805,health,True
2025-09-01,ECHO,164.570108,165.963302,164.231689,164.414636,164.414636,18025210,health,True
2025-09-02,ECHO,163.792121,164.213927,163.274591,164.045808,164.045808,6918055,health,True
2025-09-03,ECHO,165.202101,165.590873,163.977313,165.281881,165.281881,15363925,health,True
2025-09-04,ECHO,167.360489,169.196735,166.186302,167.107757,167.107757,6697605,health,True
2025-09-05,ECHO,166.055475,167.206923,164.491322,166.329319,166.329319,16259730,health,True
2025-09-08,ECHO,167.574247,168.879131,166.036777,166.737518,166.737518,3723050,health,True
2025-09-09,ECHO,167.402896,169.402354,166.706081,168.188884,168.188884,16220595,health,True
2025-09-10,ECHO,165.88569,168.353823,165.039905,166.601942,166.601942,13849615,health,True
2025-09-11,ECHO,165.390464,166.785056,163.750401,165.330164,165.330164,17588705,health,True
2025-09-12,ECHO,163.763254,165.500112,163.312788,164.290876,164.290876,17094605,health,True
2025-09-15,ECHO,165.214029,166.280946,163.446695,164.808789,164.808789,12495515,health,True
2025-09-16,ECHO,164.948962,166.105937,163.456134,164.878039,164.878039,11102185,health,True
2025-09-17,ECHO,164.776015,164.980969,164.176131,164.877613,164.877613,16892310,health,True
2025-09-18,ECHO,163.100029,164.114449,161.282042,163.286597,163.286597,1592500,health,True
2025-09-19,ECHO,161.642541,162.946119,160.315797,161.50845,161.50845,14077705,health,True
2025-09-22,ECHO,161.901373,162.441225,161.068984,162.35336,162.35336,3239025,health,True
2025-09-23,ECHO,163.618733,163.952123,162.554279,163.783581,163.783581,10344045,health,True
2025-09-24,ECHO,162.838858,163.474213,162.428644,163.339705,163.339705,15752995,health,True
2025-09-25,ECHO,162.634435,162.870602,161.099845,161.859142,161.859142,15769590,health,True
2025-09-26,ECHO,160.991832,162.149845,160.897157,161.34118,161.34118,19818900,health,True
2025-09-29,ECHO,162.504198,163.928907,161.931052,162.184624,162.184624,15456330,health,True
2025-09-30,ECHO,163.050171,163.241495,162.183648,162.834278,162.834278,16316285,health,True
2025-10-01,ECHO,159.885905,160.750504,158.665204,160.422518,160.422518,7177260,health,True
2025-10-02,ECHO,160.970856,161.931163,159.244701,161.282184,161.282184,11954270,health,True
2025-10-03,ECHO,162.667144,163.764671,162.013049,162.713685,162.713685,3185390,health,True
2025-10-06,ECHO,161.814456,163.043946,160.910998,161.726538,161.726538,4811650,health,True
2025-10-07,ECHO,162.989893,163.54803,161.944932,163.03836,163.03836,10096220,health,True
2025-10-08,ECHO,164.039321,164.530309,162.385764,163.717702,163.717702,11258250,health,True
2025-10-09,ECHO,165.700337,167.740879,165.218396,165.935693,165.935693,19291995,health,True
2025-10-10,ECHO,167.348956,167.591772,165.349677,166.848574,166.848574,12535495,health,True
2025-10-13,ECHO,164.640379,166.137869,163.629977,164.850013,164.850013,9705210,health,True
2025-10-14,ECHO,163.747817,165.224902,161.791472,163.724723,163.724723,17020725,health,True
2025-10-15,ECHO,164.94395,165.901479,164.082738,164.232628,164.232628,7612745,health,True
2025-10-16,ECHO,162.661398,163.550925,161.57624,163.369739,163.369739,5108020,health,True
2025-10-17,ECHO,163.648398,164.899468,162.647283,163.203708,163.203708,19900635,health,True
2025-10-20,ECHO,164.67838,165.222348,163.486802,164.710414,164.710414,6024755,health,True
2025-10-21,ECHO,163.672465,166.049393,163.029784,164.483582,164.483582,6607650,health,True
2025-10-22,ECHO,163.89188,165.677107,163.463689,163.861712,163.861712,17253600,health,True
2025-10-23,ECHO,163.933562,165.267354,163.04756,164.041274,164.041274,4920665,health,True
2025-10-24,ECHO,163.96394,164.76867,163.031827,163.5172,163.5172,1857565,health,True
2025-10-27,ECHO,163.657042,164.372165,163.490677,163.707374,163.707374,5728295,health,True
2025-10-28,ECHO,165.809293,167.711597,164.609775,165.535951,165.535951,9224205,health,True
2025-10-29,ECHO,165.483593,165.837911,163.305888,165.284063,165.284063,17707740,health,True
2025-10-30,ECHO,164.290642,165.606041,162.85323,164.471632,164.471632,9625385,health,True
2025-10-31,ECHO,164.808711,165.267986,164.631741,164.89188,164.89188,16133675,health,True
2025-11-03,ECHO,163.230827,165.401025,161.847165,163.68414,163.68414,16892930,health,True
2025-11-04,ECHO,162.338715,163.073878,161.724198,162.14669,162.14669,15653855,health,True
2025-11-05,ECHO,161.084647,161.263007,159.634975,161.037755,161.037755,10169940,health,True
2025-11-06,ECHO,162.155907,162.896778,161.195895,161.901749,161.901749,5869455,health,True
2025-11-07,ECHO,165.721891,166.263082,164.327795,165.623015,165.623015,3430495,health,True
2025-11-10,ECHO,163.923498,164.097856,162.38689,163.879282,163.879282,8916185,health,True
2025-11-11,ECHO,163.545296,164.447045,161.410325,163.343144,163.343144,5337190,health,True
2025-11-12,ECHO,161.714376,162.287174,160.375486,162.052032,162.052032,1936775,health,True
2025-11-13,ECHO,163.937049,166.041693,162.737554,164.510678,164.510678,7324520,health,True
2025-11-14,ECHO,162.89047,164.738723,161.370733,163.239388,163.239388,19841645,health,True
2025-11-17,ECHO,163.600954,165.381982,161.302563,163.114335,163.114335,17271435,health,True
2025-11-18,ECHO,163.203934,164.982485,161.349906,163.692955,163.692955,2326290,health,True
2025-11-19,ECHO,163.981751,164.065696,163.835393,163.951372,163.951372,10570095,health,True
2025-11-20,ECHO,165.250995,165.478394,164.272362,164.914559,164.914559,4367595,health,True
2025-11-21,ECHO,165.400225,165.994591,164.230456,165.019129,165.019129,19501175,health,True
2025-11-24,ECHO,165.676022,166.719586,164.286439,165.791734,165.791734,7367875,health,True
