date,asset,value,quality,size,future_return
2023-01-02,ALFA,0.067067,0.614037,19.443975,-0.00241477
2023-01-03,ALFA,0.359417,0.534725,17.775048,0.00729334
2023-01-04,ALFA,0.155242,0.66471,17.691628,-0.00608504
2023-01-05,ALFA,0.130522,0.520992,19.14388,0.00369063
2023-01-06,ALFA,0.104127,0.474369,19.072201,0.00548128
2023-01-09,ALFA,0.180142,0.502802,17.390038,0.00535205
2023-01-10,ALFA,0.10275,0.712446,19.441393,0.00086672
2023-01-11,ALFA,0.404347,0.535517,18.911081,-0.01074364
2023-01-12,ALFA,0.139135,0.583034,18.828747,-0.00529611
2023-01-13,ALFA,-0.009247,0.59678,19.436618,-0.00498001
2023-01-16,ALFA,0.533221,0.400965,18.273735,-0.0003907
2023-01-17,ALFA,0.11113,0.618326,19.30207,0.00543341
2023-01-18,ALFA,0.230085,0.516562,19.270815,0.0024937
2023-01-19,ALFA,0.199066,0.621359,19.244026,0.00189761
2023-01-20,ALFA,0.341613,0.292529,19.037642,-0.00036173
2023-01-23,ALFA,0.219108,0.48795,19.05913,-0.00010755
2023-01-24,ALFA,0.172679,0.439698,19.001186,0.00401226
2023-01-25,ALFA,0.239122,0.490724,19.026528,0.00429978
2023-01-26,ALFA,0.237866,0.633455,18.398401,0.00112891
2023-01-27,ALFA,0.193257,0.52561,18.722943,0.00405486
2023-01-30,ALFA,0.313382,0.438756,17.79099,0.00259605
2023-01-31,ALFA,0.091285,0.714639,18.493495,0.00027875
2023-02-01,ALFA,0.255485,0.440979,18.407289,0.00502508
2023-02-02,ALFA,0.2544,0.695599,19.356686,0.00076389
2023-02-03,ALFA,0.22243,0.455431,18.141062,-0.00432281
2023-02-06,ALFA,0.200293,0.761066,18.562515,-0.00774819
2023-02-07,ALFA,0.085651,0.751437,17.853876,0.00390014
2023-02-08,ALFA,0.28202,0.510173,18.666375,0.00151512
2023-02-09,ALFA,0.296795,0.466192,17.818741,0.00012214
2023-02-10,ALFA,0.186221,0.568655,19.148967,0.0052841
2023-02-13,ALFA,0.035031,0.555867,19.201851,0.00432914
2023-02-14,ALFA,0.245219,0.461721,17.418895,0.00626383
2023-02-15,ALFA,-0.003883,0.647652,18.116151,-0.0033571
2023-02-16,ALFA,0.069142,0.606652,19.351,0.00530296
2023-02-17,ALFA,0.027016,0.722884,18.739979,0.01571339
2023-02-20,ALFA,0.317458,0.341619,17.209085,0.00259002
2023-02-21,ALFA,0.199768,0.530812,18.55698,0.00299559
2023-02-22,ALFA,0.191882,0.587467,19.106087,0.00507945
2023-02-23,ALFA,-0.082849,0.787325,19.194887,-0.00496473
2023-02-24,ALFA,0.349103,0.551423,17.68377,-0.00185968
2023-02-27,ALFA,0.10217,0.611856,19.286858,0.0050049
2023-02-28,ALFA,0.34712,0.477356,19.284304,0.00174839
2023-03-01,ALFA,0.35327,0.554118,17.804195,-0.00536913
2023-03-02,ALFA,0.37116,0.537455,17.136932,0.00252138
2023-03-03,ALFA,0.165794,0.48281,19.115807,0.00417129
2023-03-06,ALFA,0.102854,0.529408,18.19798,-0.00058177
2023-03-07,ALFA,0.188553,0.398043,19.408008,-0.00189745
2023-03-08,ALFA,0.346734,0.427952,19.448323,0.00540142
2023-03-09,ALFA,0.148886,0.493994,18.943046,-0.00021252
2023-03-10,ALFA,0.176882,0.487162,19.405912,-0.00163855
2023-03-13,ALFA,0.434816,0.576142,19.291867,0.00104597
2023-03-14,ALFA,0.047248,0.537244,19.483447,0.00282259
2023-03-15,ALFA,0.180906,0.685789,18.178379,0.00901112
2023-03-16,ALFA,0.148451,0.519813,17.882721,0.01121381
2023-03-17,ALFA,0.458845,0.468788,19.031464,-0.00305596
2023-03-20,ALFA,0.433842,0.544739,17.844948,0.0031948
2023-03-21,ALFA,0.406791,0.630129,19.157074,0.00540081
2023-03-22,ALFA,0.521605,0.526466,18.151017,-0.00611312
2023-03-23,ALFA,0.207869,0.629292,18.643842,0.00342446
2023-03-24,ALFA,0.409677,0.476074,18.283744,0.00279516
2023-03-27,ALFA,0.117863,0.660221,19.488034,0.00268387
2023-03-28,ALFA,0.331684,0.596088,17.577271,-0.00540118
2023-03-29,ALFA,0.262207,0.460934,18.328953,0.00024464
2023-03-30,ALFA,0.117979,0.641295,19.130617,-0.00482188
2023-03-31,ALFA,0.358175,0.641875,19.504337,0.0042635
2023-04-03,ALFA,0.248169,0.491852,17.373025,-0.004238
2023-04-04,ALFA,0.202854,0.556193,19.302579,0.00057321
2023-04-05,ALFA,0.209691,0.678622,18.406981,-0.00301866
2023-04-06,ALFA,0.447444,0.366029,19.351867,-0.00441872
2023-04-07,ALFA,0.105056,0.698068,19.424058,0.00159734
2023-04-10,ALFA,0.376298,0.394553,17.69726,-0.00351746
2023-04-11,ALFA,0.329558,0.498977,19.039985,0.01451054
2023-04-12,ALFA,0.3615,0.533244,17.415548,0.00950147
2023-04-13,ALFA,0.27362,0.464781,17.220858,0.00646601
2023-04-14,ALFA,-0.016381,0.458703,19.381276,0.00491419
2023-04-17,ALFA,0.39559,0.608395,19.107824,-0.00218836
2023-04-18,ALFA,0.066232,0.458211,19.204681,-0.00051409
2023-04-19,ALFA,0.161106,0.48243,18.320083,-0.00460898
2023-04-20,ALFA,0.181046,0.532855,18.690676,0.00278641
2023-04-21,ALFA,0.224126,0.579749,19.420767,0.00366109
2023-04-24,ALFA,0.290888,0.641818,18.955337,0.00729244
2023-04-25,ALFA,0.417873,0.506983,19.187122,0.00329125
2023-04-26,ALFA,0.187677,0.572067,18.775802,-0.00653834
2023-04-27,ALFA,0.216523,0.671973,19.329264,0.01094071
2023-04-28,ALFA,0.275346,0.427938,18.715207,-0.00483581
2023-05-01,ALFA,0.072666,0.604989,19.386465,0.00376805
2023-05-02,ALFA,0.148124,0.727343,19.138908,-0.00685559
2023-05-03,ALFA,0.190241,0.556136,19.245192,-0.00575774
2023-05-04,ALFA,0.24585,0.420441,18.97369,-0.0038696
2023-05-05,ALFA,0.17881,0.498528,18.981069,0.00774554
2023-05-08,ALFA,0.220615,0.540196,19.55714,0.00291259
2023-05-09,ALFA,0.253325,0.686525,19.070115,-0.00042621
2023-05-10,ALFA,0.03084,0.595526,19.36832,-0.00258795
2023-05-11,ALFA,0.593186,0.370315,19.164445,0.01017633
2023-05-12,ALFA,0.471466,0.585413,18.338753,-0.00801467
2023-05-15,ALFA,0.466264,0.404415,19.004671,0.00808768
2023-05-16,ALFA,0.404661,0.401339,18.370651,-0.00329956
2023-05-17,ALFA,0.271829,0.457155,19.517045,-0.00373903
2023-05-18,ALFA,0.339034,0.47739,18.87272,0.00269744
2023-05-19,ALFA,0.251975,0.692114,18.718392,-0.0138866
2023-05-22,ALFA,0.308933,0.62001,19.520579,0.00992792
2023-05-23,ALFA,0.042467,0.60863,18.449765,-0.00395237
2023-05-24,ALFA,0.38482,0.34994,18.649852,0.00234909
2023-05-25,ALFA,0.377536,0.399138,19.542669,0.00263297
2023-05-26,ALFA,0.327548,0.513105,18.824542,-0.00378522
2023-05-29,ALFA,0.296523,0.519272,19.358643,-0.00029606
2023-05-30,ALFA,0.24574,0.576087,18.285211,0.00264393
2023-05-31,ALFA,0.353776,0.455372,17.343134,-0.01768287
2023-06-01,ALFA,0.271299,0.660265,19.269646,-0.00645163
2023-06-02,ALFA,0.291422,0.614193,18.932654,-0.00595005
2023-06-05,ALFA,0.212764,0.643182,19.152928,-0.00733036
2023-06-06,ALFA,0.307611,0.711182,19.389285,0.00497489
2023-06-07,ALFA,0.2298,0.412222,19.346439,-0.01696853
2023-06-08,ALFA,0.419024,0.422432,19.494587,0.00324876
2023-06-09,ALFA,0.168881,0.602367,18.535656,-0.00459263
2023-06-12,ALFA,0.376862,0.580247,18.932624,-0.00238492
2023-06-13,ALFA,0.259388,0.540993,18.377322,0.00048961
2023-06-14,ALFA,0.203722,0.443166,19.309604,-0.00218645
2023-06-15,ALFA,0.241031,0.492411,18.695362,0.00928801
2023-06-16,ALFA,0.319644,0.363189,19.183455,-0.00163311
2023-06-19,ALFA,0.108066,0.659586,18.965274,0.00856146
2023-06-20,ALFA,0.277793,0.513758,18.644796,-0.0029498
2023-06-21,ALFA,0.328266,0.581415,18.768124,0.01338074
2023-06-22,ALFA,0.140218,0.587227,18.416134,0.00377814
2023-06-23,ALFA,0.284194,0.536849,19.433451,-0.00098777
2023-06-26,ALFA,0.414675,0.374336,19.342974,-0.00085087
2023-06-27,ALFA,0.469637,0.471785,19.337668,-0.0034287
2023-06-28,ALFA,0.273071,0.550322,18.683209,-0.00877757
2023-06-29,ALFA,0.22858,0.529833,18.989745,0.00410008
2023-06-30,ALFA,0.404165,0.441474,19.500252,0.00320421
2023-07-03,ALFA,0.309131,0.419068,19.293916,-0.00740718
2023-07-04,ALFA,0.36191,0.478096,18.515717,-0.00221434
2023-07-05,ALFA,0.324569,0.627062,17.715546,0.00975506
2023-07-06,ALFA,0.15533,0.648669,18.642672,-0.00438561
2023-07-07,ALFA,0.526338,0.619555,18.974677,0.01086572
2023-07-10,ALFA,0.229488,0.584817,18.552815,0.00921654
2023-07-11,ALFA,0.247761,0.567662,19.439123,0.00534607
2023-07-12,ALFA,0.234004,0.498626,19.025029,0.00280606
2023-07-13,ALFA,0.540208,0.458832,18.729245,-0.0031544
2023-07-14,ALFA,0.286375,0.443196,18.742909,-0.00144453
2023-07-17,ALFA,0.290548,0.374731,18.846839,0.00588518
2023-07-18,ALFA,0.262738,0.616911,19.168542,-0.00379291
2023-07-19,ALFA,0.252224,0.708873,19.530732,0.0096684
2023-07-20,ALFA,0.340081,0.563471,18.121472,-0.00788804
2023-07-21,ALFA,0.411519,0.42268,19.299703,-0.00356556
2023-07-24,ALFA,0.528845,0.505158,17.874174,0.00504829
2023-07-25,ALFA,0.48295,0.485387,19.352179,0.00125245
2023-07-26,ALFA,0.490109,0.493328,19.029374,-0.00961587
2023-07-27,ALFA,0.23598,0.36595,19.132792,0.0005381
2023-07-28,ALFA,0.285753,0.660079,18.059751,-0.00083801
2023-07-31,ALFA,0.266958,0.456473,19.184792,0.00569359
2023-08-01,ALFA,0.363046,0.327223,18.552187,0.0036795
2023-08-02,ALFA,0.122378,0.522171,17.709938,0.00316665
2023-08-03,ALFA,0.335556,0.579309,17.772473,0.00209759
2023-08-04,ALFA,0.370785,0.548336,19.371271,-0.00371856
2023-08-07,ALFA,0.638938,0.445784,19.403937,-0.00061514
2023-08-08,ALFA,0.235347,0.658392,18.445335,-0.00505204
2023-08-09,ALFA,0.25571,0.463739,19.43857,0.00105215
2023-08-10,ALFA,0.128812,0.678205,18.405084,0.00692608
2023-08-11,ALFA,0.258356,0.458804,19.018241,0.0006995
2023-08-14,ALFA,0.073848,0.432612,19.164752,0.00366388
2023-08-15,ALFA,0.473516,0.596962,19.26482,0.01216688
2023-08-16,ALFA,0.525788,0.537351,17.221692,-0.01094593
2023-08-17,ALFA,0.401996,0.459803,19.544997,-0.00673601
2023-08-18,ALFA,0.345733,0.472481,18.696976,-0.0021744
2023-08-21,ALFA,0.313071,0.264948,18.811919,0.00144833
2023-08-22,ALFA,0.307674,0.489696,18.372898,-0.00190133
2023-08-23,ALFA,0.292955,0.561579,18.301235,-0.00013654
2023-08-24,ALFA,0.228542,0.484752,18.742647,-0.00132578
2023-08-25,ALFA,0.521825,0.425483,19.232813,-0.00111831
2023-08-28,ALFA,0.159307,0.508045,17.319829,-0.00406208
2023-08-29,ALFA,0.282616,0.466621,19.125301,-0.00017052
2023-08-30,ALFA,0.493668,0.434152,18.883101,-0.00961193
2023-08-31,ALFA,0.308409,0.485749,19.211045,0.00301835
2023-09-01,ALFA,0.438364,0.648659,19.363808,0.002516
2023-09-04,ALFA,0.24108,0.492498,19.348097,-0.00216244
2023-09-05,ALFA,0.411558,0.446672,19.215488,-0.00309862
2023-09-06,ALFA,0.451359,0.620201,18.993038,0.01080236
2023-09-07,ALFA,0.519287,0.511117,18.759835,0.0061041
2023-09-08,ALFA,0.283997,0.575676,18.229426,-0.01242288
2023-09-11,ALFA,0.336324,0.508838,18.249936,-0.00580817
2023-09-12,ALFA,0.341203,0.549322,18.503655,0.00056215
2023-09-13,ALFA,0.363653,0.530059,18.777853,0.00047769
2023-09-14,ALFA,0.513017,0.635494,19.125533,0.00241946
2023-09-15,ALFA,0.282036,0.657775,17.31784,-0.00676273
2023-09-18,ALFA,0.500006,0.485306,19.31103,0.0061471
2023-09-19,ALFA,0.397907,0.563899,18.631158,-0.0023421
2023-09-20,ALFA,0.436878,0.567831,19.01662,0.00899593
2023-09-21,ALFA,0.566136,0.497991,18.86042,0.00620872
2023-09-22,ALFA,0.379604,0.435373,18.191844,-0.00867586
2023-09-25,ALFA,0.361066,0.56908,19.370648,0.00519654
2023-09-26,ALFA,0.326655,0.632137,18.310286,-0.00477441
2023-09-27,ALFA,0.308614,0.459987,19.066656,-0.00743411
2023-09-28,ALFA,0.277155,0.575064,19.463893,0.00890213
2023-09-29,ALFA,0.382771,0.482201,19.509871,0.00539122
2023-10-02,ALFA,0.486859,0.426473,18.764034,-0.0037467
2023-10-03,ALFA,0.236928,0.568191,19.488073,-0.00240547
2023-10-04,ALFA,0.322905,0.546105,17.963113,-0.00414808
2023-10-05,ALFA,0.478783,0.497905,18.721065,0.00998432
2023-10-06,ALFA,0.409435,0.492866,19.023287,0.0035054
2023-10-09,ALFA,0.288882,0.533614,19.478485,-0.00199527
2023-10-10,ALFA,0.390575,0.381651,18.455868,-0.00663977
2023-10-11,ALFA,0.582162,0.196654,18.275315,0.00257577
2023-10-12,ALFA,0.20403,0.649779,19.397722,-0.00586462
2023-10-13,ALFA,0.551501,0.507067,17.780012,-0.00713676
2023-10-16,ALFA,0.418551,0.618263,17.464936,0.00024832
2023-10-17,ALFA,0.249868,0.712093,17.403468,-0.00539015
2023-10-18,ALFA,0.414633,0.463484,19.150265,0.01014354
2023-10-19,ALFA,0.558367,0.576875,19.506684,-0.00649393
2023-10-20,ALFA,0.354924,0.480946,19.259841,-0.00628377
2023-10-23,ALFA,0.194814,0.385919,19.238603,0.00205048
2023-10-24,ALFA,0.221017,0.586485,19.360231,0.00246242
2023-10-25,ALFA,0.500351,0.467708,19.472395,-0.00568266
2023-10-26,ALFA,0.595949,0.365608,19.197287,0.00287283
2023-10-27,ALFA,0.383456,0.679345,19.306918,-0.00334076
2023-10-30,ALFA,0.4422,0.344933,17.934516,0.00394506
2023-10-31,ALFA,0.389082,0.660789,19.136371,-0.00574872
2023-11-01,ALFA,0.713444,0.32474,19.346573,0.00357185
2023-11-02,ALFA,0.386781,0.4907,19.425764,0.00137058
2023-11-03,ALFA,0.360393,0.458378,17.914199,-0.00521961
2023-11-06,ALFA,0.386312,0.533177,18.046044,0.01382481
2023-11-07,ALFA,0.335124,0.558989,19.171984,0.00389353
2023-11-08,ALFA,0.245489,0.663934,18.424089,0.00175562
2023-11-09,ALFA,0.37257,0.511076,19.136004,-0.00017594
2023-11-10,ALFA,0.264276,0.433436,18.936078,0.00537911
2023-11-13,ALFA,0.371796,0.520845,18.432464,-0.0063425
2023-11-14,ALFA,0.430268,0.306428,19.083468,0.00243421
2023-11-15,ALFA,0.413742,0.485713,17.266139,0.00059455
2023-11-16,ALFA,0.071043,0.637666,19.488568,0.01469931
2023-11-17,ALFA,0.301026,0.402691,18.218664,0.00938495
2023-11-20,ALFA,0.620758,0.377491,19.067936,-7.937e-05
2023-11-21,ALFA,0.505686,0.434244,17.201652,0.00137647
2023-11-22,ALFA,0.19331,0.429249,19.476732,-0.00236324
2023-11-23,ALFA,0.588492,0.339671,19.378893,-0.00275494
2023-11-24,ALFA,0.486977,0.237978,19.335798,4.031e-05
2023-11-27,ALFA,0.484464,0.426346,17.156185,-0.0041123
2023-11-28,ALFA,0.292886,0.668388,19.38202,0.00077322
2023-11-29,ALFA,0.523706,0.354676,19.014868,0.00120643
2023-11-30,ALFA,0.27563,0.561753,19.273336,0.00260627
2023-12-01,ALFA,0.325517,0.461069,19.273607,-0.00962267
2023-12-04,ALFA,0.565397,0.443473,18.940115,0.0004527
2023-12-05,ALFA,0.300217,0.632398,18.283925,-8.957e-05
2023-12-06,ALFA,0.300958,0.529633,19.210464,-0.00750253
2023-12-07,ALFA,0.462988,0.356906,17.930869,0.00376735
2023-12-08,ALFA,0.379762,0.431088,19.397939,0.0030948
2023-12-11,ALFA,0.17677,0.553632,18.519109,-0.00260251
2023-12-12,ALFA,0.394146,0.477682,19.340836,0.00426792
2023-12-13,ALFA,0.478489,0.485617,18.985896,-0.00761929
2023-12-14,ALFA,0.490665,0.617847,19.067311,-0.00088488
2023-12-15,ALFA,0.365988,0.5743,19.302175,0.00260497
2023-12-18,ALFA,0.315588,0.546882,18.927777,-0.00669987
2023-12-19,ALFA,0.497606,0.499985,18.700673,-0.00382147
2023-12-20,ALFA,0.459043,0.380084,19.190975,0.00910919
2023-12-21,ALFA,0.352991,0.429808,18.368373,0.00395039
2023-12-22,ALFA,0.465884,0.523258,18.519584,0.00861551
2023-12-25,ALFA,0.292016,0.534899,19.128647,-0.01031169
2023-12-26,ALFA,0.365267,0.525933,18.857361,0.00235523
2023-12-27,ALFA,0.078151,0.516789,18.980127,0.01352686
2023-12-28,ALFA,0.387478,0.448089,17.545479,-0.00716273
2023-12-29,ALFA,0.535789,0.324228,18.917496,-0.00907067
2024-01-01,ALFA,0.530081,0.498277,18.731313,0.00696869
2024-01-02,ALFA,0.159046,0.528297,17.530027,0.00598531
2024-01-03,ALFA,0.531275,0.601834,17.870481,-0.0055613
2024-01-04,ALFA,0.518803,0.530282,19.125191,0.00760695
2024-01-05,ALFA,0.628437,0.486221,17.500712,-0.00316453
2024-01-08,ALFA,0.529321,0.489859,17.774801,0.01185673
2024-01-09,ALFA,0.537101,0.53594,18.879299,0.00257058
2024-01-10,ALFA,0.326569,0.673016,18.771529,0.00609558
2024-01-11,ALFA,0.525861,0.508055,18.592111,-0.00309937
2024-01-12,ALFA,0.218431,0.620471,18.572733,0.00363945
2024-01-15,ALFA,0.465804,0.47945,18.82332,0.00344202
2024-01-16,ALFA,0.346358,0.54729,19.505291,0.00887639
2024-01-17,ALFA,0.566018,0.308455,18.624895,0.00495365
2024-01-18,ALFA,0.5433,0.44645,19.288391,0.00926
2024-01-19,ALFA,0.499318,0.589651,17.934349,-0.00281977
2024-01-22,ALFA,0.355322,0.614691,19.140625,0.01194394
2024-01-23,ALFA,0.433326,0.610473,17.202737,0.00089018
2024-01-24,ALFA,0.399408,0.591897,18.42643,0.00420223
2024-01-25,ALFA,0.448206,0.686142,18.606023,0.00193669
2024-01-26,ALFA,0.512091,0.47822,19.535198,-0.00123805
2024-01-29,ALFA,0.567333,0.660737,19.363223,-0.00382969
2024-01-30,ALFA,0.534817,0.532666,17.547793,-0.00829782
2024-01-31,ALFA,0.243068,0.49121,18.551633,0.0017312
2024-02-01,ALFA,0.443646,0.459297,17.173931,-0.0041874
2024-02-02,ALFA,0.421683,0.479097,18.635392,0.00563411
2024-02-05,ALFA,0.400172,0.508993,18.46942,-0.00092109
2024-02-06,ALFA,0.350016,0.403061,17.848788,0.0027046
2024-02-07,ALFA,0.54459,0.60009,18.924812,0.01139305
2024-02-08,ALFA,0.396929,0.581341,19.15562,-0.00998436
2024-02-09,ALFA,0.338743,0.41734,18.390994,-0.0051063
2024-02-12,ALFA,0.520087,0.437337,18.646945,0.01504489
2024-02-13,ALFA,0.558914,0.377931,18.036965,0.00225863
2024-02-14,ALFA,0.452481,0.606757,18.951964,0.00874999
2024-02-15,ALFA,0.480396,0.608752,19.475725,0.00870905
2024-02-16,ALFA,0.572269,0.496112,18.897644,0.00243533
2024-02-19,ALFA,0.361001,0.48058,17.852759,-0.00248292
2024-02-20,ALFA,0.49497,0.59274,17.774514,-0.00064924
2024-02-21,ALFA,0.632198,0.438198,17.816499,-0.00094114
2024-02-22,ALFA,0.422619,0.282278,18.887136,0.00628285
2024-02-23,ALFA,0.468496,0.550077,19.556913,-0.00513263
2024-02-26,ALFA,0.40019,0.470085,17.310605,0.00161276
2024-02-27,ALFA,0.478942,0.266374,19.480619,-0.00254284
2024-02-28,ALFA,0.577369,0.532449,17.597373,-0.00148656
2024-02-29,ALFA,0.481742,0.454601,19.155509,0.00106715
2024-03-01,ALFA,0.552362,0.540242,17.356187,-0.00010199
2024-03-04,ALFA,0.498816,0.487469,18.903187,0.00318829
2024-03-05,ALFA,0.568167,0.45802,18.187892,0.00019429
2024-03-06,ALFA,0.514563,0.562652,18.787412,0.00769368
2024-03-07,ALFA,0.392231,0.462193,17.448767,-0.00532893
2024-03-08,ALFA,0.456801,0.552139,19.347233,0.00503423
2024-03-11,ALFA,0.334169,0.66035,19.617176,-0.00371859
2024-03-12,ALFA,0.392029,0.558977,19.003766,0.00927705
2024-03-13,ALFA,0.519533,0.523532,19.303421,0.00864193
2024-03-14,ALFA,0.447974,0.543748,17.321457,0.00534528
2024-03-15,ALFA,0.343148,0.583729,17.755949,-0.00435795
2024-03-18,ALFA,0.407271,0.374018,18.573566,-0.00426358
2024-03-19,ALFA,0.581098,0.418343,19.252321,0.00281669
2024-03-20,ALFA,0.574624,0.462844,17.700192,0.00882746
2024-03-21,ALFA,0.482808,0.442155,17.789883,0.00629055
2024-03-22,ALFA,0.646076,0.575521,19.199775,0.00420473
2024-03-25,ALFA,0.554826,0.579787,19.321666,0.00299209
2024-03-26,ALFA,0.480206,0.566431,19.222714,-0.00542025
2024-03-27,ALFA,0.248513,0.495884,19.598636,-0.00995322
2024-03-28,ALFA,0.46799,0.710298,19.159986,0.00379865
2024-03-29,ALFA,0.628372,0.495118,17.90901,-0.00065267
2024-04-01,ALFA,0.646287,0.363673,19.393613,-0.0060463
2024-04-02,ALFA,0.435668,0.40613,19.294407,0.00335261
2024-04-03,ALFA,0.361811,0.511113,18.734713,3.83e-06
2024-04-04,ALFA,0.580202,0.508575,19.196701,0.01274528
2024-04-05,ALFA,0.447768,0.441924,18.914085,0.00809697
2024-04-08,ALFA,0.371021,0.422409,19.585249,-0.00171809
2024-04-09,ALFA,0.535462,0.497541,19.358838,0.00279471
2024-04-10,ALFA,0.635244,0.520919,19.564951,0.00352742
2024-04-11,ALFA,0.528454,0.545459,19.469862,-0.00198831
2024-04-12,ALFA,0.61977,0.48124,18.931408,-0.00557587
2024-04-15,ALFA,0.429424,0.336299,17.684198,-0.00889738
2024-04-16,ALFA,0.705964,0.507873,18.922291,-0.00114783
2024-04-17,ALFA,0.69199,0.350497,19.618231,0.00083379
2024-04-18,ALFA,0.333379,0.439542,18.94217,0.00763106
2024-04-19,ALFA,0.446796,0.330613,19.487579,-0.00450384
2024-04-22,ALFA,0.473213,0.610986,18.49794,-0.00753408
2024-04-23,ALFA,0.594674,0.426541,19.415057,-0.00449271
2024-04-24,ALFA,0.5131,0.61613,19.397143,-0.00307816
2024-04-25,ALFA,0.206674,0.713534,19.53346,0.00044863
2024-04-26,ALFA,0.469785,0.497502,17.455761,-0.00238499
2024-04-29,ALFA,0.460792,0.462879,19.572081,-0.00514896
2024-04-30,ALFA,0.557314,0.531436,19.33218,0.0017732
2024-05-01,ALFA,0.567068,0.644602,19.345328,0.00159552
2024-05-02,ALFA,0.459082,0.608044,19.57824,-0.00411638
2024-05-03,ALFA,0.50822,0.644609,19.308289,-0.00757937
2024-05-06,ALFA,0.499461,0.427127,18.334067,0.00288604
2024-05-07,ALFA,0.382865,0.365121,19.550598,-0.00506985
2024-05-08,ALFA,0.6779,0.380685,19.131539,-0.00557903
2024-05-09,ALFA,0.568971,0.379252,18.560872,-0.00650348
2024-05-10,ALFA,0.33956,0.620549,18.673186,0.0087766
2024-05-13,ALFA,0.482357,0.472001,18.954847,0.00174129
2024-05-14,ALFA,0.256438,0.413467,19.32334,-0.00112
2024-05-15,ALFA,0.328104,0.565204,17.660323,-0.01539812
2024-05-16,ALFA,0.342545,0.356046,19.452854,0.01221464
2024-05-17,ALFA,0.677374,0.346213,19.626398,0.00030267
2024-05-20,ALFA,0.895987,0.484482,19.572919,0.01023348
2024-05-21,ALFA,0.545306,0.29997,19.432787,-0.00301962
2024-05-22,ALFA,0.384436,0.586388,19.152072,0.0076135
2024-05-23,ALFA,0.392823,0.548139,19.288567,0.00112969
2024-05-24,ALFA,0.702998,0.252044,19.262703,-0.00079649
2024-05-27,ALFA,0.591368,0.485705,18.195292,0.00249554
2024-05-28,ALFA,0.578663,0.386957,19.287359,0.00105268
2024-05-29,ALFA,0.55156,0.372651,19.061692,0.00447905
2024-05-30,ALFA,0.486515,0.435217,17.275466,-0.00076972
2024-05-31,ALFA,0.613751,0.376027,19.52116,-0.00997023
2024-06-03,ALFA,0.725799,0.369701,18.434325,-0.00963946
2024-06-04,ALFA,0.568941,0.34822,18.744702,0.00638387
2024-06-05,ALFA,0.559989,0.268111,18.770205,0.00512925
2024-06-06,ALFA,0.463923,0.418554,19.088286,-0.00036581
2024-06-07,ALFA,0.371558,0.486827,19.100089,-0.00535407
2024-06-10,ALFA,0.578995,0.452248,19.545676,0.00293278
2024-06-11,ALFA,0.391825,0.617835,18.23976,-0.00489446
2024-06-12,ALFA,0.526907,0.573482,18.731679,0.00503613
2024-06-13,ALFA,0.345178,0.465314,19.195998,-0.00573491
2024-06-14,ALFA,0.518421,0.443266,19.277207,0.01178906
2024-06-17,ALFA,0.503079,0.495457,19.136247,-0.00992275
2024-06-18,ALFA,0.566898,0.557024,18.815031,-0.00431809
2024-06-19,ALFA,0.544996,0.41113,18.885079,0.00538268
2024-06-20,ALFA,0.702112,0.277428,18.647615,-0.00392513
2024-06-21,ALFA,0.686802,0.509737,18.972462,-0.0019341
2024-06-24,ALFA,0.761315,0.259405,19.182857,-0.01131833
2024-06-25,ALFA,0.658457,0.41605,19.544794,-0.00158836
2024-06-26,ALFA,0.514419,0.441733,18.709393,0.00432345
2024-06-27,ALFA,0.615637,0.517564,19.466304,0.00117323
2024-06-28,ALFA,0.790356,0.360131,19.604802,-0.00357695
2024-07-01,ALFA,0.582386,0.313348,19.416437,0.00456427
2024-07-02,ALFA,0.465756,0.488736,18.41691,-0.00701564
2024-07-03,ALFA,0.539463,0.615965,18.753241,-0.00551966
2024-07-04,ALFA,0.683643,0.312873,18.369752,0.00127933
2024-07-05,ALFA,0.464205,0.501124,17.764609,-0.00748078
2024-07-08,ALFA,0.578006,0.38223,19.438243,-0.00147304
2024-07-09,ALFA,0.625476,0.332428,19.521115,0.00160006
2024-07-10,ALFA,0.527391,0.665908,17.607004,-0.00605538
2024-07-11,ALFA,0.496015,0.563623,18.950003,0.00322198
2024-07-12,ALFA,0.659518,0.499637,19.201693,-0.01574406
2024-07-15,ALFA,0.82173,0.331527,19.174264,-0.00163701
2024-07-16,ALFA,0.503233,0.326331,19.402744,-0.00089442
2024-07-17,ALFA,0.680522,0.358084,18.536233,-0.00488619
2024-07-18,ALFA,0.4408,0.410756,18.45542,0.01189895
2024-07-19,ALFA,0.521511,0.600564,17.966602,-0.00673075
2024-07-22,ALFA,0.688326,0.336486,18.77448,0.00315957
2024-07-23,ALFA,0.630955,0.389862,19.32229,-0.00279252
2024-07-24,ALFA,0.545753,0.600625,19.411149,0.00276
2024-07-25,ALFA,0.669868,0.611845,17.685058,-0.00982872
2024-07-26,ALFA,0.490579,0.498803,18.63159,-0.00690231
2024-07-29,ALFA,0.530804,0.309263,19.378635,-0.00148742
2024-07-30,ALFA,0.602074,0.266801,18.136485,0.00804275
2024-07-31,ALFA,0.498958,0.472575,19.222639,-0.00395904
2024-08-01,ALFA,0.440585,0.51973,19.406585,0.00047782
2024-08-02,ALFA,0.749221,0.444494,18.625052,0.00965257
2024-08-05,ALFA,0.557965,0.471346,17.686972,0.00741503
2024-08-06,ALFA,0.476223,0.303159,17.925418,0.00929695
2024-08-07,ALFA,0.627237,0.210615,19.424944,-0.00689104
2024-08-08,ALFA,0.578405,0.488253,17.493808,0.00223943
2024-08-09,ALFA,0.312206,0.456186,18.535175,-0.01137046
2024-08-12,ALFA,0.418616,0.623607,18.742045,-0.00347618
2024-08-13,ALFA,0.61355,0.519085,18.795135,-0.00025245
2024-08-14,ALFA,0.789763,0.516134,18.360054,-0.00065086
2024-08-15,ALFA,0.50062,0.468973,17.677366,-0.00261353
2024-08-16,ALFA,0.561956,0.482205,18.124289,0.00597858
2024-08-19,ALFA,0.474316,0.609441,18.644485,0.00470018
2024-08-20,ALFA,0.560376,0.587607,18.412058,0.00793748
2024-08-21,ALFA,0.632945,0.363964,18.224613,-0.00429246
2024-08-22,ALFA,0.777408,0.445018,18.564199,0.00271029
2024-08-23,ALFA,0.361512,0.446981,18.861485,-0.00313509
2024-08-26,ALFA,0.691999,0.448704,18.08598,-0.00222941
2024-08-27,ALFA,0.665867,0.591137,17.647496,0.00157545
2024-08-28,ALFA,0.442742,0.551269,17.631394,-0.0060769
2024-08-29,ALFA,0.60384,0.324502,17.683427,-0.00514508
2024-08-30,ALFA,0.603505,0.379672,16.923512,-0.00049217
2024-09-02,ALFA,0.64226,0.384715,18.490832,-0.0023889
2024-09-03,ALFA,0.827763,0.473176,18.049271,-0.01354141
2024-09-04,ALFA,0.814211,0.4808,17.818932,0.01154668
2024-09-05,ALFA,0.645881,0.294493,18.230957,-0.00275295
2024-09-06,ALFA,0.54988,0.610277,18.225663,-0.00644812
2024-09-09,ALFA,0.353596,0.538107,18.724624,-0.00521429
2024-09-10,ALFA,0.653562,0.338585,16.673985,0.00983377
2024-09-11,ALFA,0.615843,0.336274,17.822265,-0.00233351
2024-09-12,ALFA,0.723295,0.452794,18.830327,-0.00195915
2024-09-13,ALFA,0.733057,0.437687,16.475036,-0.00286629
2024-09-16,ALFA,0.558784,0.410593,16.623729,-0.00119509
2024-09-17,ALFA,0.593878,0.474668,18.810087,-0.00399362
2024-09-18,ALFA,0.412498,0.536853,18.649609,-0.00254928
2024-09-19,ALFA,0.532475,0.412802,17.750991,0.00655311
2024-09-20,ALFA,0.639524,0.483533,18.84528,-0.00130367
2024-09-23,ALFA,0.682088,0.340754,17.791434,0.00142642
2024-09-24,ALFA,0.591127,0.557936,18.161639,-0.00540288
2024-09-25,ALFA,0.719965,0.55121,18.485626,0.00016325
2024-09-26,ALFA,0.77578,0.255547,18.743331,-0.00085523
2024-09-27,ALFA,0.732997,0.378612,18.433193,0.00075507
2024-09-30,ALFA,0.674928,0.189154,18.755789,-0.00396453
2024-10-01,ALFA,0.544748,0.382144,17.817636,0.00236975
2024-10-02,ALFA,0.781716,0.399677,17.166111,-0.00115297
2024-10-03,ALFA,0.587807,0.422456,17.411506,0.00420745
2024-10-04,ALFA,0.634608,0.4609,18.598434,-0.00170695
2024-10-07,ALFA,0.57923,0.301068,17.671874,0.0106747
2024-10-08,ALFA,0.704087,0.545778,17.374274,-0.01120285
2024-10-09,ALFA,0.581505,0.495616,18.625447,0.00399946
2024-10-10,ALFA,0.759402,0.534222,18.14599,0.00557019
2024-10-11,ALFA,0.542753,0.47443,18.65288,0.00276981
2024-10-14,ALFA,0.65405,0.351515,16.683409,-6.169e-05
2024-10-15,ALFA,0.513916,0.457895,18.779415,0.00780721
2024-10-16,ALFA,0.713083,0.373545,18.632305,0.00273211
2024-10-17,ALFA,0.79833,0.372803,18.216918,-0.00618406
2024-10-18,ALFA,0.751374,0.485611,18.215464,0.00364994
2024-10-21,ALFA,0.561929,0.395946,18.761007,-0.0027805
2024-10-22,ALFA,0.70986,0.348222,18.117309,0.00048947
2024-10-23,ALFA,0.718786,0.528241,18.450683,0.00178553
2024-10-24,ALFA,0.577083,0.403831,17.789701,-0.00084699
2024-10-25,ALFA,0.698621,0.488796,18.061322,0.00188461
2024-10-28,ALFA,0.74332,0.351329,18.273072,0.00439025
2024-10-29,ALFA,0.580897,0.487397,18.486431,-1.227e-05
2024-10-30,ALFA,0.471247,0.477594,18.702225,0.00576239
2024-10-31,ALFA,0.508148,0.421972,18.348522,-0.00826802
2024-11-01,ALFA,0.788536,0.450109,18.681074,0.01403067
2024-11-04,ALFA,0.424142,0.520526,17.155017,-0.00591215
2024-11-05,ALFA,0.623808,0.330098,16.540073,0.00117516
2024-11-06,ALFA,0.622228,0.339348,17.828134,-0.00186233
2024-11-07,ALFA,0.703423,0.40159,18.575386,-0.01211757
2024-11-08,ALFA,0.789289,0.336719,18.259811,-0.00990878
2024-11-11,ALFA,0.69367,0.606999,18.882069,0.00358099
2024-11-12,ALFA,0.738848,0.257477,17.701157,-0.00068636
2024-11-13,ALFA,0.592368,0.422832,18.46509,0.00080989
2024-11-14,ALFA,0.782564,0.422597,18.686618,-0.00298807
2024-11-15,ALFA,0.697124,0.330308,18.875713,0.00218962
2024-11-18,ALFA,0.751669,0.344813,17.638897,-0.00218794
2024-11-19,ALFA,0.493358,0.439411,18.351454,0.00178145
2024-11-20,ALFA,0.691314,0.346102,16.364404,-0.00188472
2024-11-21,ALFA,0.687932,0.327227,18.071243,-0.00946208
2024-11-22,ALFA,0.642199,0.484647,18.168762,0.00013773
2024-11-25,ALFA,0.864793,0.398043,18.184328,-0.00034967
2024-11-26,ALFA,0.516943,0.478238,18.334711,0.00761651
2024-11-27,ALFA,0.747902,0.229378,16.653002,-0.01086329
2024-11-28,ALFA,0.873321,0.508727,18.389889,-0.00773262
2024-11-29,ALFA,0.737415,0.391778,18.662048,-0.00959621
2024-12-02,ALFA,0.634301,0.553456,18.567863,0.00733102
2024-12-03,ALFA,0.691877,0.392255,18.68454,-0.00471504
2024-12-04,ALFA,0.816602,0.338243,18.797762,0.00022331
2024-12-05,ALFA,0.381349,0.505619,18.653738,0.00862691
2024-12-06,ALFA,0.583614,0.336264,18.483485,0.00490234
2024-12-09,ALFA,0.815321,0.366864,18.038906,0.0015286
2024-12-10,ALFA,0.719162,0.420531,18.639865,0.00194803
2024-12-11,ALFA,0.656056,0.48552,18.294494,0.00202762
2024-12-12,ALFA,0.669011,0.514244,17.817859,-0.00624864
2024-12-13,ALFA,0.689995,0.48156,18.783497,-0.00992926
2024-12-16,ALFA,1.038374,0.357533,18.417538,-0.00248287
2024-12-17,ALFA,0.697183,0.470272,18.482311,-0.00283886
2024-12-18,ALFA,0.541212,0.516056,18.118435,-0.00379563
2024-12-19,ALFA,0.714047,0.524829,18.851384,0.00118207
2024-12-20,ALFA,0.627941,0.546381,17.817474,-0.00261984
2024-12-23,ALFA,0.665976,0.334781,17.356003,-0.01196391
2024-12-24,ALFA,0.615991,0.399187,17.101464,-0.00274256
2024-12-25,ALFA,0.643764,0.434444,17.876692,-0.00078966
2024-12-26,ALFA,0.575104,0.341005,17.383748,0.00160625
2024-12-27,ALFA,0.655596,0.354246,18.286847,0.00552446
2024-12-30,ALFA,0.829495,0.332382,18.310117,0.00531009
2024-12-31,ALFA,0.674963,0.295046,18.060799,-0.00450305
2025-01-01,ALFA,0.838803,0.273369,18.485588,0.01047661
2025-01-02,ALFA,0.574225,0.515707,18.162948,-0.00115592
2025-01-03,ALFA,0.630546,0.426183,18.525004,0.00657462
2025-01-06,ALFA,0.60077,0.605654,16.751386,0.00455234
2025-01-07,ALFA,0.781681,0.30252,18.682106,-0.00073413
2025-01-08,ALFA,0.672845,0.224149,18.151553,-0.00267959
2025-01-09,ALFA,0.673795,0.41407,18.46382,0.00748807
2025-01-10,ALFA,0.731317,0.328954,17.667239,0.00637033
2025-01-13,ALFA,0.731688,0.429064,17.828083,0.00178822
2025-01-14,ALFA,0.921211,0.40566,18.426085,-0.00332235
2025-01-15,ALFA,0.596323,0.497068,17.101761,0.00046145
2025-01-16,ALFA,0.57667,0.415393,18.635821,0.00342422
2025-01-17,ALFA,0.63817,0.315485,17.174601,0.00530881
2025-01-20,ALFA,0.705398,0.556307,18.837244,-0.00075262
2025-01-21,ALFA,0.662736,0.519694,18.62362,0.01241673
2025-01-22,ALFA,0.639024,0.550747,18.254656,0.01117954
2025-01-23,ALFA,0.848542,0.432439,18.247048,0.00360959
2025-01-24,ALFA,0.439205,0.440403,18.675136,-0.00699585
2025-01-27,ALFA,0.982942,0.332168,18.166574,0.00628852
2025-01-28,ALFA,0.491858,0.729151,17.62503,-0.01148544
2025-01-29,ALFA,0.803114,0.447063,18.320645,-0.0081728
2025-01-30,ALFA,0.725173,0.396402,18.280668,-0.00400945
2025-01-31,ALFA,0.913553,0.216337,17.452374,-0.00404329
2025-02-03,ALFA,0.519041,0.351227,18.327608,0.00315017
2025-02-04,ALFA,0.862466,0.403583,18.758482,-0.00014007
2025-02-05,ALFA,1.06533,0.417867,18.497655,-0.01088157
2025-02-06,ALFA,0.860675,0.37997,18.824087,-0.00369761
2025-02-07,ALFA,0.590109,0.397239,17.401524,0.00760702
2025-02-10,ALFA,0.798773,0.576029,18.658022,-0.00206908
2025-02-11,ALFA,0.649175,0.236279,18.390276,-0.00248701
2025-02-12,ALFA,0.781695,0.598663,18.379153,0.00848781
2025-02-13,ALFA,0.826384,0.520232,18.213597,0.01020212
2025-02-14,ALFA,0.894854,0.467913,18.768564,0.00311998
2025-02-17,ALFA,0.682619,0.358978,18.529227,0.01034582
2025-02-18,ALFA,0.586461,0.425522,18.327041,-0.00024275
2025-02-19,ALFA,0.777442,0.357903,18.861672,-0.0017946
2025-02-20,ALFA,0.570878,0.512249,18.025926,0.00673661
2025-02-21,ALFA,0.861096,0.540025,18.507257,7.372e-05
2025-02-24,ALFA,0.736369,0.301889,17.696304,-0.0015552
2025-02-25,ALFA,0.675498,0.338749,17.86392,-0.00321118
2025-02-26,ALFA,0.792855,0.449412,17.804889,-0.00125628
2025-02-27,ALFA,0.629109,0.466863,18.859052,0.00181292
2025-02-28,ALFA,0.712748,0.551987,18.801755,-0.00571679
2025-03-03,ALFA,1.091857,0.261626,18.138291,-0.00845651
2025-03-04,ALFA,0.814583,0.612449,18.805023,-0.00588633
2025-03-05,ALFA,0.821965,0.36554,18.62971,-0.00208058
2025-03-06,ALFA,0.756781,0.527089,17.905843,-0.01036762
2025-03-07,ALFA,0.791288,0.345753,18.706427,0.0010925
2025-03-10,ALFA,0.463152,0.401347,18.851051,0.00309108
2025-03-11,ALFA,0.758431,0.368093,18.103829,-0.01149571
2025-03-12,ALFA,0.834965,0.355346,18.465006,-0.0021221
2025-03-13,ALFA,0.772086,0.357913,18.858652,0.00276022
2025-03-14,ALFA,0.634971,0.315204,17.934729,0.00622587
2025-03-17,ALFA,0.870581,0.384293,18.74073,0.0004866
2025-03-18,ALFA,0.642729,0.309726,17.867808,-0.00069999
2025-03-19,ALFA,0.699444,0.412716,18.190067,0.00201793
2025-03-20,ALFA,0.819486,0.405795,18.069799,-0.00318495
2025-03-21,ALFA,0.542715,0.329972,17.498443,0.01225279
2025-03-24,ALFA,0.542916,0.476562,16.606981,0.01920787
2025-03-25,ALFA,0.710002,0.512282,18.670935,-0.00331023
2025-03-26,ALFA,0.831899,0.254725,18.256329,-0.00253586
2025-03-27,ALFA,0.796829,0.501969,16.92131,0.00249427
2025-03-28,ALFA,0.784127,0.468957,18.655569,0.00810246
2025-03-31,ALFA,0.682328,0.286514,18.682672,0.00289587
2025-04-01,ALFA,0.643314,0.352115,17.976987,0.00698716
2025-04-02,ALFA,0.891962,0.206915,17.99454,-0.00691948
2025-04-03,ALFA,0.869471,0.59576,17.808297,0.00786469
2025-04-04,ALFA,0.575724,0.417762,18.245016,-0.00307387
2025-04-07,ALFA,0.577994,0.4753,18.030439,0.00775989
2025-04-08,ALFA,0.777239,0.498731,17.06034,0.0058653
2025-04-09,ALFA,0.774805,0.532203,18.893771,0.0027722
2025-04-10,ALFA,0.732383,0.485278,17.883487,-0.00372023
2025-04-11,ALFA,0.8777,0.355608,18.762853,0.00777945
2025-04-14,ALFA,0.616552,0.408039,18.728136,0.0009263
2025-04-15,ALFA,0.67164,0.569873,18.517686,-0.00159945
2025-04-16,ALFA,0.734347,0.526988,18.716605,0.00313368
2025-04-17,ALFA,0.729688,0.586683,18.747894,0.00133759
2025-04-18,ALFA,0.541637,0.433074,16.742981,0.0025492
2025-04-21,ALFA,0.895239,0.302848,18.308046,0.00251076
2025-04-22,ALFA,0.592274,0.44936,18.382926,-0.00295387
2025-04-23,ALFA,0.904835,0.20754,17.956467,0.00381794
2025-04-24,ALFA,1.091504,0.297105,17.685272,0.00516307
2025-04-25,ALFA,0.890866,0.291604,17.96769,0.00195985
2025-04-28,ALFA,0.862687,0.200641,17.034928,-0.00105613
2025-04-29,ALFA,1.087151,0.494113,18.824459,-0.0022829
2025-04-30,ALFA,0.727295,0.624203,18.170994,-0.00503142
2025-05-01,ALFA,0.848378,0.266028,18.422085,0.01068164
2025-05-02,ALFA,0.941017,0.069273,17.506834,-0.00118832
2025-05-05,ALFA,0.912099,0.446762,16.863982,-0.0002836
2025-05-06,ALFA,0.651022,0.360686,18.803203,0.00188171
2025-05-07,ALFA,0.896495,0.323365,17.902533,0.00032574
2025-05-08,ALFA,0.88598,0.313323,18.637739,0.00203047
2025-05-09,ALFA,0.693185,0.476106,17.847467,-0.00149353
2025-05-12,ALFA,0.90579,0.361122,18.825501,0.00050975
2025-05-13,ALFA,0.832145,0.378743,16.946561,0.00032667
2025-05-14,ALFA,0.805183,0.350291,18.781433,0.00337087
2025-05-15,ALFA,0.531888,0.469632,17.909029,0.01065173
2025-05-16,ALFA,0.732013,0.380336,18.972993,0.00516057
2025-05-19,ALFA,0.952646,0.301506,16.933333,0.00757439
2025-05-20,ALFA,0.872828,0.578474,16.880859,0.00055537
2025-05-21,ALFA,0.71248,0.395065,18.305609,3.774e-05
2025-05-22,ALFA,0.946761,0.361265,18.767992,-0.00346095
2025-05-23,ALFA,0.995843,0.195308,18.917358,-0.00731713
2025-05-26,ALFA,0.703813,0.280653,18.816978,-0.00747132
2025-05-27,ALFA,1.013344,0.336819,17.421957,0.0019881
2025-05-28,ALFA,0.938627,0.175569,18.41337,-0.00984479
2025-05-29,ALFA,0.858225,0.582003,17.524615,-0.00154442
2025-05-30,ALFA,0.740932,0.370001,17.517962,0.00098448
2025-06-02,ALFA,0.795573,0.378862,16.747084,-1.904e-05
2025-06-03,ALFA,0.726378,0.428947,17.113671,0.00406469
2025-06-04,ALFA,0.879126,0.385009,18.345147,-0.00107028
2025-06-05,ALFA,0.957574,0.17866,18.065095,-0.00535045
2025-06-06,ALFA,0.791802,0.340164,18.435116,0.0010291
2025-06-09,ALFA,0.865758,0.361645,18.751359,0.00630596
2025-06-10,ALFA,0.866018,0.142846,17.617301,0.01278151
2025-06-11,ALFA,0.617441,0.589818,18.474346,0.0036454
2025-06-12,ALFA,0.670276,0.325939,18.837947,-0.0002625
2025-06-13,ALFA,0.803649,0.484376,18.624654,-0.00834312
2025-06-16,ALFA,0.690157,0.60715,16.502406,0.01831208
2025-06-17,ALFA,0.68135,0.348076,18.953021,0.00377615
2025-06-18,ALFA,0.696808,0.255663,18.688994,-0.00099195
2025-06-19,ALFA,0.74107,0.46835,18.602699,0.00129432
2025-06-20,ALFA,0.765037,0.49042,18.66515,-0.00156356
2025-06-23,ALFA,0.776055,0.422718,18.129136,-0.00900967
2025-06-24,ALFA,0.911197,0.186393,17.682243,0.00310451
2025-06-25,ALFA,0.609303,0.54898,18.967873,0.00626304
2025-06-26,ALFA,0.966065,0.552839,18.610182,0.00491103
2025-06-27,ALFA,0.886986,0.423375,18.763642,-0.01330117
2025-06-30,ALFA,0.831102,0.324077,17.074265,-0.00173374
2025-07-01,ALFA,0.962813,0.349861,18.351114,0.00220396
2025-07-02,ALFA,0.747418,0.473526,16.756117,-0.00889914
2025-07-03,ALFA,0.859458,0.105791,18.766079,0.00672486
2025-07-04,ALFA,0.864597,0.310145,18.498598,0.0001841
2025-07-07,ALFA,0.783147,0.424508,16.927021,-0.00505084
2025-07-08,ALFA,1.040661,0.314641,18.142171,-0.00507121
2025-07-09,ALFA,0.805843,0.346525,18.360241,-0.00572706
2025-07-10,ALFA,0.78394,0.404082,18.844182,0.00176444
2025-07-11,ALFA,0.754925,0.277679,16.861915,-0.00083835
2025-07-14,ALFA,0.963059,0.313024,18.556087,0.00073717
2025-07-15,ALFA,0.802617,0.33,16.922071,0.00039967
2025-07-16,ALFA,0.855933,0.422682,17.979618,-0.00016268
2025-07-17,ALFA,0.70307,0.533512,17.839031,0.00801994
2025-07-18,ALFA,0.742487,0.394549,18.854869,-0.00294329
2025-07-21,ALFA,0.789714,0.489225,17.119088,0.00685494
2025-07-22,ALFA,0.787401,0.48006,16.767102,0.00742439
2025-07-23,ALFA,0.568662,0.300384,17.295451,-0.00569902
2025-07-24,ALFA,1.025019,0.454646,17.548336,-0.00048795
2025-07-25,ALFA,0.750545,0.336296,18.487347,0.00619286
2025-07-28,ALFA,0.951754,0.383691,18.826215,0.00470252
2025-07-29,ALFA,1.005091,0.262177,18.392542,-0.00276487
2025-07-30,ALFA,0.826857,0.526816,18.043519,0.00452715
2025-07-31,ALFA,1.023996,0.298495,18.519997,-0.01145339
2025-08-01,ALFA,0.83488,0.452938,18.107306,0.00340774
2025-08-04,ALFA,0.822086,0.337781,18.905531,0.00750915
2025-08-05,ALFA,0.630333,0.283314,18.834363,0.00629261
2025-08-06,ALFA,0.891331,0.528828,17.140224,0.00390002
2025-08-07,ALFA,0.828838,0.447822,17.489281,-0.01244211
2025-08-08,ALFA,0.883525,0.359598,18.978356,0.01137685
2025-08-11,ALFA,0.88712,0.294292,18.499003,0.00113808
2025-08-12,ALFA,0.921409,0.473772,18.99721,-0.00292649
2025-08-13,ALFA,0.862304,0.382032,18.125223,-0.0132559
2025-08-14,ALFA,0.809361,0.380785,18.367658,-0.00075961
2025-08-15,ALFA,0.682517,0.506995,18.755142,0.00392919
2025-08-18,ALFA,1.016119,0.35396,18.473299,0.00546023
2025-08-19,ALFA,0.872794,0.324229,18.880993,0.0011431
2025-08-20,ALFA,0.756369,0.412797,17.621811,0.00023598
2025-08-21,ALFA,1.017436,0.274633,18.407441,-0.00563002
2025-08-22,ALFA,0.959919,0.317143,18.088623,-0.00927531
2025-08-25,ALFA,0.704872,0.511564,18.646854,-0.00435515
2025-08-26,ALFA,0.820012,0.280087,18.622051,-0.00472861
2025-08-27,ALFA,0.596371,0.376477,18.587081,-0.00483756
2025-08-28,ALFA,0.583209,0.556372,17.939765,0.0021717
2025-08-29,ALFA,0.985718,0.530555,16.573459,0.0018693
2025-09-01,ALFA,0.705599,0.252295,18.624721,0.00500512
2025-09-02,ALFA,0.894002,0.503449,17.815322,-0.002184
2025-09-03,ALFA,0.992664,0.307152,18.415021,0.00061905
2025-09-04,ALFA,0.86656,0.331039,18.144762,0.01056368
2025-09-05,ALFA,0.900924,0.381747,18.701917,0.00051611
2025-09-08,ALFA,0.899853,0.385637,18.532057,0.00042198
2025-09-09,ALFA,0.696647,0.559769,18.507225,0.00262119
2025-09-10,ALFA,0.751067,0.429215,18.695362,0.00049366
2025-09-11,ALFA,0.91685,0.534192,18.402006,-0.00014481
2025-09-12,ALFA,0.872333,0.371129,18.087484,-0.00246242
2025-09-15,ALFA,0.766985,0.543505,18.703653,-0.01028999
2025-09-16,ALFA,0.970423,0.333856,17.968366,-0.00782288
2025-09-17,ALFA,0.950299,0.351093,18.721382,-0.00124659
2025-09-18,ALFA,0.84647,0.29933,18.575466,-0.01085911
2025-09-19,ALFA,0.592544,0.345026,18.883625,-0.00222549
2025-09-22,ALFA,0.684811,0.409169,18.832488,-0.0005114
2025-09-23,ALFA,0.820156,0.320217,17.349817,0.00244239
2025-09-24,ALFA,0.808492,0.413417,17.17454,-0.00825256
2025-09-25,ALFA,0.817857,0.41604,18.745451,0.01080664
2025-09-26,ALFA,0.893128,0.206313,17.837706,-0.00599681
2025-09-29,ALFA,0.73798,0.371396,18.909864,-0.00603611
2025-09-30,ALFA,0.767722,0.427939,18.900532,-0.002106
2025-10-01,ALFA,0.894779,0.370123,18.874066,-0.00575221
2025-10-02,ALFA,0.744019,0.512562,17.808356,-0.00027044
2025-10-03,ALFA,1.00557,0.401879,16.838882,-0.00219866
2025-10-06,ALFA,0.871727,0.329395,18.897496,0.00531242
2025-10-07,ALFA,0.826997,0.391277,18.598153,0.00290566
2025-10-08,ALFA,0.982333,0.1976,17.930163,0.00244893
2025-10-09,ALFA,0.709261,0.521257,18.157795,0.00611248
2025-10-10,ALFA,0.940313,0.267736,17.311028,0.00240196
2025-10-13,ALFA,0.837514,0.314705,18.242904,-0.00355428
2025-10-14,ALFA,0.69473,0.445347,18.021251,0.00210937
2025-10-15,ALFA,0.713857,0.33928,18.413608,0.00758948
2025-10-16,ALFA,0.834809,0.369761,17.161742,0.00220706
2025-10-17,ALFA,1.000329,0.494347,17.380472,0.00376659
2025-10-20,ALFA,0.8142,0.351943,18.770123,-0.00908478
2025-10-21,ALFA,1.102713,0.195079,17.742316,-0.00194027
2025-10-22,ALFA,0.961162,0.382488,18.197913,-0.00567367
2025-10-23,ALFA,0.957483,0.197095,18.40014,-0.00158396
2025-10-24,ALFA,0.815534,0.364222,18.296859,-0.00197528
2025-10-27,ALFA,1.042884,0.373402,18.625438,-0.01054575
2025-10-28,ALFA,0.963244,0.445816,16.395824,0.01158407
2025-10-29,ALFA,1.003995,0.489121,18.180148,-0.0128851
2025-10-30,ALFA,0.698765,0.343591,18.736648,-0.00366294
2025-10-31,ALFA,0.915817,0.197159,18.651558,-0.01464422
2025-11-03,ALFA,1.081946,0.267343,16.611601,0.00502275
2025-11-04,ALFA,0.787178,0.452634,18.702058,0.00255399
2025-11-05,ALFA,0.960507,0.265835,17.99623,0.002578
2025-11-06,ALFA,0.808253,0.242964,18.916846,0.00705757
2025-11-07,ALFA,0.822335,0.507501,18.090911,-0.01210572
2025-11-10,ALFA,0.883664,0.273895,17.608929,0.00453534
2025-11-11,ALFA,0.853776,0.436086,18.819166,0.00797248
2025-11-12,ALFA,0.932873,0.312564,18.511638,0.00649734
2025-11-13,ALFA,0.859451,0.430807,17.71108,-0.00960241
2025-11-14,ALFA,1.087146,0.097519,18.663473,0.00726748
2025-11-17,ALFA,0.733002,0.4205,18.743611,0.00668381
2025-11-18,ALFA,0.901602,0.409999,18.756352,0.00547307
2025-11-19,ALFA,0.694368,0.38333,18.524228,0.00431617
2025-11-20,ALFA,0.745301,0.340054,18.460473,-0.00660198
2025-11-21,ALFA,0.891564,0.455957,18.490401,0.00950719
2025-11-24,ALFA,0.928723,0.202442,18.953571,
2023-01-02,BRAV,0.03102,0.570813,19.189923,-0.00780768
2023-01-03,BRAV,0.19573,0.372163,20.340371,-0.00375404
2023-01-04,BRAV,0.19762,0.624011,20.22108,0.00040804
2023-01-05,BRAV,0.288302,0.475016,20.142026,0.00584292
2023-01-06,BRAV,0.325856,0.479355,19.761692,0.00455099
2023-01-09,BRAV,0.061944,0.526558,19.423387,-0.00434918
2023-01-10,BRAV,0.009156,0.573947,20.158285,-0.00171385
2023-01-11,BRAV,0.143122,0.600838,20.238038,-0.00085428
2023-01-12,BRAV,0.363205,0.68638,20.184965,-0.01354155
2023-01-13,BRAV,-0.0217,0.529449,18.237888,-0.00320457
2023-01-16,BRAV,0.121642,0.564253,19.849909,-0.00323969
2023-01-17,BRAV,0.077383,0.586959,19.81256,0.00407714
2023-01-18,BRAV,0.066026,0.555144,17.815878,0.00443626
2023-01-19,BRAV,0.051809,0.579519,19.244288,0.00259581
2023-01-20,BRAV,0.348805,0.564052,20.032377,0.00466253
2023-01-23,BRAV,0.303449,0.481336,20.078317,0.00629764
2023-01-24,BRAV,0.390504,0.633193,19.800493,-0.00226164
2023-01-25,BRAV,0.405722,0.499077,20.323608,0.01178712
2023-01-26,BRAV,0.364336,0.49736,19.582406,-0.0023992
2023-01-27,BRAV,0.148372,0.611515,19.600008,-0.00143161
2023-01-30,BRAV,0.276884,0.442599,20.216465,0.00130939
2023-01-31,BRAV,0.157295,0.61102,20.262751,0.00460043
2023-02-01,BRAV,0.093225,0.536628,20.035593,-0.0015939
2023-02-02,BRAV,0.265445,0.603002,19.351383,0.01016587
2023-02-03,BRAV,0.296904,0.459303,20.056916,-0.01118187
2023-02-06,BRAV,0.23313,0.467432,20.33485,-0.00204222
2023-02-07,BRAV,0.364296,0.460929,20.125062,-0.00661704
2023-02-08,BRAV,0.201854,0.616621,19.235817,-0.00566648
2023-02-09,BRAV,0.241007,0.638297,19.60791,-0.00479837
2023-02-10,BRAV,0.259387,0.529261,20.347685,0.01560613
2023-02-13,BRAV,0.162523,0.661235,19.445315,0.00375138
2023-02-14,BRAV,0.17722,0.500623,19.453335,0.00528556
2023-02-15,BRAV,-0.049261,0.756407,18.738004,0.003198
2023-02-16,BRAV,0.180986,0.687408,20.000438,0.00636365
2023-02-17,BRAV,0.288738,0.626435,19.540856,0.00821782
2023-02-20,BRAV,0.180389,0.610676,19.923332,-0.00134117
2023-02-21,BRAV,0.131251,0.511902,19.90235,0.00434098
2023-02-22,BRAV,0.328868,0.482538,18.594972,0.00385212
2023-02-23,BRAV,0.100117,0.514575,19.144014,-0.01017607
2023-02-24,BRAV,0.072193,0.521816,19.608009,-0.00859768
2023-02-27,BRAV,0.169797,0.449164,19.898271,-0.00081317
2023-02-28,BRAV,0.308333,0.681406,19.184773,-0.00461318
2023-03-01,BRAV,0.114002,0.432598,20.258714,-0.01054198
2023-03-02,BRAV,0.321743,0.496007,19.258889,0.00105928
2023-03-03,BRAV,0.164792,0.410948,19.969152,-0.00049652
2023-03-06,BRAV,0.231271,0.467221,18.117353,0.00856166
2023-03-07,BRAV,-0.13811,0.627688,18.295286,-0.00225093
2023-03-08,BRAV,0.276272,0.602805,17.808808,0.00453232
2023-03-09,BRAV,0.165034,0.555952,20.367813,0.00091244
2023-03-10,BRAV,0.276037,0.604144,18.385316,-0.00040803
2023-03-13,BRAV,0.234635,0.487573,18.966799,0.01044078
2023-03-14,BRAV,0.217883,0.50497,18.836755,0.00673554
2023-03-15,BRAV,0.055821,0.618942,18.725723,0.01013914
2023-03-16,BRAV,0.200454,0.503043,18.801491,0.00880576
2023-03-17,BRAV,0.103188,0.697758,20.400147,0.0002995
2023-03-20,BRAV,0.486745,0.54551,17.958785,0.00593855
2023-03-21,BRAV,0.2492,0.443861,19.374017,0.01394257
2023-03-22,BRAV,0.207593,0.613372,17.855343,-0.01384579
2023-03-23,BRAV,0.425442,0.384724,20.090313,0.01355503
2023-03-24,BRAV,0.317368,0.436783,19.995871,-0.00433128
2023-03-27,BRAV,0.378434,0.399856,19.059429,0.01356446
2023-03-28,BRAV,0.426702,0.425011,19.315313,-0.00891065
2023-03-29,BRAV,0.185896,0.508305,19.559851,0.00520631
2023-03-30,BRAV,0.253749,0.473341,19.607455,0.00028866
2023-03-31,BRAV,-0.069084,0.52581,20.156311,0.01201981
2023-04-03,BRAV,0.518224,0.466939,20.19707,-0.01285433
2023-04-04,BRAV,0.300457,0.470869,20.342572,0.0113981
2023-04-05,BRAV,0.175968,0.530767,19.882198,-0.00973778
2023-04-06,BRAV,0.207795,0.35817,19.830596,-0.00325585
2023-04-07,BRAV,0.298777,0.624559,20.342467,-0.00152615
2023-04-10,BRAV,0.485031,0.399522,20.126094,-0.00216703
2023-04-11,BRAV,0.071829,0.523491,20.15057,0.00847823
2023-04-12,BRAV,0.369502,0.530914,19.908305,0.00561401
2023-04-13,BRAV,0.326034,0.625187,20.408982,0.00115017
2023-04-14,BRAV,0.324162,0.425288,20.070242,0.00373652
2023-04-17,BRAV,0.388359,0.590533,19.059312,-0.00976383
2023-04-18,BRAV,-0.041674,0.511857,18.972015,-0.00418075
2023-04-19,BRAV,0.12518,0.515234,18.120857,-0.00345405
2023-04-20,BRAV,0.445394,0.553057,19.261016,-0.0021545
2023-04-21,BRAV,0.290169,0.411998,20.294986,0.00365049
2023-04-24,BRAV,0.209938,0.540857,19.999251,0.00074704
2023-04-25,BRAV,0.372519,0.442546,20.220519,0.0095039
2023-04-26,BRAV,0.273959,0.338366,19.508898,0.00332858
2023-04-27,BRAV,0.156513,0.561576,19.344932,-0.0022335
2023-04-28,BRAV,0.334136,0.551103,19.622461,-0.01106504
2023-05-01,BRAV,0.153079,0.570833,19.56569,-0.00528981
2023-05-02,BRAV,0.373349,0.487528,19.603654,-0.00248058
2023-05-03,BRAV,0.552732,0.315292,19.691538,-0.00250682
2023-05-04,BRAV,0.479553,0.399618,20.227262,-0.00354876
2023-05-05,BRAV,0.3805,0.52561,20.420501,-0.01231786
2023-05-08,BRAV,0.301851,0.657782,20.365737,0.0085517
2023-05-09,BRAV,0.044357,0.740113,20.287524,-0.00366667
2023-05-10,BRAV,0.480423,0.438867,19.346438,-0.00092168
2023-05-11,BRAV,0.060856,0.642088,20.074371,0.00167605
2023-05-12,BRAV,0.377374,0.462459,19.553683,-0.01159156
2023-05-15,BRAV,0.296508,0.647326,20.319546,-0.00421549
2023-05-16,BRAV,0.496927,0.353612,19.592696,0.00364606
2023-05-17,BRAV,0.357939,0.513636,19.777884,0.00205715
2023-05-18,BRAV,0.259842,0.380361,20.077261,0.00378495
2023-05-19,BRAV,0.299406,0.4988,18.926499,-0.01396724
2023-05-22,BRAV,0.152806,0.542209,19.136777,0.00689762
2023-05-23,BRAV,0.328377,0.525684,19.552903,-0.00317273
2023-05-24,BRAV,0.209401,0.560031,19.959285,-0.003796
2023-05-25,BRAV,0.299122,0.420958,19.628455,0.00442493
2023-05-26,BRAV,0.472676,0.384494,19.707158,-0.00574774
2023-05-29,BRAV,0.291116,0.431284,20.314101,-0.0064632
2023-05-30,BRAV,0.158037,0.398276,19.6722,0.00683434
2023-05-31,BRAV,0.38418,0.471648,20.256512,-0.02168036
2023-06-01,BRAV,0.456545,0.530495,20.365948,0.00092726
2023-06-02,BRAV,0.248711,0.530377,19.787122,-0.00233949
2023-06-05,BRAV,0.308438,0.665777,18.328487,0.00241707
2023-06-06,BRAV,0.273699,0.395093,18.315995,0.01241073
2023-06-07,BRAV,0.294392,0.47871,20.304669,-0.00167078
2023-06-08,BRAV,0.255593,0.447591,20.256264,0.008539
2023-06-09,BRAV,0.173248,0.575367,20.215792,-0.00046481
2023-06-12,BRAV,0.377993,0.419459,18.944053,-0.00653544
2023-06-13,BRAV,0.288088,0.459541,20.225691,0.00267231
2023-06-14,BRAV,0.174389,0.622269,19.847749,0.00568116
2023-06-15,BRAV,0.266838,0.464022,20.069128,0.00845255
2023-06-16,BRAV,0.509724,0.309076,18.956872,-0.00913796
2023-06-19,BRAV,0.359787,0.672994,20.230735,-0.00431247
2023-06-20,BRAV,0.323803,0.493476,20.321566,-0.01127291
2023-06-21,BRAV,0.192689,0.517204,19.750028,0.01257001
2023-06-22,BRAV,0.347159,0.515508,20.101909,-0.00239794
2023-06-23,BRAV,0.3042,0.492233,19.682514,0.00135572
2023-06-26,BRAV,0.256981,0.532346,19.377141,-6.231e-05
2023-06-27,BRAV,0.310747,0.577999,20.188228,2.528e-05
2023-06-28,BRAV,0.400126,0.452838,18.136459,-0.00241539
2023-06-29,BRAV,0.534772,0.540089,18.708312,0.00502246
2023-06-30,BRAV,0.348754,0.543125,19.638189,-0.00373469
2023-07-03,BRAV,0.38353,0.604603,19.320749,0.00160546
2023-07-04,BRAV,0.406054,0.634896,20.359395,0.00393724
2023-07-05,BRAV,0.255656,0.366456,20.015697,-0.00076117
2023-07-06,BRAV,0.365466,0.555787,19.710014,-0.00020217
2023-07-07,BRAV,0.209018,0.567417,19.720539,0.00242608
2023-07-10,BRAV,0.50645,0.483875,19.369929,0.01194024
2023-07-11,BRAV,0.41949,0.443183,19.200292,-0.00054396
2023-07-12,BRAV,0.415938,0.373417,19.451297,-3.968e-05
2023-07-13,BRAV,0.344247,0.630689,19.647074,-0.00396226
2023-07-14,BRAV,0.194931,0.583654,19.315418,0.00398872
2023-07-17,BRAV,0.420614,0.520985,19.534471,0.00640307
2023-07-18,BRAV,0.41436,0.36407,18.961651,0.00536293
2023-07-19,BRAV,0.475211,0.596148,19.548582,0.0041323
2023-07-20,BRAV,0.478112,0.666998,20.238116,-0.00933532
2023-07-21,BRAV,0.094949,0.609611,20.161458,0.0006476
2023-07-24,BRAV,0.42245,0.458552,20.277048,0.00267204
2023-07-25,BRAV,0.28307,0.504025,18.799906,-0.0051969
2023-07-26,BRAV,0.408453,0.455063,19.493075,-0.00690399
2023-07-27,BRAV,0.342081,0.533194,18.026917,0.0009392
2023-07-28,BRAV,0.380479,0.595599,19.586271,-0.0062837
2023-07-31,BRAV,0.283761,0.38268,19.69211,0.00583663
2023-08-01,BRAV,0.372126,0.685684,19.831708,0.007721
2023-08-02,BRAV,0.433925,0.433846,19.755884,0.00541282
2023-08-03,BRAV,0.607326,0.556846,19.426128,-0.00078429
2023-08-04,BRAV,0.464251,0.621409,19.097101,-0.00124024
2023-08-07,BRAV,0.354927,0.270025,18.306189,0.00064054
2023-08-08,BRAV,0.408473,0.547819,18.665486,-0.00111228
2023-08-09,BRAV,0.279064,0.471035,17.975594,0.00498755
2023-08-10,BRAV,0.467595,0.417582,19.754595,0.00199587
2023-08-11,BRAV,0.375693,0.52208,20.036101,-0.00465814
2023-08-14,BRAV,0.370895,0.466489,19.520771,-0.00595736
2023-08-15,BRAV,0.24887,0.651196,20.227708,0.00692282
2023-08-16,BRAV,0.379534,0.621518,20.171856,-0.00728813
2023-08-17,BRAV,0.475076,0.344103,19.804924,-0.00460172
2023-08-18,BRAV,0.22293,0.498058,19.675598,0.01048093
2023-08-21,BRAV,0.065177,0.678149,19.375557,0.00547121
2023-08-22,BRAV,0.272555,0.449607,20.039396,-0.00043442
2023-08-23,BRAV,0.3882,0.592235,20.262523,-0.00056178
2023-08-24,BRAV,0.353186,0.530686,18.808582,-0.00458068
2023-08-25,BRAV,0.226058,0.612532,18.839217,-0.000972
2023-08-28,BRAV,0.399534,0.518734,18.943733,-0.00850341
2023-08-29,BRAV,0.305786,0.420423,18.790409,0.00149779
2023-08-30,BRAV,0.365091,0.477368,18.671451,-0.00603809
2023-08-31,BRAV,0.201578,0.365566,19.816081,0.00792067
2023-09-01,BRAV,0.253914,0.336287,18.651574,0.00875392
2023-09-04,BRAV,0.436241,0.328568,20.277981,-0.00152563
2023-09-05,BRAV,0.242241,0.405265,18.067272,-0.0047311
2023-09-06,BRAV,0.361315,0.485245,20.080581,0.00925635
2023-09-07,BRAV,0.211559,0.613208,19.956104,0.00130441
2023-09-08,BRAV,0.233073,0.507295,20.072475,-0.00425023
2023-09-11,BRAV,0.455152,0.389239,19.810317,-0.00925431
2023-09-12,BRAV,0.372963,0.385664,19.837838,0.00257774
2023-09-13,BRAV,0.537325,0.372019,19.966491,0.00893998
2023-09-14,BRAV,0.448784,0.486713,20.29353,-0.00635424
2023-09-15,BRAV,0.266201,0.513339,20.356878,-0.00596604
2023-09-18,BRAV,0.352391,0.448678,20.292097,0.0002123
2023-09-19,BRAV,0.533919,0.485979,19.705383,-0.00225221
2023-09-20,BRAV,0.646977,0.486816,19.599585,0.00669749
2023-09-21,BRAV,0.570702,0.394113,19.102719,-0.00697499
2023-09-22,BRAV,0.457579,0.502825,20.269182,-0.01455807
2023-09-25,BRAV,0.227117,0.442796,19.873282,0.00568725
2023-09-26,BRAV,0.646249,0.514073,18.992655,-0.00567259
2023-09-27,BRAV,0.494774,0.373192,20.355232,-0.00841468
2023-09-28,BRAV,0.425383,0.563594,19.844776,-0.00290378
2023-09-29,BRAV,0.328091,0.54126,18.369977,0.00010883
2023-10-02,BRAV,0.3892,0.479429,17.971452,0.0054277
2023-10-03,BRAV,0.572266,0.541009,20.175338,0.00601117
2023-10-04,BRAV,0.575175,0.449797,18.843979,-0.00098987
2023-10-05,BRAV,0.43969,0.524629,20.144134,0.00062949
2023-10-06,BRAV,0.562087,0.308174,20.359756,0.00131404
2023-10-09,BRAV,0.362164,0.464421,19.924791,-0.00304389
2023-10-10,BRAV,0.447697,0.492885,19.095975,-0.00584056
2023-10-11,BRAV,0.278148,0.658076,20.277514,-0.00425939
2023-10-12,BRAV,0.512781,0.47587,20.27428,-0.00911403
2023-10-13,BRAV,0.370322,0.543866,20.087555,-0.00776097
2023-10-16,BRAV,0.390204,0.484758,20.019423,-0.00845694
2023-10-17,BRAV,0.363018,0.355571,19.310041,-0.00862061
2023-10-18,BRAV,0.492356,0.366252,19.692649,-0.00269072
2023-10-19,BRAV,0.447649,0.602385,19.070599,-0.01444263
2023-10-20,BRAV,0.461699,0.477925,20.253048,-0.00239652
2023-10-23,BRAV,0.483193,0.433516,20.078261,0.00774343
2023-10-24,BRAV,0.558481,0.469871,19.040611,0.00617899
2023-10-25,BRAV,0.494762,0.545903,19.402284,0.0005513
2023-10-26,BRAV,0.438641,0.49911,20.330756,0.0085987
2023-10-27,BRAV,0.370159,0.509426,20.115341,-0.00674168
2023-10-30,BRAV,0.225028,0.604635,19.210649,0.0083725
2023-10-31,BRAV,0.398661,0.466769,19.893139,0.01045837
2023-11-01,BRAV,0.355518,0.586965,19.046087,-0.00233579
2023-11-02,BRAV,0.580955,0.485192,20.248684,0.00367517
2023-11-03,BRAV,0.608571,0.415705,19.440936,-0.00657519
2023-11-06,BRAV,0.448621,0.336817,19.976351,0.00628037
2023-11-07,BRAV,0.34648,0.51706,17.801278,0.00435246
2023-11-08,BRAV,0.432324,0.606835,18.784224,-0.00149847
2023-11-09,BRAV,0.326749,0.402509,20.348778,-0.00046773
2023-11-10,BRAV,0.205064,0.519724,20.190392,-0.00038068
2023-11-13,BRAV,0.364386,0.621797,19.050268,-0.00363778
2023-11-14,BRAV,0.38479,0.563348,17.907001,0.00593195
2023-11-15,BRAV,0.447794,0.624003,20.197023,0.00423799
2023-11-16,BRAV,0.276719,0.543724,19.794813,0.01045203
2023-11-17,BRAV,0.45079,0.434319,20.270441,0.00342725
2023-11-20,BRAV,0.813504,0.444753,18.90838,0.00011814
2023-11-21,BRAV,0.289655,0.640055,20.112981,0.00868485
2023-11-22,BRAV,0.480515,0.598796,18.802165,-0.00406529
2023-11-23,BRAV,0.263265,0.641143,19.147159,-0.00656444
2023-11-24,BRAV,0.483231,0.600556,20.241957,0.00217223
2023-11-27,BRAV,0.630352,0.38843,19.563021,-0.00387841
2023-11-28,BRAV,0.398918,0.591129,18.176537,0.00603743
2023-11-29,BRAV,0.418147,0.465917,20.08381,-0.00340908
2023-11-30,BRAV,0.251137,0.592515,20.303677,0.00712121
2023-12-01,BRAV,0.138204,0.527733,18.236486,0.00281266
2023-12-04,BRAV,0.307514,0.662461,20.210323,-0.00397192
2023-12-05,BRAV,0.474672,0.541593,19.582152,-0.00889154
2023-12-06,BRAV,0.616142,0.287914,20.291635,0.00335655
2023-12-07,BRAV,0.466101,0.71533,18.819633,0.00525301
2023-12-08,BRAV,0.333208,0.527724,19.953202,0.00055875
2023-12-11,BRAV,0.26601,0.470576,20.218224,0.00242992
2023-12-12,BRAV,0.35881,0.404656,19.201816,0.00551468
2023-12-13,BRAV,0.278151,0.601816,20.219754,-0.00110894
2023-12-14,BRAV,0.220681,0.42673,20.236697,-0.00313792
2023-12-15,BRAV,0.547625,0.387795,20.344218,0.00399411
2023-12-18,BRAV,0.579654,0.515759,19.896742,-0.00868258
2023-12-19,BRAV,0.562876,0.369353,20.362897,0.00319286
2023-12-20,BRAV,0.349485,0.491597,20.271582,0.00728832
2023-12-21,BRAV,0.622934,0.428987,19.289129,0.00189621
2023-12-22,BRAV,0.309287,0.446765,20.393988,0.01243268
2023-12-25,BRAV,0.409456,0.490541,20.250782,-0.01190505
2023-12-26,BRAV,0.343588,0.616395,19.531592,0.00332078
2023-12-27,BRAV,0.597586,0.412975,19.321464,-0.00736575
2023-12-28,BRAV,0.446177,0.556044,19.80408,-0.0030868
2023-12-29,BRAV,0.341282,0.349764,19.88427,0.00251564
2024-01-01,BRAV,0.360555,0.5299,18.314246,0.00828213
2024-01-02,BRAV,0.458154,0.468448,19.907346,0.00344244
2024-01-03,BRAV,0.570661,0.431729,19.992117,-0.00657432
2024-01-04,BRAV,0.508121,0.401275,19.905872,0.00897342
2024-01-05,BRAV,0.050974,0.478969,18.674566,0.00727735
2024-01-08,BRAV,0.453312,0.388321,19.697041,0.00417811
2024-01-09,BRAV,0.58069,0.354439,19.986147,-0.00246255
2024-01-10,BRAV,0.432864,0.431667,20.131412,0.00130645
2024-01-11,BRAV,0.372423,0.566175,19.06218,-0.00141035
2024-01-12,BRAV,0.719376,0.392068,20.263247,0.00542948
2024-01-15,BRAV,0.258246,0.512108,20.021732,0.00146233
2024-01-16,BRAV,0.328018,0.577563,20.35951,0.00279852
2024-01-17,BRAV,0.383131,0.537727,20.162685,0.00171541
2024-01-18,BRAV,0.541583,0.376362,19.198464,0.00755286
2024-01-19,BRAV,0.362511,0.291358,17.885087,0.00366038
2024-01-22,BRAV,0.550906,0.383337,19.649265,0.00283492
2024-01-23,BRAV,0.49411,0.694237,19.455164,0.00635029
2024-01-24,BRAV,0.338925,0.470812,20.185562,0.01154415
2024-01-25,BRAV,0.462487,0.487337,20.072011,0.00226307
2024-01-26,BRAV,0.404132,0.540742,19.914389,-0.01044522
2024-01-29,BRAV,0.498624,0.582379,20.450293,-0.00524816
2024-01-30,BRAV,0.642187,0.359676,20.237976,-0.00736153
2024-01-31,BRAV,0.626679,0.4074,19.779749,-0.00120576
2024-02-01,BRAV,0.500653,0.484542,20.356243,-0.00989871
2024-02-02,BRAV,0.735634,0.334124,19.678023,0.00039031
2024-02-05,BRAV,0.497902,0.518619,19.421428,-0.00391664
2024-02-06,BRAV,0.404241,0.514769,19.203394,-0.00574034
2024-02-07,BRAV,0.356059,0.718358,19.024089,0.00792253
2024-02-08,BRAV,0.560273,0.551022,19.364538,-0.01190439
2024-02-09,BRAV,0.596487,0.611792,19.63485,-0.00478792
2024-02-12,BRAV,0.397829,0.465368,20.287044,0.01162656
2024-02-13,BRAV,0.13049,0.674154,19.862334,-0.00592816
2024-02-14,BRAV,0.531818,0.406543,19.684977,0.00948077
2024-02-15,BRAV,0.358369,0.451713,19.155097,0.00234566
2024-02-16,BRAV,0.610801,0.259417,19.463279,0.005096
2024-02-19,BRAV,0.367026,0.442949,19.063139,0.01146661
2024-02-20,BRAV,0.479868,0.45349,19.361024,0.00593567
2024-02-21,BRAV,0.450274,0.428316,18.703134,-0.00066634
2024-02-22,BRAV,0.353939,0.567509,20.002347,-0.00116538
2024-02-23,BRAV,0.593771,0.343903,18.331859,-0.00285842
2024-02-26,BRAV,0.440176,0.488994,19.361392,0.00421141
2024-02-27,BRAV,0.506714,0.607964,19.311541,-0.00921043
2024-02-28,BRAV,0.340846,0.376494,19.142852,0.00471865
2024-02-29,BRAV,0.629348,0.55188,19.918091,0.00239589
2024-03-01,BRAV,0.577582,0.536594,19.609124,0.0046291
2024-03-04,BRAV,0.356107,0.632215,19.97905,0.00509901
2024-03-05,BRAV,0.275776,0.603231,19.418271,-0.00132888
2024-03-06,BRAV,0.513176,0.424809,18.564005,0.01214674
2024-03-07,BRAV,0.690549,0.484483,20.334507,-0.00031883
2024-03-08,BRAV,0.427918,0.578764,18.980086,-0.00100062
2024-03-11,BRAV,0.523119,0.407601,19.96779,0.01037444
2024-03-12,BRAV,0.539362,0.517692,20.155454,0.01081414
2024-03-13,BRAV,0.402953,0.576085,18.39802,0.00475093
2024-03-14,BRAV,0.593627,0.497662,20.059503,-0.0024619
2024-03-15,BRAV,0.404515,0.512894,20.383262,-0.007482
2024-03-18,BRAV,0.376546,0.749347,18.598015,-0.00049581
2024-03-19,BRAV,0.383024,0.468621,19.291029,-0.00091422
2024-03-20,BRAV,0.342595,0.308285,20.307347,0.01061068
2024-03-21,BRAV,0.381503,0.505332,20.011049,0.00695379
2024-03-22,BRAV,0.699822,0.277189,19.905834,0.01261651
2024-03-25,BRAV,0.459508,0.554068,20.27246,-0.00399998
2024-03-26,BRAV,0.604038,0.475124,20.439276,0.00027612
2024-03-27,BRAV,0.455282,0.383875,20.204717,-0.01564747
2024-03-28,BRAV,0.446625,0.433307,20.336379,-0.00192055
2024-03-29,BRAV,0.590257,0.446572,20.464178,0.00410428
2024-04-01,BRAV,0.475737,0.479254,19.786132,-0.0115409
2024-04-02,BRAV,0.65305,0.482607,18.80067,0.0069276
2024-04-03,BRAV,0.673593,0.420039,20.375343,0.00070043
2024-04-04,BRAV,0.506616,0.485432,20.392386,0.01119684
2024-04-05,BRAV,0.51352,0.521133,20.342403,-0.00248974
2024-04-08,BRAV,0.745211,0.609586,19.935676,-0.00140946
2024-04-09,BRAV,0.408281,0.671061,20.098012,-0.00821608
2024-04-10,BRAV,0.621102,0.451788,20.437466,0.01194285
2024-04-11,BRAV,0.590248,0.467142,20.394179,-0.00184082
2024-04-12,BRAV,0.616361,0.407916,19.650308,0.00362207
2024-04-15,BRAV,0.698252,0.425321,19.025988,-0.00778203
2024-04-16,BRAV,0.600945,0.490913,20.297781,0.00099311
2024-04-17,BRAV,0.61405,0.450273,19.26205,-0.00456411
2024-04-18,BRAV,0.431896,0.403144,20.302322,0.00647464
2024-04-19,BRAV,0.713447,0.522585,19.447717,-0.00543621
2024-04-22,BRAV,0.498122,0.467016,18.853598,-0.0068004
2024-04-23,BRAV,0.448539,0.371803,19.836288,-0.00285496
2024-04-24,BRAV,0.440505,0.609516,20.474223,-0.00583302
2024-04-25,BRAV,0.372696,0.688261,19.562777,0.00346253
2024-04-26,BRAV,0.405167,0.676795,18.217868,-0.00199907
2024-04-29,BRAV,0.630721,0.301199,20.215265,0.00814626
2024-04-30,BRAV,0.566282,0.406132,20.022382,-0.00875395
2024-05-01,BRAV,0.704845,0.477526,20.193341,-0.00470213
2024-05-02,BRAV,0.375106,0.536992,18.892048,-7.733e-05
2024-05-03,BRAV,0.512415,0.37811,18.366183,-0.0010054
2024-05-06,BRAV,0.565008,0.557003,20.056795,0.00263582
2024-05-07,BRAV,0.508611,0.447177,19.084616,0.00075948
2024-05-08,BRAV,0.455567,0.403435,20.297225,-0.00165863
2024-05-09,BRAV,0.622519,0.457725,20.114781,-0.00029495
2024-05-10,BRAV,0.695226,0.404093,20.402582,0.00590449
2024-05-13,BRAV,0.670541,0.336712,18.650155,0.0035136
2024-05-14,BRAV,0.719113,0.393231,20.025695,0.00957296
2024-05-15,BRAV,0.754956,0.303483,17.983526,-0.00764366
2024-05-16,BRAV,0.615305,0.525167,19.62659,0.00328357
2024-05-17,BRAV,0.577115,0.224352,19.595105,0.00583696
2024-05-20,BRAV,0.678789,0.460309,19.587916,0.00052448
2024-05-21,BRAV,0.582007,0.62197,20.154545,0.00306226
2024-05-22,BRAV,0.600884,0.444297,20.005004,0.00246321
2024-05-23,BRAV,0.483475,0.576327,18.836019,-0.01141862
2024-05-24,BRAV,0.749198,0.54682,20.017974,0.00512402
2024-05-27,BRAV,0.354592,0.392075,19.697751,-0.00293474
2024-05-28,BRAV,0.430796,0.567245,20.36292,0.00427886
2024-05-29,BRAV,0.659725,0.436705,18.347737,0.00210675
2024-05-30,BRAV,0.638214,0.358226,18.128337,-0.00231075
2024-05-31,BRAV,0.64822,0.357543,19.093252,-0.0006299
2024-06-03,BRAV,0.508811,0.336969,20.276806,-0.00594625
2024-06-04,BRAV,0.590706,0.623792,19.958639,-0.0015111
2024-06-05,BRAV,0.435626,0.300372,20.193312,-0.00309753
2024-06-06,BRAV,0.615215,0.476318,20.410955,-0.01264157
2024-06-07,BRAV,0.519581,0.572597,18.770851,0.00060518
2024-06-10,BRAV,0.666996,0.453181,20.092915,0.00465731
2024-06-11,BRAV,0.582548,0.439696,20.36969,-0.00251935
2024-06-12,BRAV,0.456477,0.549052,20.469065,0.00343778
2024-06-13,BRAV,0.630883,0.317352,19.975198,0.00336289
2024-06-14,BRAV,0.509554,0.478862,19.912094,-0.00337418
2024-06-17,BRAV,0.562678,0.607106,20.138136,-0.00876751
2024-06-18,BRAV,0.425819,0.520096,19.540115,-0.00258096
2024-06-19,BRAV,0.595884,0.420693,19.913194,0.00880201
2024-06-20,BRAV,0.520755,0.572349,18.722153,0.00236694
2024-06-21,BRAV,0.50924,0.437293,18.799344,-0.00462758
2024-06-24,BRAV,0.644074,0.535485,19.832807,0.00335926
2024-06-25,BRAV,0.731694,0.510756,20.452579,0.0058625
2024-06-26,BRAV,0.741095,0.40432,18.797161,0.00673169
2024-06-27,BRAV,0.510612,0.453286,19.86901,0.00195415
2024-06-28,BRAV,0.424154,0.474684,19.415116,-0.00463608
2024-07-01,BRAV,0.670518,0.330739,20.137534,0.00514585
2024-07-02,BRAV,0.540852,0.517669,19.848318,-8.335e-05
2024-07-03,BRAV,0.427523,0.637189,20.288352,-0.00679786
2024-07-04,BRAV,0.778992,0.410271,19.433513,0.00166008
2024-07-05,BRAV,0.683519,0.671822,19.719405,-0.00703923
2024-07-08,BRAV,0.58146,0.650266,20.351772,-0.0057714
2024-07-09,BRAV,0.458124,0.45683,19.543351,0.00804428
2024-07-10,BRAV,0.362492,0.723465,18.351044,0.00275839
2024-07-11,BRAV,0.500472,0.303827,17.995099,-0.00355104
2024-07-12,BRAV,0.511796,0.555308,20.364457,-0.00795512
2024-07-15,BRAV,0.440863,0.351567,18.343951,0.00843193
2024-07-16,BRAV,0.559098,0.332942,19.725398,-0.01176292
2024-07-17,BRAV,0.604879,0.423524,20.116221,-0.00252225
2024-07-18,BRAV,0.376816,0.561113,18.312377,0.01023635
2024-07-19,BRAV,0.520531,0.471842,20.298984,-0.00819556
2024-07-22,BRAV,0.530562,0.243759,19.988785,0.01077976
2024-07-23,BRAV,0.614897,0.451256,20.151854,0.00101256
2024-07-24,BRAV,0.616762,0.5474,18.413429,0.0033012
2024-07-25,BRAV,0.568125,0.432806,18.954479,-0.00463955
2024-07-26,BRAV,0.449459,0.469271,19.643483,-0.00997341
2024-07-29,BRAV,0.618921,0.27464,18.665562,-0.00515491
2024-07-30,BRAV,0.709312,0.638545,19.548986,0.0061985
2024-07-31,BRAV,0.696518,0.612864,19.675963,-0.00367928
2024-08-01,BRAV,0.736203,0.339334,19.822185,0.00831019
2024-08-02,BRAV,0.57946,0.386145,20.317938,0.00052563
2024-08-05,BRAV,0.284478,0.618681,20.445719,0.00073669
2024-08-06,BRAV,0.537786,0.263845,20.363212,-0.00042167
2024-08-07,BRAV,0.695904,0.352671,20.300755,0.00548508
2024-08-08,BRAV,0.543051,0.331771,18.920909,0.00606239
2024-08-09,BRAV,0.64337,0.546803,18.670369,-0.00806911
2024-08-12,BRAV,0.977547,0.496292,19.185789,0.00059408
2024-08-13,BRAV,0.60274,0.808448,20.470548,0.00054155
2024-08-14,BRAV,0.530091,0.454496,20.14181,-0.00528084
2024-08-15,BRAV,0.613241,0.563517,19.52415,0.00344883
2024-08-16,BRAV,0.678527,0.569439,20.369759,0.0039986
2024-08-19,BRAV,0.853707,0.218588,19.330074,0.00581391
2024-08-20,BRAV,0.648204,0.395544,20.17459,0.008457
2024-08-21,BRAV,0.644814,0.442279,18.669066,0.0095102
2024-08-22,BRAV,0.49422,0.509134,19.76748,-0.00527536
2024-08-23,BRAV,0.661886,0.531726,20.272112,0.00039244
2024-08-26,BRAV,0.724328,0.417927,18.671241,0.00763524
2024-08-27,BRAV,0.744796,0.435214,18.611917,-0.00438824
2024-08-28,BRAV,0.538648,0.547693,19.976263,-0.00200462
2024-08-29,BRAV,0.68731,0.303557,19.063199,3.781e-05
2024-08-30,BRAV,0.41225,0.43318,19.839232,-0.00484697
2024-09-02,BRAV,0.754947,0.306635,19.553382,-0.00204797
2024-09-03,BRAV,0.632,0.424255,18.406163,0.00097654
2024-09-04,BRAV,0.552717,0.516062,20.057463,-0.00143915
2024-09-05,BRAV,0.687292,0.32589,19.22666,-0.01041068
2024-09-06,BRAV,0.369906,0.374069,19.9214,-0.00143442
2024-09-09,BRAV,0.545564,0.409782,19.864099,-0.00751699
2024-09-10,BRAV,0.670959,0.522974,20.066643,0.00166678
2024-09-11,BRAV,0.51502,0.617276,19.347056,0.00409775
2024-09-12,BRAV,0.724877,0.411067,19.77018,0.00272281
2024-09-13,BRAV,0.521837,0.644604,20.445139,-0.00693978
2024-09-16,BRAV,0.611947,0.584278,20.2784,0.00282809
2024-09-17,BRAV,0.533976,0.429994,19.572291,-0.008811
2024-09-18,BRAV,0.474505,0.630605,19.761263,-0.00526058
2024-09-19,BRAV,0.647234,0.413498,20.456914,0.01086291
2024-09-20,BRAV,0.641163,0.464911,20.180741,-0.00911902
2024-09-23,BRAV,0.544494,0.584699,17.928555,0.00367238
2024-09-24,BRAV,0.682179,0.152326,19.412048,-0.00557205
2024-09-25,BRAV,0.54619,0.469027,19.256194,-0.00351458
2024-09-26,BRAV,0.616039,0.42369,19.67857,-0.00162771
2024-09-27,BRAV,0.679707,0.405989,19.121296,0.00268519
2024-09-30,BRAV,0.634175,0.58759,19.640235,-0.00568052
2024-10-01,BRAV,0.646948,0.378007,19.511085,0.00875667
2024-10-02,BRAV,0.620093,0.415083,17.986198,0.00060441
2024-10-03,BRAV,0.523495,0.464077,19.999002,0.00177821
2024-10-04,BRAV,0.720618,0.427637,19.997471,-0.00352662
2024-10-07,BRAV,0.55644,0.506875,20.198445,0.01120715
2024-10-08,BRAV,0.609143,0.443318,18.969966,-0.00189766
2024-10-09,BRAV,0.681134,0.440413,20.313462,0.01141215
2024-10-10,BRAV,0.929579,0.339406,20.388536,0.00560093
2024-10-11,BRAV,0.674307,0.60044,19.288833,-0.00077365
2024-10-14,BRAV,0.765986,0.302003,20.378708,0.01195525
2024-10-15,BRAV,0.712276,0.462018,20.205769,0.01338028
2024-10-16,BRAV,0.844871,0.536417,20.077308,0.00565475
2024-10-17,BRAV,0.684914,0.447624,19.348273,-0.00454673
2024-10-18,BRAV,0.565148,0.58039,19.841822,-0.00479971
2024-10-21,BRAV,0.674453,0.238449,19.13209,0.00138997
2024-10-22,BRAV,0.463466,0.370374,18.241303,-0.00787438
2024-10-23,BRAV,0.747846,0.538702,20.31601,0.00194448
2024-10-24,BRAV,0.569195,0.379131,20.405002,-0.01053243
2024-10-25,BRAV,0.622586,0.412383,18.943658,-0.00476158
2024-10-28,BRAV,0.545942,0.508421,20.424888,-0.00043396
2024-10-29,BRAV,0.48981,0.498792,19.036476,0.00166139
2024-10-30,BRAV,0.647773,0.407254,20.06113,-0.00124021
2024-10-31,BRAV,0.774245,0.503593,19.694074,-0.0109409
2024-11-01,BRAV,0.734362,0.315304,20.199628,0.00962704
2024-11-04,BRAV,0.768871,0.41104,19.122378,-0.01011162
2024-11-05,BRAV,0.840413,0.379254,20.288803,-0.00129097
2024-11-06,BRAV,0.756558,0.354037,20.470146,0.00093419
2024-11-07,BRAV,0.574224,0.562046,20.311032,-0.01508685
2024-11-08,BRAV,0.531416,0.361999,20.409247,-0.01048801
2024-11-11,BRAV,0.769985,0.444158,18.805309,0.01084099
2024-11-12,BRAV,0.588308,0.515512,20.197467,-0.00233021
2024-11-13,BRAV,0.600522,0.685934,20.173118,0.00225546
2024-11-14,BRAV,0.562235,0.500868,19.445591,0.0028114
2024-11-15,BRAV,0.647453,0.394541,20.418202,-7.055e-05
2024-11-18,BRAV,0.7921,0.307609,19.954231,-0.01125696
2024-11-19,BRAV,0.615871,0.411004,20.259144,0.00613943
2024-11-20,BRAV,0.734909,0.296885,18.97171,-0.00155291
2024-11-21,BRAV,0.478241,0.48986,20.3798,-0.01036933
2024-11-22,BRAV,0.590998,0.456184,20.089593,-0.0055025
2024-11-25,BRAV,0.754867,0.684408,18.266435,-0.00509534
2024-11-26,BRAV,0.668451,0.433257,19.59212,0.01409763
2024-11-27,BRAV,0.528257,0.673071,20.123727,-0.01215866
2024-11-28,BRAV,0.616633,0.347064,19.842152,-0.00169847
2024-11-29,BRAV,0.509903,0.365243,19.847511,-0.01270473
2024-12-02,BRAV,0.690821,0.292789,18.196572,0.00810373
2024-12-03,BRAV,0.834566,0.449306,18.458487,0.00207286
2024-12-04,BRAV,0.683972,0.263611,19.965148,-0.00378885
2024-12-05,BRAV,0.663808,0.334744,20.307832,-0.00717297
2024-12-06,BRAV,0.777016,0.285168,18.591066,0.00543719
2024-12-09,BRAV,0.558557,0.604076,19.821177,0.00239657
2024-12-10,BRAV,0.830424,0.556428,20.170544,0.00536146
2024-12-11,BRAV,0.668339,0.3317,20.044869,0.00037483
2024-12-12,BRAV,0.63551,0.591445,20.129918,-0.00609293
2024-12-13,BRAV,0.729165,0.384547,19.841014,-0.0072763
2024-12-16,BRAV,0.514994,0.393488,19.771481,-0.0038914
2024-12-17,BRAV,0.696867,0.443668,20.028689,-0.00484137
2024-12-18,BRAV,0.755215,0.410568,19.937252,-0.00110933
2024-12-19,BRAV,0.909745,0.380217,17.914619,-0.00023569
2024-12-20,BRAV,0.646789,0.418617,20.3596,0.00324857
2024-12-23,BRAV,0.836607,0.519771,18.666855,-0.01349875
2024-12-24,BRAV,0.585509,0.471268,19.503041,0.00226022
2024-12-25,BRAV,0.541657,0.436458,19.784568,0.00501527
2024-12-26,BRAV,0.771128,0.359881,19.810173,-0.00231326
2024-12-27,BRAV,0.435034,0.498545,19.692334,-0.00177397
2024-12-30,BRAV,0.559753,0.342515,19.751416,0.01022287
2024-12-31,BRAV,0.615795,0.291484,20.178107,-0.00030692
2025-01-01,BRAV,0.870771,0.248074,20.045303,0.01243199
2025-01-02,BRAV,0.977629,0.394455,20.396219,0.00067168
2025-01-03,BRAV,0.626172,0.410262,19.268472,0.00727884
2025-01-06,BRAV,0.54162,0.350636,20.213126,0.00726992
2025-01-07,BRAV,0.674713,0.429733,20.380082,-0.00395368
2025-01-08,BRAV,0.668042,0.301655,18.275173,0.00371372
2025-01-09,BRAV,0.693169,0.415339,18.433864,0.01149896
2025-01-10,BRAV,0.540661,0.467699,20.257893,0.00674947
2025-01-13,BRAV,0.64545,0.617352,19.518137,-0.00127162
2025-01-14,BRAV,0.520139,0.665918,19.119254,-0.0006166
2025-01-15,BRAV,0.692091,0.403502,19.443954,0.00387394
2025-01-16,BRAV,0.706888,0.429998,20.152181,-0.00665699
2025-01-17,BRAV,0.85906,0.196034,18.890376,0.00029972
2025-01-20,BRAV,0.219785,0.538708,19.033336,0.00760537
2025-01-21,BRAV,0.83324,0.285003,19.960743,0.01008038
2025-01-22,BRAV,0.500747,0.496667,20.154501,0.01093769
2025-01-23,BRAV,0.646404,0.306126,18.001849,-0.0012684
2025-01-24,BRAV,0.752564,0.309906,18.822128,-0.00615155
2025-01-27,BRAV,0.540757,0.242543,18.132158,0.00705522
2025-01-28,BRAV,0.597912,0.447222,19.697902,-0.00873824
2025-01-29,BRAV,0.729644,0.424037,19.499988,-0.01010949
2025-01-30,BRAV,0.917334,0.398913,19.573708,-0.00159503
2025-01-31,BRAV,0.71903,0.47691,19.200595,-0.00399741
2025-02-03,BRAV,0.565183,0.525731,18.355235,-0.00168823
2025-02-04,BRAV,0.827898,0.40317,17.901739,-0.00060748
2025-02-05,BRAV,0.636585,0.386484,18.524408,-0.00136096
2025-02-06,BRAV,0.607756,0.474226,20.415093,0.00545657
2025-02-07,BRAV,0.749213,0.337489,18.921743,0.00169027
2025-02-10,BRAV,0.50849,0.450184,20.395195,0.00904255
2025-02-11,BRAV,0.78521,0.339433,19.830878,-0.00276975
2025-02-12,BRAV,0.836919,0.500482,20.366969,-0.00455954
2025-02-13,BRAV,0.762694,0.368665,19.599664,0.00532211
2025-02-14,BRAV,0.591366,0.615461,19.948834,0.00837457
2025-02-17,BRAV,0.702746,0.473807,19.501612,-0.00116823
2025-02-18,BRAV,0.579085,0.426719,20.157465,0.0035928
2025-02-19,BRAV,0.779115,0.642142,20.407878,0.00129982
2025-02-20,BRAV,0.582191,0.383414,19.574045,0.00136108
2025-02-21,BRAV,0.644182,0.658167,20.293596,-0.00764036
2025-02-24,BRAV,0.878573,0.515009,20.06525,-0.00881415
2025-02-25,BRAV,0.927807,0.367847,20.377964,0.00212143
2025-02-26,BRAV,0.783083,0.385985,18.640777,0.00064593
2025-02-27,BRAV,0.618987,0.569678,18.568655,0.00225157
2025-02-28,BRAV,0.626491,0.378051,20.287883,-0.00606323
2025-03-03,BRAV,0.69468,0.394706,19.852971,-0.00434663
2025-03-04,BRAV,0.586318,0.541428,18.400654,-0.00030594
2025-03-05,BRAV,0.81831,0.471363,19.762465,0.00117064
2025-03-06,BRAV,0.541928,0.345138,19.184144,-0.00679787
2025-03-07,BRAV,0.595365,0.387657,19.140464,0.01158057
2025-03-10,BRAV,0.744563,0.373321,19.868343,0.00658196
2025-03-11,BRAV,0.734134,0.506659,20.11507,-0.00827202
2025-03-12,BRAV,0.883344,0.493628,19.668336,0.00245894
2025-03-13,BRAV,0.829993,0.330724,20.216791,-0.00531549
2025-03-14,BRAV,0.845041,0.346456,19.984216,0.01064894
2025-03-17,BRAV,0.804705,0.219196,20.4056,0.0061647
2025-03-18,BRAV,0.823956,0.20241,20.058818,0.00237997
2025-03-19,BRAV,0.559942,0.377436,20.2953,-0.00384018
2025-03-20,BRAV,0.778473,0.258811,19.531633,-0.00870631
2025-03-21,BRAV,0.981044,0.583964,19.585012,0.00569463
2025-03-24,BRAV,0.901827,0.453375,19.684183,0.0092672
2025-03-25,BRAV,0.928971,0.463658,19.717563,0.00172203
2025-03-26,BRAV,0.698432,0.548419,19.76717,0.00526628
2025-03-27,BRAV,0.604128,0.274795,19.556091,0.00589545
2025-03-28,BRAV,0.556161,0.434241,19.244409,0.00295412
2025-03-31,BRAV,0.859474,0.428841,19.155199,-0.0010499
2025-04-01,BRAV,0.898432,0.293122,19.295136,0.00461087
2025-04-02,BRAV,0.700427,0.515156,19.346897,0.00470108
2025-04-03,BRAV,0.895939,0.597349,19.634876,0.01580249
2025-04-04,BRAV,0.377969,0.45664,20.268091,-0.00346725
2025-04-07,BRAV,0.848376,0.459466,19.206152,0.00259096
2025-04-08,BRAV,0.789512,0.331956,20.456,0.00124585
2025-04-09,BRAV,0.695885,0.426243,18.268639,-0.00529423
2025-04-10,BRAV,0.925254,0.317968,19.466531,-0.01051911
2025-04-11,BRAV,0.769076,0.491041,19.810691,0.00848362
2025-04-14,BRAV,0.665565,0.335989,20.163903,0.00908702
2025-04-15,BRAV,0.765906,0.353597,20.336041,0.00730879
2025-04-16,BRAV,0.813635,0.367404,19.619116,0.00392732
2025-04-17,BRAV,0.855801,0.462701,20.024528,-0.00630539
2025-04-18,BRAV,0.788372,0.412891,20.224219,-0.00440176
2025-04-21,BRAV,0.887759,0.248875,19.619439,0.00442217
2025-04-22,BRAV,0.921271,0.330393,19.694474,-0.00965558
2025-04-23,BRAV,0.685286,0.404002,19.553216,-0.00288846
2025-04-24,BRAV,0.669121,0.509991,19.926831,-0.00397635
2025-04-25,BRAV,0.888872,0.221525,20.062918,-0.00102281
2025-04-28,BRAV,0.671497,0.625733,19.994597,-0.00121484
2025-04-29,BRAV,0.7168,0.353415,19.921489,-0.00862297
2025-04-30,BRAV,0.565905,0.35534,19.670908,0.00122711
2025-05-01,BRAV,0.667001,0.50185,20.299391,0.00157448
2025-05-02,BRAV,0.762012,0.436166,19.755237,-0.00042926
2025-05-05,BRAV,0.632443,0.534706,19.897244,0.00381436
2025-05-06,BRAV,0.838495,0.263832,18.60978,0.00298445
2025-05-07,BRAV,0.75635,0.279421,18.511353,-0.00085279
2025-05-08,BRAV,0.790022,0.426741,20.443945,0.00117494
2025-05-09,BRAV,0.812586,0.414433,19.511638,0.00026048
2025-05-12,BRAV,0.90723,0.410376,20.108776,-0.00265048
2025-05-13,BRAV,0.770051,0.385209,19.389547,-0.00490562
2025-05-14,BRAV,0.571721,0.459087,20.043869,-0.00338716
2025-05-15,BRAV,0.606008,0.484858,18.558304,0.01033286
2025-05-16,BRAV,1.01419,0.364929,20.499768,0.01616514
2025-05-19,BRAV,0.854036,0.314369,19.877275,0.00707916
2025-05-20,BRAV,1.045923,0.417333,20.429423,-0.00130743
2025-05-21,BRAV,0.608775,0.528299,20.175655,-0.00601848
2025-05-22,BRAV,0.872437,0.475457,18.90924,-0.00570536
2025-05-23,BRAV,0.674621,0.501287,19.696495,-0.0094726
2025-05-26,BRAV,0.884129,0.396126,20.430942,0.00552323
2025-05-27,BRAV,0.778771,0.44901,19.795969,0.0037896
2025-05-28,BRAV,0.767592,0.3761,19.025992,5.106e-05
2025-05-29,BRAV,0.73619,0.45015,20.463745,0.00319764
2025-05-30,BRAV,0.758087,0.258669,18.912097,-0.00663756
2025-06-02,BRAV,0.637415,0.540103,19.867643,0.00355807
2025-06-03,BRAV,0.790428,0.441123,20.075821,-0.00464451
2025-06-04,BRAV,0.763656,0.526332,20.141722,-0.00599881
2025-06-05,BRAV,0.898953,0.14947,20.129272,-0.00467403
2025-06-06,BRAV,0.658953,0.190288,18.726511,0.00526903
2025-06-09,BRAV,0.699798,0.450605,20.45086,0.00088688
2025-06-10,BRAV,0.790262,0.336946,19.650537,0.00409349
2025-06-11,BRAV,0.756172,0.481368,18.492957,0.00048052
2025-06-12,BRAV,0.431459,0.41372,20.093165,0.00515111
2025-06-13,BRAV,0.792023,0.392722,19.563569,-0.01196871
2025-06-16,BRAV,0.796686,0.313013,20.103864,0.01296528
2025-06-17,BRAV,0.710742,0.345857,19.894243,-0.00132741
2025-06-18,BRAV,0.956232,0.175703,20.351778,0.00659085
2025-06-19,BRAV,0.735707,0.412457,20.467824,-0.00964849
2025-06-20,BRAV,1.033202,0.235668,20.215914,0.00161995
2025-06-23,BRAV,0.784027,0.322157,20.44312,0.0007233
2025-06-24,BRAV,0.868176,0.153928,20.424472,-0.00307594
2025-06-25,BRAV,0.710246,0.491804,20.391569,-0.00105057
2025-06-26,BRAV,0.560392,0.352119,20.304292,0.00955596
2025-06-27,BRAV,0.740888,0.549545,20.306808,-0.00709509
2025-06-30,BRAV,0.699701,0.457471,18.97097,0.0025254
2025-07-01,BRAV,1.00907,0.436676,19.34126,-0.00579953
2025-07-02,BRAV,0.771635,0.298224,19.735061,-0.00421597
2025-07-03,BRAV,0.836731,0.579931,20.389112,0.0067218
2025-07-04,BRAV,0.586693,0.342969,19.223503,-0.00924808
2025-07-07,BRAV,0.838046,0.49492,20.230098,-0.01157018
2025-07-08,BRAV,0.758247,0.516001,19.608219,0.00634608
2025-07-09,BRAV,0.862565,0.221799,20.013341,0.0007221
2025-07-10,BRAV,0.866607,0.310973,20.412355,0.00624515
2025-07-11,BRAV,0.68861,0.410356,20.076838,0.00506197
2025-07-14,BRAV,0.694875,0.417352,19.556204,-0.00179486
2025-07-15,BRAV,0.954842,0.185253,20.294364,-0.00165716
2025-07-16,BRAV,0.914206,0.232617,20.029148,0.00336694
2025-07-17,BRAV,0.797877,0.453227,19.209455,0.0054277
2025-07-18,BRAV,0.708592,0.54897,20.434607,-0.01029616
2025-07-21,BRAV,0.721701,0.349499,19.091892,0.01063414
2025-07-22,BRAV,0.772171,0.561573,20.160797,0.01248328
2025-07-23,BRAV,0.927505,0.224985,20.092599,-0.00945534
2025-07-24,BRAV,0.888139,0.393225,18.53034,-0.00451375
2025-07-25,BRAV,0.833164,0.363612,20.254891,0.00339578
2025-07-28,BRAV,0.715195,0.289253,19.386241,0.00293643
2025-07-29,BRAV,0.90456,0.352319,20.288197,-0.00275235
2025-07-30,BRAV,0.753953,0.346521,20.176322,0.00464433
2025-07-31,BRAV,0.999974,0.211689,19.811586,-0.00620076
2025-08-01,BRAV,0.869352,0.449444,19.265459,0.004723
2025-08-04,BRAV,0.720957,0.55323,19.516628,0.01018539
2025-08-05,BRAV,1.009799,0.349575,20.463345,0.00597512
2025-08-06,BRAV,0.956836,0.298652,19.501085,0.00747954
2025-08-07,BRAV,0.833656,0.37164,19.781514,-0.00386133
2025-08-08,BRAV,0.93607,0.358762,20.362643,0.0179518
2025-08-11,BRAV,0.940032,0.171872,20.161917,-0.00300598
2025-08-12,BRAV,0.860841,0.409059,20.508694,-0.00677952
2025-08-13,BRAV,0.719269,0.438895,20.531373,-0.00498332
2025-08-14,BRAV,0.878554,0.201906,20.178516,-0.00384871
2025-08-15,BRAV,0.781683,0.478411,20.507116,0.00581664
2025-08-18,BRAV,0.856514,0.19411,19.144674,-0.0038995
2025-08-19,BRAV,0.997516,0.387379,18.92272,0.00673323
2025-08-20,BRAV,0.989514,0.183725,20.5372,-0.00442271
2025-08-21,BRAV,0.824091,0.459284,19.806843,-0.01492119
2025-08-22,BRAV,0.688114,0.397107,19.288573,0.0003673
2025-08-25,BRAV,0.854405,0.493285,18.366814,-0.01229162
2025-08-26,BRAV,0.903142,0.272442,20.395607,-0.00676133
2025-08-27,BRAV,1.016098,0.352131,20.131899,0.00543485
2025-08-28,BRAV,0.832519,0.277612,20.22072,0.00329611
2025-08-29,BRAV,0.677424,0.397433,20.05731,0.00036916
2025-09-01,BRAV,0.791842,0.214883,18.278088,-0.00489602
2025-09-02,BRAV,0.796409,0.431131,19.253938,-0.00668316
2025-09-03,BRAV,0.866793,0.39013,20.395607,0.0039561
2025-09-04,BRAV,0.887424,0.346609,20.406604,-0.00377514
2025-09-05,BRAV,0.94496,0.472711,20.346103,0.00360002
2025-09-08,BRAV,0.829759,0.455616,19.630621,-0.00071602
2025-09-09,BRAV,0.936152,0.424321,20.191989,0.00019703
2025-09-10,BRAV,0.95788,0.378628,20.512083,-0.00504549
2025-09-11,BRAV,0.866866,0.379425,20.327052,0.00132481
2025-09-12,BRAV,1.041987,0.431521,19.384001,-0.00532943
2025-09-15,BRAV,0.784295,0.447388,19.84347,0.00114454
2025-09-16,BRAV,0.830991,0.41874,19.48371,-0.00656719
2025-09-17,BRAV,0.72,0.454888,20.103397,-0.0029232
2025-09-18,BRAV,0.870204,0.298237,19.316951,-0.0111351
2025-09-19,BRAV,0.848451,0.467838,20.152914,-0.00427253
2025-09-22,BRAV,0.892872,0.408714,20.302326,-0.00212928
2025-09-23,BRAV,1.107875,0.466041,20.133496,-0.00424705
2025-09-24,BRAV,0.853139,0.189335,19.200563,-0.00593905
2025-09-25,BRAV,0.970053,0.505607,20.230368,0.00363685
2025-09-26,BRAV,1.018527,0.18552,20.407519,-0.01031068
2025-09-29,BRAV,0.844113,0.200253,19.957902,-0.00620195
2025-09-30,BRAV,0.694883,0.485314,19.1361,-0.006106
2025-10-01,BRAV,0.936977,0.372852,19.876848,-0.00034333
2025-10-02,BRAV,0.83104,0.602784,19.499102,-0.00588952
2025-10-03,BRAV,0.826189,0.267389,20.132084,0.00016605
2025-10-06,BRAV,1.049649,0.331458,19.397554,0.00480457
2025-10-07,BRAV,1.246727,0.270027,19.48554,-0.00387515
2025-10-08,BRAV,0.842446,0.473016,20.309828,0.00662365
2025-10-09,BRAV,0.957399,0.255151,20.061186,0.00647665
2025-10-10,BRAV,1.057359,0.390567,20.271528,-0.00540595
2025-10-13,BRAV,0.982944,0.369605,19.230623,-0.00113304
2025-10-14,BRAV,0.619951,0.471593,19.990702,-0.00169207
2025-10-15,BRAV,0.855347,0.183846,20.100484,0.0151311
2025-10-16,BRAV,0.965972,0.500544,19.181821,0.00427598
2025-10-17,BRAV,0.696687,0.384914,19.028919,0.00675698
2025-10-20,BRAV,0.893064,0.312366,20.114248,0.00057313
2025-10-21,BRAV,0.657842,0.406041,20.259018,0.00208133
2025-10-22,BRAV,0.821561,0.468328,19.864998,-0.00232145
2025-10-23,BRAV,0.872171,0.37734,19.985189,-0.00020466
2025-10-24,BRAV,0.91054,0.622487,20.150699,-0.00735457
2025-10-27,BRAV,0.77794,0.217965,19.650184,0.00426568
2025-10-28,BRAV,0.733215,0.400795,19.704601,0.0106472
2025-10-29,BRAV,1.108517,0.128741,20.347849,-0.00517909
2025-10-30,BRAV,0.853586,0.326682,18.934251,-0.0040671
2025-10-31,BRAV,0.969759,0.265085,19.987999,-0.01525838
2025-11-03,BRAV,1.086165,0.192879,20.280321,-0.00274135
2025-11-04,BRAV,0.788352,0.304434,20.000991,0.00209053
2025-11-05,BRAV,0.85974,0.28563,19.325284,0.00087347
2025-11-06,BRAV,1.114912,0.177097,19.822283,0.00709644
2025-11-07,BRAV,0.877325,0.36251,19.248444,0.00054345
2025-11-10,BRAV,1.004211,0.465947,19.444902,-0.00968818
2025-11-11,BRAV,1.107611,0.421412,19.603215,0.01269588
2025-11-12,BRAV,0.659537,0.428995,20.291971,-0.0024236
2025-11-13,BRAV,0.987921,0.4243,20.135539,-0.00159885
2025-11-14,BRAV,0.958405,0.343165,18.941499,-0.00046661
2025-11-17,BRAV,0.681676,0.459066,19.284126,-0.0065125
2025-11-18,BRAV,0.909983,0.478393,19.541768,0.00577865
2025-11-19,BRAV,0.950982,0.546224,18.891433,0.00750032
2025-11-20,BRAV,0.855099,0.571787,19.230717,0.0036626
2025-11-21,BRAV,0.690478,0.378598,18.480436,0.00660817
2025-11-24,BRAV,0.945889,0.2984,19.146448,
2023-01-02,CRUX,0.186106,0.707666,20.23623,0.00793585
2023-01-03,CRUX,0.205003,0.51754,20.471686,0.0050446
2023-01-04,CRUX,0.175123,0.589528,20.664274,-0.00597172
2023-01-05,CRUX,0.225553,0.580282,20.611726,0.0029041
2023-01-06,CRUX,0.142919,0.683213,20.270048,0.00034624
2023-01-09,CRUX,0.298278,0.41997,20.024834,0.00325768
2023-01-10,CRUX,0.011622,0.629933,20.587408,0.00618319
2023-01-11,CRUX,0.117163,0.582695,18.888735,-0.00380861
2023-01-12,CRUX,0.236586,0.522691,19.849802,-0.01498118
2023-01-13,CRUX,0.387269,0.549753,19.403077,-0.00297964
2023-01-16,CRUX,-0.031575,0.521223,20.25053,0.00273767
2023-01-17,CRUX,0.070579,0.560236,20.946544,0.01122078
2023-01-18,CRUX,0.289233,0.414371,19.530803,-0.00516894
2023-01-19,CRUX,0.140182,0.60293,20.163087,0.00107363
2023-01-20,CRUX,0.069018,0.649426,18.642432,0.00180977
2023-01-23,CRUX,0.160637,0.5209,20.474852,0.01284599
2023-01-24,CRUX,0.153102,0.424977,20.894437,0.002506
2023-01-25,CRUX,-0.011582,0.767995,20.697735,-0.00266996
2023-01-26,CRUX,0.152097,0.370765,20.434915,0.00166103
2023-01-27,CRUX,0.08067,0.54744,20.026805,0.01328117
2023-01-30,CRUX,0.189611,0.570654,20.138103,-0.00133112
2023-01-31,CRUX,0.167267,0.472102,19.34095,-0.00411974
2023-02-01,CRUX,0.425331,0.602438,20.51946,0.00154212
2023-02-02,CRUX,0.026145,0.540491,18.897485,-0.00263988
2023-02-03,CRUX,0.371089,0.620985,19.701558,-0.01277354
2023-02-06,CRUX,0.176077,0.566656,19.443086,0.00078682
2023-02-07,CRUX,0.254617,0.446565,19.788888,-0.0043036
2023-02-08,CRUX,0.133793,0.692715,20.125075,-0.00573106
2023-02-09,CRUX,0.201282,0.432304,20.574091,0.0050865
2023-02-10,CRUX,0.155845,0.517597,20.842885,-0.00129712
2023-02-13,CRUX,0.177711,0.460345,20.905312,0.00816888
2023-02-14,CRUX,0.25907,0.518731,20.85353,-0.00497864
2023-02-15,CRUX,0.197612,0.516107,20.170344,-0.0115991
2023-02-16,CRUX,0.106992,0.528478,20.509442,0.01094059
2023-02-17,CRUX,0.1129,0.578399,19.877785,0.0119701
2023-02-20,CRUX,0.3657,0.563536,20.343981,0.00148056
2023-02-21,CRUX,0.210775,0.550302,19.58799,-0.00090111
2023-02-22,CRUX,0.179653,0.636353,19.163119,0.0136989
2023-02-23,CRUX,0.002959,0.517361,20.006077,-0.00068342
2023-02-24,CRUX,0.074161,0.625899,19.750889,-0.00085115
2023-02-27,CRUX,0.027406,0.473508,19.176003,0.00163948
2023-02-28,CRUX,-0.036193,0.719087,20.604976,0.00857339
2023-03-01,CRUX,0.370768,0.499627,20.334685,-0.0094796
2023-03-02,CRUX,0.293169,0.690129,20.569086,0.00165394
2023-03-03,CRUX,0.1176,0.749621,19.965771,0.00371984
2023-03-06,CRUX,0.267126,0.499793,20.72337,-0.00268671
2023-03-07,CRUX,0.223874,0.501065,19.949479,0.00096765
2023-03-08,CRUX,0.37786,0.535427,20.996333,0.00199173
2023-03-09,CRUX,0.021526,0.626134,20.964343,0.00370428
2023-03-10,CRUX,0.168609,0.401401,20.793676,-0.00252946
2023-03-13,CRUX,0.184032,0.330584,20.093863,-0.00255991
2023-03-14,CRUX,0.221501,0.573654,20.779169,0.00438302
2023-03-15,CRUX,0.023331,0.369164,20.829765,0.01922798
2023-03-16,CRUX,0.132621,0.57632,19.125159,0.00969593
2023-03-17,CRUX,0.176745,0.539434,20.545021,0.00069468
2023-03-20,CRUX,0.398996,0.546962,19.262087,0.00458164
2023-03-21,CRUX,0.288561,0.63694,20.623022,0.0034613
2023-03-22,CRUX,0.270771,0.824138,20.354841,-0.01152867
2023-03-23,CRUX,0.162362,0.453425,20.313073,0.00034824
2023-03-24,CRUX,0.32183,0.530327,20.498272,0.00359587
2023-03-27,CRUX,0.063073,0.500464,20.093893,0.00546441
2023-03-28,CRUX,0.155478,0.516045,20.475186,-0.00160115
2023-03-29,CRUX,0.370983,0.416196,20.193635,0.0067924
2023-03-30,CRUX,0.22155,0.451204,18.571542,0.00105175
2023-03-31,CRUX,0.084682,0.371717,21.014245,-0.00567025
2023-04-03,CRUX,0.302353,0.486234,20.748315,0.0005384
2023-04-04,CRUX,0.078406,0.505977,21.049759,-0.00103826
2023-04-05,CRUX,0.256382,0.640057,19.064872,-0.0057683
2023-04-06,CRUX,0.168905,0.760134,19.46629,0.00855799
2023-04-07,CRUX,0.134033,0.535247,20.167654,-0.00203924
2023-04-10,CRUX,0.325694,0.598774,21.032792,-0.00254252
2023-04-11,CRUX,0.407945,0.589326,20.882075,0.00663876
2023-04-12,CRUX,0.328335,0.442698,20.802882,0.00739646
2023-04-13,CRUX,0.419651,0.490667,20.814169,-0.00282224
2023-04-14,CRUX,0.390397,0.620741,20.767884,0.00669859
2023-04-17,CRUX,0.241416,0.698111,20.471324,-0.00601933
2023-04-18,CRUX,0.316873,0.708082,21.040914,-0.00122034
2023-04-19,CRUX,0.164068,0.437644,20.845476,0.00113544
2023-04-20,CRUX,0.289974,0.6512,19.148748,0.00425821
2023-04-21,CRUX,0.337012,0.349761,19.90801,0.00372466
2023-04-24,CRUX,0.314302,0.505842,21.05458,0.00544182
2023-04-25,CRUX,0.326109,0.582768,20.980688,-0.00598879
2023-04-26,CRUX,0.357985,0.52914,20.710316,-0.00291129
2023-04-27,CRUX,0.237128,0.518594,19.46575,0.00251455
2023-04-28,CRUX,0.341899,0.558176,19.665533,-0.0061234
2023-05-01,CRUX,0.446746,0.516772,20.137105,-0.01279561
2023-05-02,CRUX,0.262145,0.348846,20.884641,-0.00185989
2023-05-03,CRUX,0.077735,0.647713,19.916426,-0.00747078
2023-05-04,CRUX,0.21016,0.391483,19.333766,-0.0133229
2023-05-05,CRUX,0.247412,0.580505,20.071243,0.00113405
2023-05-08,CRUX,0.235805,0.550226,20.991379,0.00106324
2023-05-09,CRUX,0.037673,0.620326,20.85987,0.00377549
2023-05-10,CRUX,0.343592,0.422522,20.755604,-0.00315272
2023-05-11,CRUX,0.046583,0.508459,20.339692,0.00988174
2023-05-12,CRUX,0.208651,0.501413,20.821369,-0.00679322
2023-05-15,CRUX,0.586234,0.688044,18.849648,0.01204299
2023-05-16,CRUX,0.140228,0.65131,18.902572,-0.00030684
2023-05-17,CRUX,0.390348,0.401468,20.791641,-0.0126059
2023-05-18,CRUX,-0.030874,0.492537,20.693829,0.01219136
2023-05-19,CRUX,0.245914,0.472069,20.726221,0.0043076
2023-05-22,CRUX,0.233352,0.618656,20.544444,-0.00027488
2023-05-23,CRUX,0.327873,0.634895,19.35577,-0.00203945
2023-05-24,CRUX,0.172338,0.750877,20.961035,0.00268564
2023-05-25,CRUX,0.292397,0.556987,20.353152,-0.01013157
2023-05-26,CRUX,0.523878,0.422922,19.241957,-0.00037468
2023-05-29,CRUX,0.116748,0.521137,20.902089,0.00474195
2023-05-30,CRUX,0.400765,0.519427,20.781413,-0.00240663
2023-05-31,CRUX,0.121798,0.66781,20.928038,0.00215882
2023-06-01,CRUX,0.333463,0.66288,19.777369,0.00920788
2023-06-02,CRUX,0.277235,0.596468,20.448528,-0.01178898
2023-06-05,CRUX,0.03013,0.612644,20.792115,-0.00051388
2023-06-06,CRUX,0.268496,0.748245,20.994879,0.00681815
2023-06-07,CRUX,0.363898,0.446169,19.09155,-0.00660808
2023-06-08,CRUX,0.406522,0.623393,20.799516,0.00070762
2023-06-09,CRUX,0.283149,0.703865,19.605377,-0.01215994
2023-06-12,CRUX,0.393299,0.631842,20.308047,0.00096818
2023-06-13,CRUX,0.323178,0.572648,19.438223,0.00236833
2023-06-14,CRUX,0.27342,0.568582,19.861646,0.01262937
2023-06-15,CRUX,0.338313,0.413886,20.824978,0.00883716
2023-06-16,CRUX,0.384489,0.486026,18.85657,0.00192242
2023-06-19,CRUX,0.199867,0.359297,20.444258,0.01173121
2023-06-20,CRUX,0.260432,0.516212,20.249521,0.00424685
2023-06-21,CRUX,0.161447,0.403325,20.561513,0.01123652
2023-06-22,CRUX,0.447852,0.652363,20.684077,-0.00268189
2023-06-23,CRUX,0.318809,0.626967,19.191377,0.00508798
2023-06-26,CRUX,0.357804,0.350127,19.905093,-0.00501018
2023-06-27,CRUX,0.21898,0.550141,20.718683,0.00463585
2023-06-28,CRUX,0.45588,0.552226,20.983967,-0.00067513
2023-06-29,CRUX,0.097384,0.599602,20.072274,0.0053049
2023-06-30,CRUX,0.174085,0.362261,19.764294,-0.00679116
2023-07-03,CRUX,0.279419,0.473789,20.431505,0.00788926
2023-07-04,CRUX,0.336775,0.406323,20.766687,0.00416182
2023-07-05,CRUX,0.49294,0.570748,21.073447,0.00655761
2023-07-06,CRUX,0.329245,0.428121,20.71173,-0.01110206
2023-07-07,CRUX,0.347215,0.264892,19.533115,0.0015865
2023-07-10,CRUX,0.53754,0.319289,21.030392,0.01106086
2023-07-11,CRUX,0.361539,0.489309,20.253114,-0.00824068
2023-07-12,CRUX,0.340915,0.33854,20.261069,0.00031609
2023-07-13,CRUX,0.346474,0.529692,20.913922,-0.01065001
2023-07-14,CRUX,0.298056,0.590967,20.297163,0.00592441
2023-07-17,CRUX,0.413165,0.364535,20.669586,0.00523403
2023-07-18,CRUX,0.222653,0.757582,20.833015,9.404e-05
2023-07-19,CRUX,0.407864,0.584316,20.93329,0.00423303
2023-07-20,CRUX,0.317632,0.668323,20.951605,-0.00768054
2023-07-21,CRUX,0.219776,0.683661,19.341634,0.01000043
2023-07-24,CRUX,0.15635,0.638879,20.80905,0.00475624
2023-07-25,CRUX,0.165775,0.621019,20.648216,-0.00252262
2023-07-26,CRUX,0.331486,0.592614,19.791248,0.00470596
2023-07-27,CRUX,0.353652,0.486542,19.533449,0.00369234
2023-07-28,CRUX,0.415296,0.343983,20.731179,0.00289033
2023-07-31,CRUX,0.287206,0.303559,20.597502,-0.00204177
2023-08-01,CRUX,0.445033,0.496798,20.903282,0.01091205
2023-08-02,CRUX,0.317877,0.512947,20.976154,0.01094638
2023-08-03,CRUX,0.24252,0.617029,19.634221,0.00236287
2023-08-04,CRUX,0.568897,0.434586,20.532552,0.00677249
2023-08-07,CRUX,0.568823,0.624312,20.800245,-0.00592803
2023-08-08,CRUX,0.161314,0.697197,21.092213,-0.00476341
2023-08-09,CRUX,0.47095,0.567002,20.238579,0.00263808
2023-08-10,CRUX,0.313546,0.574445,19.620498,0.00577253
2023-08-11,CRUX,0.369769,0.573505,20.505638,0.00547244
2023-08-14,CRUX,0.415946,0.498499,20.575791,0.0043641
2023-08-15,CRUX,0.389905,0.389936,20.663223,0.01188253
2023-08-16,CRUX,0.41859,0.477278,20.427939,-0.00403219
2023-08-17,CRUX,0.351916,0.561714,20.429965,-0.00258685
2023-08-18,CRUX,0.371813,0.467085,20.725068,-0.00390062
2023-08-21,CRUX,0.337693,0.450102,20.789805,0.00661936
2023-08-22,CRUX,0.300129,0.482643,21.112941,0.00334007
2023-08-23,CRUX,0.366491,0.393334,20.413127,0.00048409
2023-08-24,CRUX,0.225556,0.547991,20.827803,-0.00506887
2023-08-25,CRUX,0.48464,0.422004,20.670104,0.00082896
2023-08-28,CRUX,0.442052,0.319684,19.685823,-0.00919909
2023-08-29,CRUX,0.257657,0.572248,21.074327,0.00397283
2023-08-30,CRUX,0.241726,0.528812,20.431929,0.00220586
2023-08-31,CRUX,0.329922,0.513043,20.547665,0.00912292
2023-09-01,CRUX,0.514144,0.5795,19.892733,0.00190643
2023-09-04,CRUX,0.492153,0.472331,20.875624,-0.00606133
2023-09-05,CRUX,0.499785,0.420106,21.109389,-0.00987039
2023-09-06,CRUX,0.463702,0.565876,20.758452,0.00746567
2023-09-07,CRUX,0.271512,0.668413,20.676343,-0.00198041
2023-09-08,CRUX,0.471853,0.356339,20.790421,-0.00323726
2023-09-11,CRUX,0.53025,0.525041,21.14857,-0.0156146
2023-09-12,CRUX,0.506395,0.545567,20.973178,0.00458394
2023-09-13,CRUX,0.331316,0.461009,21.020015,0.01056216
2023-09-14,CRUX,0.441281,0.37774,20.724256,0.00524737
2023-09-15,CRUX,0.380769,0.520983,20.755498,-0.00437104
2023-09-18,CRUX,0.400019,0.481879,20.819611,0.00668472
2023-09-19,CRUX,0.535376,0.530387,21.124543,0.01054344
2023-09-20,CRUX,0.337694,0.540888,21.009348,-0.00056677
2023-09-21,CRUX,0.436423,0.499106,20.226175,-0.00117778
2023-09-22,CRUX,0.403384,0.437946,21.070605,-0.01260975
2023-09-25,CRUX,0.405265,0.43293,19.503484,0.00051838
2023-09-26,CRUX,0.46063,0.448267,20.340387,-0.00526895
2023-09-27,CRUX,0.244122,0.511865,20.124815,-0.00389978
2023-09-28,CRUX,0.235352,0.550639,19.20509,0.00359429
2023-09-29,CRUX,0.356998,0.509696,19.957257,0.00384937
2023-10-02,CRUX,0.437458,0.590449,19.455339,0.01013532
2023-10-03,CRUX,0.572141,0.389221,20.646174,-0.00257972
2023-10-04,CRUX,0.585516,0.578339,20.630976,-0.0073688
2023-10-05,CRUX,0.410535,0.399067,20.502165,-0.00106848
2023-10-06,CRUX,0.209473,0.714556,20.485163,-0.01340367
2023-10-09,CRUX,0.29265,0.57188,20.868886,3.574e-05
2023-10-10,CRUX,0.337792,0.516988,19.522897,-0.01093592
2023-10-11,CRUX,0.406389,0.619663,20.826374,-0.00606554
2023-10-12,CRUX,0.404306,0.411936,20.537671,-0.0058846
2023-10-13,CRUX,0.414945,0.494953,20.757805,-0.00417542
2023-10-16,CRUX,0.391628,0.475358,20.577102,0.0134409
2023-10-17,CRUX,0.561727,0.580328,20.248306,-0.00954727
2023-10-18,CRUX,0.504294,0.537261,21.054605,0.00442148
2023-10-19,CRUX,0.137787,0.5524,20.580523,-0.01420321
2023-10-20,CRUX,0.252713,0.579775,20.958674,-0.00421662
2023-10-23,CRUX,0.256857,0.461794,19.962465,0.00882839
2023-10-24,CRUX,0.321225,0.308772,20.971324,0.0102482
2023-10-25,CRUX,0.546765,0.398479,18.61352,-0.00650532
2023-10-26,CRUX,0.258409,0.525295,19.921357,0.00050195
2023-10-27,CRUX,0.250715,0.544829,20.755711,-0.01186918
2023-10-30,CRUX,0.241336,0.629071,20.550698,0.01029022
2023-10-31,CRUX,0.372649,0.564655,20.949417,0.0047378
2023-11-01,CRUX,0.439425,0.571901,20.687202,0.00455417
2023-11-02,CRUX,0.456585,0.437135,20.846263,-0.00022156
2023-11-03,CRUX,0.531448,0.454924,20.427907,-0.00620888
2023-11-06,CRUX,0.298183,0.515156,19.985049,0.00334582
2023-11-07,CRUX,0.397579,0.392132,20.038052,0.01410141
2023-11-08,CRUX,0.240545,0.624895,20.521525,0.00365425
2023-11-09,CRUX,0.493424,0.378646,19.462729,-0.00160963
2023-11-10,CRUX,0.273258,0.465888,20.971246,-0.00119706
2023-11-13,CRUX,0.297783,0.48427,20.726893,0.00445145
2023-11-14,CRUX,0.458414,0.312574,20.335543,-0.00540614
2023-11-15,CRUX,0.462211,0.442845,21.098644,0.00231256
2023-11-16,CRUX,0.407222,0.483914,20.631154,0.0068381
2023-11-17,CRUX,0.292258,0.532035,19.896511,0.00543334
2023-11-20,CRUX,0.656283,0.436111,20.470078,-0.01303835
2023-11-21,CRUX,0.361273,0.542548,21.011898,-0.00305445
2023-11-22,CRUX,0.538066,0.364436,20.933789,0.00238582
2023-11-23,CRUX,0.478371,0.428792,20.722978,-0.00550619
2023-11-24,CRUX,0.488235,0.359273,20.70953,-0.00125152
2023-11-27,CRUX,0.393825,0.617228,18.602116,-0.00571013
2023-11-28,CRUX,0.411499,0.524869,19.677561,0.00192125
2023-11-29,CRUX,0.562398,0.42607,20.274071,0.00064673
2023-11-30,CRUX,0.305457,0.460512,20.575654,0.00759776
2023-12-01,CRUX,0.377071,0.517669,19.219196,0.00792337
2023-12-04,CRUX,0.416643,0.40651,21.094503,0.00093121
2023-12-05,CRUX,0.424045,0.536982,20.377001,0.00435848
2023-12-06,CRUX,0.278094,0.59285,20.702368,-0.0022255
2023-12-07,CRUX,0.479981,0.559009,20.811692,0.01119595
2023-12-08,CRUX,0.420066,0.52938,20.909338,-0.00013441
2023-12-11,CRUX,0.28132,0.651769,19.806684,-0.00222801
2023-12-12,CRUX,0.424302,0.574547,20.649049,0.00499953
2023-12-13,CRUX,0.242988,0.650138,21.006822,-0.00646031
2023-12-14,CRUX,0.30097,0.342394,20.852211,0.00158654
2023-12-15,CRUX,0.46277,0.601663,21.022588,-0.00869649
2023-12-18,CRUX,0.363037,0.406985,19.913327,-0.0028947
2023-12-19,CRUX,0.210005,0.66728,20.943423,-0.00421935
2023-12-20,CRUX,0.276578,0.454818,20.710049,-0.00372906
2023-12-21,CRUX,0.408591,0.509788,19.057362,-9.925e-05
2023-12-22,CRUX,0.665249,0.489696,20.699742,0.00805279
2023-12-25,CRUX,0.683499,0.453043,19.990751,-0.0018997
2023-12-26,CRUX,0.379948,0.419575,20.766332,0.01131401
2023-12-27,CRUX,0.36452,0.415222,20.224659,0.00701158
2023-12-28,CRUX,0.678129,0.241547,20.341064,-0.00984051
2023-12-29,CRUX,0.47908,0.462664,20.983464,0.00038414
2024-01-01,CRUX,0.379861,0.534042,20.17105,0.00856951
2024-01-02,CRUX,0.715537,0.271435,20.571151,0.00697161
2024-01-03,CRUX,0.530409,0.528214,20.695402,-0.00479717
2024-01-04,CRUX,0.433241,0.476251,20.797738,-0.00115502
2024-01-05,CRUX,0.527269,0.471305,20.767839,-0.0009359
2024-01-08,CRUX,0.487423,0.519561,20.265418,0.01431919
2024-01-09,CRUX,0.521057,0.511089,20.895838,-0.00101966
2024-01-10,CRUX,0.66805,0.459207,20.084907,0.00496527
2024-01-11,CRUX,0.509078,0.317376,19.368235,-7.646e-05
2024-01-12,CRUX,0.466179,0.418863,19.746951,-0.00648201
2024-01-15,CRUX,0.334339,0.348246,20.172932,0.00333726
2024-01-16,CRUX,0.536764,0.595394,20.983498,-0.01230411
2024-01-17,CRUX,0.443438,0.445323,20.629409,0.00476065
2024-01-18,CRUX,0.469462,0.756375,20.581072,0.00172238
2024-01-19,CRUX,0.511243,0.552313,20.321169,0.00686731
2024-01-22,CRUX,0.425982,0.379237,20.209052,0.00890842
2024-01-23,CRUX,0.702638,0.504855,18.989043,0.00564938
2024-01-24,CRUX,0.249839,0.49822,19.082693,0.00765232
2024-01-25,CRUX,0.497358,0.422882,21.031022,-0.00275578
2024-01-26,CRUX,0.718808,0.416318,20.484666,-0.00463665
2024-01-29,CRUX,0.338344,0.436371,20.161364,-0.00843666
2024-01-30,CRUX,0.650088,0.461722,20.398253,-0.00872746
2024-01-31,CRUX,0.365391,0.430926,20.920882,-0.00558984
2024-02-01,CRUX,0.435962,0.574646,20.761958,-0.00093907
2024-02-02,CRUX,0.449682,0.594324,21.139637,0.00674644
2024-02-05,CRUX,0.42662,0.380712,19.600472,0.0014685
2024-02-06,CRUX,0.548474,0.396465,20.912642,0.00172401
2024-02-07,CRUX,0.417798,0.486125,20.71991,0.00847628
2024-02-08,CRUX,0.440875,0.358517,20.111844,-0.0089925
2024-02-09,CRUX,0.392603,0.430277,20.941941,-0.00148888
2024-02-12,CRUX,0.552165,0.260672,19.773091,0.01215155
2024-02-13,CRUX,0.584989,0.302677,19.986669,0.00395678
2024-02-14,CRUX,0.587254,0.552131,20.616741,0.00053592
2024-02-15,CRUX,0.452794,0.49771,20.113627,0.02205603
2024-02-16,CRUX,0.347731,0.532724,20.63775,0.00541018
2024-02-19,CRUX,0.224041,0.438983,20.589025,0.00601117
2024-02-20,CRUX,0.610035,0.465184,21.086081,0.00231895
2024-02-21,CRUX,0.596136,0.541775,20.860115,-0.00060941
2024-02-22,CRUX,0.557846,0.545489,21.212768,0.00389364
2024-02-23,CRUX,0.295204,0.615366,20.749042,-0.01072786
2024-02-26,CRUX,0.515279,0.417098,19.779905,0.0110694
2024-02-27,CRUX,0.233423,0.422293,19.211193,0.00094186
2024-02-28,CRUX,0.440321,0.437532,19.446322,-0.00483741
2024-02-29,CRUX,0.467232,0.488285,21.109885,-0.00722147
2024-03-01,CRUX,0.642909,0.174631,20.344469,-0.0010809
2024-03-04,CRUX,0.630392,0.59114,21.049587,-0.00120838
2024-03-05,CRUX,0.547247,0.6205,20.916526,0.00360888
2024-03-06,CRUX,0.529425,0.482819,20.757276,0.00735442
2024-03-07,CRUX,0.373338,0.63889,19.571146,-0.00869594
2024-03-08,CRUX,0.494465,0.453921,20.633244,0.01358889
2024-03-11,CRUX,0.691369,0.499737,20.993214,0.00681601
2024-03-12,CRUX,0.45692,0.662658,20.893137,0.00872346
2024-03-13,CRUX,0.406818,0.602886,21.196471,0.00869852
2024-03-14,CRUX,0.681523,0.388606,20.451783,-0.00030762
2024-03-15,CRUX,0.528283,0.431231,21.218875,0.00058036
2024-03-18,CRUX,0.732796,0.458964,20.781994,-0.00130576
2024-03-19,CRUX,0.511953,0.466345,20.76918,-0.00557899
2024-03-20,CRUX,0.403672,0.354095,19.103131,0.01523308
2024-03-21,CRUX,0.373403,0.587617,20.913454,0.00799944
2024-03-22,CRUX,0.474846,0.519794,20.343713,1.67e-05
2024-03-25,CRUX,0.582043,0.508528,19.596926,-0.00552955
2024-03-26,CRUX,0.384376,0.411786,20.591515,-0.00428793
2024-03-27,CRUX,0.497188,0.522707,20.259003,-0.00473348
2024-03-28,CRUX,0.40913,0.535132,21.049053,-0.00132194
2024-03-29,CRUX,0.364969,0.546495,18.964672,-0.00825538
2024-04-01,CRUX,0.495514,0.558575,20.429502,-0.00682987
2024-04-02,CRUX,0.60726,0.433825,21.155992,-0.00727297
2024-04-03,CRUX,0.793136,0.409684,19.891792,0.00202532
2024-04-04,CRUX,0.517768,0.498123,20.350487,0.00961627
2024-04-05,CRUX,0.7841,0.29255,19.953935,0.0002496
2024-04-08,CRUX,0.610807,0.321779,20.113896,-0.01322417
2024-04-09,CRUX,0.512383,0.645621,19.374463,-0.00596823
2024-04-10,CRUX,0.529907,0.533516,20.982139,0.00231233
2024-04-11,CRUX,0.540232,0.622185,20.513593,-0.00289946
2024-04-12,CRUX,0.615054,0.471616,20.841718,0.00028819
2024-04-15,CRUX,0.566428,0.344568,20.798303,-0.02230002
2024-04-16,CRUX,0.58016,0.560991,19.332738,-0.00441831
2024-04-17,CRUX,0.519549,0.429054,19.587282,0.00037032
2024-04-18,CRUX,0.45583,0.551467,20.491215,0.00601132
2024-04-19,CRUX,0.436934,0.567219,19.725742,-0.00453807
2024-04-22,CRUX,0.410567,0.488529,21.100821,-0.00636638
2024-04-23,CRUX,0.428447,0.390685,20.615271,-0.00964782
2024-04-24,CRUX,0.496464,0.284228,20.441931,-0.00435016
2024-04-25,CRUX,0.648044,0.368852,20.675921,0.00203172
2024-04-26,CRUX,0.557672,0.449739,19.611626,0.00114008
2024-04-29,CRUX,0.509193,0.351802,20.538192,0.00872363
2024-04-30,CRUX,0.459365,0.444342,20.974331,-0.00208999
2024-05-01,CRUX,0.758208,0.532938,18.751187,0.00211156
2024-05-02,CRUX,0.507086,0.512692,20.476541,-0.00444451
2024-05-03,CRUX,0.680579,0.390016,20.910439,0.00257847
2024-05-06,CRUX,0.529991,0.490697,20.038551,0.00633556
2024-05-07,CRUX,0.314588,0.410117,21.02381,-0.00329626
2024-05-08,CRUX,0.587385,0.710128,20.997527,-0.01159035
2024-05-09,CRUX,0.648442,0.485429,20.935534,-0.00132906
2024-05-10,CRUX,0.43128,0.501522,18.795848,0.00417446
2024-05-13,CRUX,0.877101,0.534971,20.921308,0.00202342
2024-05-14,CRUX,0.614822,0.622707,20.967119,0.00592559
2024-05-15,CRUX,0.498908,0.429187,19.765239,-0.01400735
2024-05-16,CRUX,0.261665,0.489424,20.58444,0.01239343
2024-05-17,CRUX,0.658117,0.436698,20.886164,-0.00319862
2024-05-20,CRUX,0.568511,0.380287,21.00361,0.01060872
2024-05-21,CRUX,0.838285,0.269883,19.920086,-0.00264181
2024-05-22,CRUX,0.366288,0.746294,20.89379,-0.00166508
2024-05-23,CRUX,0.45362,0.501618,20.75532,0.00591753
2024-05-24,CRUX,0.479876,0.562771,19.407728,0.00469005
2024-05-27,CRUX,0.43097,0.443766,20.819816,0.00209758
2024-05-28,CRUX,0.508064,0.609019,20.967775,0.00426849
2024-05-29,CRUX,0.534686,0.52009,20.916353,-0.00766866
2024-05-30,CRUX,0.400627,0.484199,21.053783,-0.00173044
2024-05-31,CRUX,0.250141,0.601953,20.874444,0.00499766
2024-06-03,CRUX,0.58151,0.384122,19.890691,-0.00689105
2024-06-04,CRUX,0.444798,0.488466,20.159285,0.00880754
2024-06-05,CRUX,0.263449,0.688078,21.033811,-0.0023067
2024-06-06,CRUX,0.626509,0.534553,20.520155,0.00432215
2024-06-07,CRUX,0.3285,0.612098,20.629257,0.00380275
2024-06-10,CRUX,0.674073,0.458236,21.16611,0.0076285
2024-06-11,CRUX,0.837143,0.470012,20.694077,-0.00658779
2024-06-12,CRUX,0.681049,0.520361,18.721081,0.00622959
2024-06-13,CRUX,0.404532,0.354223,20.43933,-0.00504741
2024-06-14,CRUX,0.614889,0.488475,20.774294,0.00095446
2024-06-17,CRUX,0.720389,0.384107,20.347976,-0.00196944
2024-06-18,CRUX,0.555195,0.544251,20.432388,0.00403734
2024-06-19,CRUX,0.242338,0.486819,19.674542,0.0016015
2024-06-20,CRUX,0.612326,0.334794,19.978459,-0.00067819
2024-06-21,CRUX,0.653929,0.47853,20.322855,-0.00497097
2024-06-24,CRUX,0.26777,0.576579,20.863597,-0.00396724
2024-06-25,CRUX,0.347931,0.47522,20.89158,0.00349898
2024-06-26,CRUX,0.575532,0.47645,20.299112,0.00115167
2024-06-27,CRUX,0.644571,0.319871,19.931264,0.00260256
2024-06-28,CRUX,0.635863,0.662328,21.136027,-0.00498212
2024-07-01,CRUX,0.509616,0.467473,20.798999,3.411e-05
2024-07-02,CRUX,0.676364,0.52875,21.016587,-0.01705993
2024-07-03,CRUX,0.573591,0.578869,20.462209,-0.00453643
2024-07-04,CRUX,0.830635,0.265994,20.882766,0.00125427
2024-07-05,CRUX,0.394176,0.366644,19.990719,-0.01484538
2024-07-08,CRUX,0.684238,0.309993,20.174808,-0.00633675
2024-07-09,CRUX,0.61389,0.633572,20.880973,0.0001856
2024-07-10,CRUX,0.73108,0.504868,21.108949,-0.00772256
2024-07-11,CRUX,0.646057,0.370582,20.78345,0.00786303
2024-07-12,CRUX,0.447957,0.525297,21.028259,-0.0160604
2024-07-15,CRUX,0.603184,0.470959,20.653409,-0.00138
2024-07-16,CRUX,0.544865,0.49776,21.144653,-0.00399303
2024-07-17,CRUX,0.604099,0.409141,20.897209,-0.00181237
2024-07-18,CRUX,0.881135,0.415078,18.8465,0.01450309
2024-07-19,CRUX,0.62561,0.458668,20.415812,0.00285577
2024-07-22,CRUX,0.700083,0.588937,20.618755,0.01019776
2024-07-23,CRUX,0.604881,0.593044,20.857975,-0.0047212
2024-07-24,CRUX,0.465877,0.679981,19.892091,0.00794259
2024-07-25,CRUX,0.583737,0.281795,20.862142,-0.00853958
2024-07-26,CRUX,0.41134,0.380055,21.030496,-0.00196548
2024-07-29,CRUX,0.635932,0.513926,20.55243,0.00180281
2024-07-30,CRUX,0.562014,0.623069,19.593458,-0.00113629
2024-07-31,CRUX,0.363103,0.529962,20.715057,0.00027588
2024-08-01,CRUX,0.630399,0.3045,20.506966,-0.00103992
2024-08-02,CRUX,0.692706,0.30475,20.878939,0.00551399
2024-08-05,CRUX,0.640817,0.494609,20.974029,0.00864477
2024-08-06,CRUX,0.406121,0.684509,20.237655,0.00306239
2024-08-07,CRUX,0.646976,0.433288,20.223251,-0.00277948
2024-08-08,CRUX,0.693974,0.555843,20.045336,0.00847103
2024-08-09,CRUX,0.737522,0.513089,20.813252,-0.00877196
2024-08-12,CRUX,0.386995,0.49723,19.852254,0.00037171
2024-08-13,CRUX,0.265087,0.613993,21.162144,-0.00212647
2024-08-14,CRUX,0.462117,0.49947,19.420193,-0.01103394
2024-08-15,CRUX,0.645988,0.461105,20.326551,0.0044922
2024-08-16,CRUX,0.612552,0.444765,20.303168,0.0083949
2024-08-19,CRUX,0.647785,0.418805,19.648512,0.00583828
2024-08-20,CRUX,0.656829,0.475444,20.875292,0.00604805
2024-08-21,CRUX,0.727263,0.445385,21.147329,-0.00429355
2024-08-22,CRUX,0.653851,0.358527,20.020246,0.00784616
2024-08-23,CRUX,0.528948,0.634131,19.884712,0.00178626
2024-08-26,CRUX,0.637337,0.357912,20.815109,0.00332926
2024-08-27,CRUX,0.488934,0.665913,20.837553,-0.0064868
2024-08-28,CRUX,0.421663,0.413333,19.18678,0.00465281
2024-08-29,CRUX,0.749486,0.332573,20.902033,-0.00416066
2024-08-30,CRUX,0.385213,0.52326,20.879959,-0.00195194
2024-09-02,CRUX,0.600662,0.399303,20.983496,0.00338307
2024-09-03,CRUX,0.497547,0.529346,19.246385,-0.0056638
2024-09-04,CRUX,0.69651,0.303213,20.883699,0.00743064
2024-09-05,CRUX,0.61314,0.62741,19.629426,-0.00345159
2024-09-06,CRUX,0.751859,0.455176,19.492745,-0.00408427
2024-09-09,CRUX,0.55795,0.601129,21.072475,-0.01146033
2024-09-10,CRUX,0.688175,0.486528,19.080347,-0.00155625
2024-09-11,CRUX,0.647861,0.567639,19.357287,-0.00635082
2024-09-12,CRUX,0.57011,0.373715,20.531737,0.003533
2024-09-13,CRUX,0.365167,0.484061,18.956505,-0.00495461
2024-09-16,CRUX,0.425362,0.499829,19.810003,0.00836274
2024-09-17,CRUX,0.765637,0.403651,19.532394,-0.00725578
2024-09-18,CRUX,0.435649,0.542979,21.022451,-0.00199236
2024-09-19,CRUX,0.843539,0.278179,20.066362,0.00633773
2024-09-20,CRUX,0.667902,0.330283,20.987041,0.00337016
2024-09-23,CRUX,0.592237,0.35823,20.460435,-0.00092795
2024-09-24,CRUX,0.454778,0.563161,21.022852,-8.61e-06
2024-09-25,CRUX,0.631735,0.498345,20.319183,-0.01122547
2024-09-26,CRUX,0.510472,0.323526,20.931505,0.0049352
2024-09-27,CRUX,0.747374,0.6074,20.779981,0.01041209
2024-09-30,CRUX,0.545813,0.609405,19.914157,0.00977973
2024-10-01,CRUX,0.569328,0.592985,20.686211,-0.00211692
2024-10-02,CRUX,0.484054,0.573399,19.589413,-0.00040621
2024-10-03,CRUX,0.710084,0.29664,21.122718,-0.00301395
2024-10-04,CRUX,0.745513,0.423701,21.112022,0.0021785
2024-10-07,CRUX,0.756324,0.470242,21.06098,0.00708621
2024-10-08,CRUX,0.631032,0.429531,20.507185,0.00567128
2024-10-09,CRUX,0.639039,0.40003,19.401057,0.00129281
2024-10-10,CRUX,0.720564,0.492163,20.755048,0.00497235
2024-10-11,CRUX,0.824667,0.358323,20.626184,0.00352908
2024-10-14,CRUX,0.524087,0.45066,19.524612,0.00806208
2024-10-15,CRUX,0.523296,0.560018,20.920391,0.01341201
2024-10-16,CRUX,0.605449,0.38807,20.537504,0.00375521
2024-10-17,CRUX,0.785254,0.454885,19.950243,-0.00732516
2024-10-18,CRUX,0.657158,0.483381,20.07205,-0.0027763
2024-10-21,CRUX,0.726924,0.390112,21.202407,0.00120892
2024-10-22,CRUX,0.560225,0.343803,20.246768,-0.00255382
2024-10-23,CRUX,0.744107,0.314858,20.776402,0.00879862
2024-10-24,CRUX,0.727157,0.396382,21.02261,-0.00319841
2024-10-25,CRUX,0.603217,0.269896,19.782801,-0.01040533
2024-10-28,CRUX,0.597232,0.438406,21.105281,-0.00296969
2024-10-29,CRUX,0.510472,0.4999,20.84324,-0.00474623
2024-10-30,CRUX,0.482914,0.43125,21.013776,0.01062902
2024-10-31,CRUX,0.43989,0.512712,21.140501,-0.00427065
2024-11-01,CRUX,0.639818,0.374031,19.754227,0.0001793
2024-11-04,CRUX,0.669776,0.436872,20.422336,-0.0016259
2024-11-05,CRUX,0.645854,0.395217,20.352544,-0.00164379
2024-11-06,CRUX,0.609703,0.359767,19.77822,-0.00184637
2024-11-07,CRUX,0.632213,0.38773,20.924277,-0.01002389
2024-11-08,CRUX,0.730394,0.379954,20.840949,0.0126326
2024-11-11,CRUX,0.732804,0.420249,20.763942,0.00880964
2024-11-12,CRUX,0.627046,0.548872,19.390822,0.00472619
2024-11-13,CRUX,0.57816,0.404983,20.271419,0.00938914
2024-11-14,CRUX,0.497282,0.426419,20.724546,-0.00207761
2024-11-15,CRUX,0.874259,0.503378,21.093365,0.00480291
2024-11-18,CRUX,0.453598,0.319681,19.481057,-0.00369971
2024-11-19,CRUX,0.856466,0.359514,19.88377,0.00735297
2024-11-20,CRUX,0.772933,0.607593,20.743007,-0.00111158
2024-11-21,CRUX,0.818396,0.297836,19.892914,-0.00367466
2024-11-22,CRUX,0.683856,0.435873,20.432891,0.00057234
2024-11-25,CRUX,0.756151,0.269121,21.114046,-0.00929066
2024-11-26,CRUX,0.521156,0.480711,19.600545,0.00555112
2024-11-27,CRUX,0.508852,0.589312,19.445343,-0.01464896
2024-11-28,CRUX,0.590299,0.472878,20.567476,-0.00358892
2024-11-29,CRUX,0.482298,0.665753,21.072272,-0.01249923
2024-12-02,CRUX,0.441999,0.4392,19.987404,0.00556937
2024-12-03,CRUX,0.590459,0.412532,20.216158,0.00357207
2024-12-04,CRUX,0.657785,0.413134,20.916758,0.00268303
2024-12-05,CRUX,0.731085,0.426333,19.246513,0.00484222
2024-12-06,CRUX,0.366874,0.44544,19.4701,-0.00280057
2024-12-09,CRUX,0.720965,0.450495,20.890808,0.00204763
2024-12-10,CRUX,0.575249,0.432475,19.637268,-0.00585114
2024-12-11,CRUX,0.761908,0.660139,19.715329,-0.00115084
2024-12-12,CRUX,0.65465,0.378707,19.114962,-0.00499603
2024-12-13,CRUX,0.326028,0.468951,19.304916,0.00234343
2024-12-16,CRUX,0.45571,0.543006,19.215852,0.00124697
2024-12-17,CRUX,0.728954,0.473771,20.562875,-0.00194005
2024-12-18,CRUX,0.692514,0.364773,19.729912,-0.00473162
2024-12-19,CRUX,0.925489,0.368406,20.667504,-0.00083909
2024-12-20,CRUX,0.617944,0.405109,21.182137,-0.01144509
2024-12-23,CRUX,0.545188,0.558285,19.044453,-0.01126307
2024-12-24,CRUX,0.666571,0.320282,20.65213,-0.00155846
2024-12-25,CRUX,0.655738,0.495199,21.164829,0.00382593
2024-12-26,CRUX,0.616207,0.532222,20.044227,-0.00268926
2024-12-27,CRUX,0.752688,0.372991,20.833172,-0.00728959
2024-12-30,CRUX,0.51861,0.515454,20.545634,-0.00197536
2024-12-31,CRUX,0.750051,0.492241,21.077477,-0.00841282
2025-01-01,CRUX,0.619482,0.251601,20.717533,0.0146984
2025-01-02,CRUX,0.809957,0.532399,21.114458,0.00147177
2025-01-03,CRUX,0.657993,0.481164,21.055414,-0.00190134
2025-01-06,CRUX,0.688331,0.551883,20.96236,0.00302171
2025-01-07,CRUX,0.821396,0.371131,20.477653,0.00504624
2025-01-08,CRUX,0.594103,0.562817,19.228259,0.00634428
2025-01-09,CRUX,0.701757,0.250331,20.740568,0.00928836
2025-01-10,CRUX,0.610322,0.555825,20.382521,-0.01221743
2025-01-13,CRUX,0.73815,0.478989,19.040409,-0.002504
2025-01-14,CRUX,0.319865,0.653671,21.153979,0.00337698
2025-01-15,CRUX,0.638227,0.505156,21.029821,0.00102271
2025-01-16,CRUX,0.698697,0.318622,20.793226,0.0033334
2025-01-17,CRUX,0.863404,0.428941,19.594877,0.00380021
2025-01-20,CRUX,0.726106,0.468961,20.883721,0.0020551
2025-01-21,CRUX,0.838942,0.442675,20.183439,0.00547788
2025-01-22,CRUX,0.532741,0.615405,20.888797,0.01698858
2025-01-23,CRUX,0.709112,0.3097,20.760635,0.00067253
2025-01-24,CRUX,0.701513,0.272412,20.845557,-0.00542121
2025-01-27,CRUX,0.758141,0.42826,20.762402,0.00357438
2025-01-28,CRUX,0.60706,0.53159,20.625818,-0.00383631
2025-01-29,CRUX,0.746643,0.512005,21.090303,0.00571874
2025-01-30,CRUX,0.692973,0.467226,19.029611,0.00383466
2025-01-31,CRUX,0.701427,0.44425,20.129794,-0.00682621
2025-02-03,CRUX,0.780262,0.501856,21.024573,9.73e-05
2025-02-04,CRUX,0.851379,0.44178,19.771854,-0.00166929
2025-02-05,CRUX,0.808033,0.366672,20.519486,0.00197351
2025-02-06,CRUX,0.782048,0.362471,21.009019,-0.00475825
2025-02-07,CRUX,0.699037,0.291211,20.894205,0.01127008
2025-02-10,CRUX,0.779404,0.342741,21.184816,0.00832101
2025-02-11,CRUX,0.960248,0.357673,19.674869,-0.00528802
2025-02-12,CRUX,0.638849,0.394129,20.579147,0.00924628
2025-02-13,CRUX,0.798553,0.387034,19.975476,0.00851907
2025-02-14,CRUX,0.658831,0.361259,20.788203,0.00287913
2025-02-17,CRUX,0.615084,0.550464,20.465646,0.00806294
2025-02-18,CRUX,0.474851,0.503762,19.819695,0.00525543
2025-02-19,CRUX,0.652023,0.387061,21.104138,0.00169083
2025-02-20,CRUX,0.636033,0.441839,19.641458,0.00382076
2025-02-21,CRUX,0.777651,0.281764,20.33765,-0.01144268
2025-02-24,CRUX,0.730908,0.436687,21.144068,0.00386571
2025-02-25,CRUX,0.523979,0.396985,20.748895,0.00041008
2025-02-26,CRUX,0.89793,0.473378,20.358368,-9.249e-05
2025-02-27,CRUX,0.715552,0.538524,21.19051,0.00598595
2025-02-28,CRUX,0.693398,0.568272,20.097948,0.00406667
2025-03-03,CRUX,0.732566,0.261851,21.079137,-0.004133
2025-03-04,CRUX,0.81863,0.358344,21.175093,-0.00230674
2025-03-05,CRUX,0.752661,0.339964,21.211334,-0.00883866
2025-03-06,CRUX,0.648626,0.501032,21.105506,-0.01125464
2025-03-07,CRUX,0.737226,0.314019,19.394698,0.00484898
2025-03-10,CRUX,0.628157,0.233197,21.179336,-0.00355272
2025-03-11,CRUX,0.835772,0.416017,21.170187,-0.00416802
2025-03-12,CRUX,0.815073,0.364159,20.604291,-0.00338496
2025-03-13,CRUX,0.387816,0.579959,20.652123,-0.00809315
2025-03-14,CRUX,0.77388,0.456512,20.93318,0.00322259
2025-03-17,CRUX,0.599744,0.300504,20.785566,0.00380672
2025-03-18,CRUX,0.702543,0.55955,20.788269,-0.00617557
2025-03-19,CRUX,0.702237,0.242012,20.909567,0.01052509
2025-03-20,CRUX,0.753797,0.511156,20.081453,-0.00147591
2025-03-21,CRUX,0.48395,0.529854,19.209751,-0.00010154
2025-03-24,CRUX,0.813039,0.421526,20.20137,0.00496967
2025-03-25,CRUX,0.802154,0.479054,19.827662,0.0035258
2025-03-26,CRUX,0.749089,0.385679,19.349914,-0.00257701
2025-03-27,CRUX,0.6088,0.452269,20.617982,-0.00315992
2025-03-28,CRUX,0.758474,0.482675,21.082685,0.00575611
2025-03-31,CRUX,0.866146,0.287877,20.294659,-0.0052198
2025-04-01,CRUX,0.806341,0.389785,20.465138,-0.00468052
2025-04-02,CRUX,0.672965,0.427715,20.267605,0.00079049
2025-04-03,CRUX,0.680744,0.471076,21.218934,0.00834929
2025-04-04,CRUX,0.608641,0.543718,20.448464,-0.00681231
2025-04-07,CRUX,0.807761,0.479272,20.878603,0.00834867
2025-04-08,CRUX,0.678615,0.457083,21.034834,0.00583931
2025-04-09,CRUX,0.902979,0.341627,20.737463,0.00248884
2025-04-10,CRUX,0.768398,0.363898,21.051612,-0.00290513
2025-04-11,CRUX,0.698114,0.371601,20.937969,0.00564816
2025-04-14,CRUX,0.658366,0.577708,21.191185,0.00571829
2025-04-15,CRUX,0.640508,0.595779,20.296775,-0.00742866
2025-04-16,CRUX,0.766296,0.622274,20.890434,-0.00081925
2025-04-17,CRUX,0.869234,0.302207,20.325439,0.00202306
2025-04-18,CRUX,0.65208,0.364209,20.200233,-0.00707564
2025-04-21,CRUX,0.527488,0.501984,19.621023,0.00980411
2025-04-22,CRUX,0.852961,0.386905,20.930203,-0.00832103
2025-04-23,CRUX,0.811984,0.26847,20.691758,-0.00296831
2025-04-24,CRUX,0.698984,0.46442,21.190854,-0.00405263
2025-04-25,CRUX,0.859019,0.195141,19.391715,0.01179337
2025-04-28,CRUX,0.818448,0.365278,21.051396,0.00287068
2025-04-29,CRUX,0.857043,0.297874,20.384867,-0.00428254
2025-04-30,CRUX,0.753898,0.38203,20.407381,-0.00536708
2025-05-01,CRUX,0.570665,0.52435,20.691584,0.00092896
2025-05-02,CRUX,0.800755,0.525479,20.369814,0.00515895
2025-05-05,CRUX,0.621075,0.574829,21.066733,0.0048306
2025-05-06,CRUX,0.617041,0.56088,20.982026,0.00700827
2025-05-07,CRUX,0.603298,0.479239,20.975671,0.00799213
2025-05-08,CRUX,0.65829,0.515605,21.115184,0.0058345
2025-05-09,CRUX,0.67083,0.447237,19.9057,-0.00113213
2025-05-12,CRUX,0.946447,0.141456,21.066192,-0.00379641
2025-05-13,CRUX,0.932346,0.450643,20.794127,0.0006016
2025-05-14,CRUX,0.589079,0.467146,20.161905,-0.00176551
2025-05-15,CRUX,0.670363,0.282384,19.647844,0.00063217
2025-05-16,CRUX,0.780378,0.393055,20.275863,0.00173233
2025-05-19,CRUX,0.959815,0.442143,21.076202,0.00909552
2025-05-20,CRUX,0.834116,0.394706,20.04568,0.00229135
2025-05-21,CRUX,0.915563,0.404933,20.384949,0.00660901
2025-05-22,CRUX,0.839711,0.485259,20.830744,-0.01433938
2025-05-23,CRUX,0.882009,0.446986,20.178019,-0.01536545
2025-05-26,CRUX,0.818968,0.298411,21.183791,-0.00201328
2025-05-27,CRUX,0.722931,0.532413,20.241681,-0.00026216
2025-05-28,CRUX,0.855148,0.326136,20.14882,-0.00649159
2025-05-29,CRUX,0.982834,0.226878,20.021186,0.00979334
2025-05-30,CRUX,0.758957,0.363487,21.222017,0.00121573
2025-06-02,CRUX,0.580111,0.451887,21.005321,-0.00812043
2025-06-03,CRUX,0.67608,0.437223,20.8718,-0.00322579
2025-06-04,CRUX,0.768013,0.406041,21.226608,0.00248232
2025-06-05,CRUX,0.735863,0.311578,21.044207,-0.00295749
2025-06-06,CRUX,1.034312,0.375893,20.603861,-0.00060548
2025-06-09,CRUX,0.801,0.294263,21.218881,-0.00544721
2025-06-10,CRUX,0.85906,0.118088,20.621097,0.01350667
2025-06-11,CRUX,0.791923,0.394887,21.235201,0.00169461
2025-06-12,CRUX,0.884215,0.268024,20.59525,0.00452268
2025-06-13,CRUX,0.923414,0.43146,20.410534,0.00065591
2025-06-16,CRUX,0.792959,0.364512,20.742648,0.00220543
2025-06-17,CRUX,0.975985,0.286493,19.511331,-0.0043988
2025-06-18,CRUX,0.880516,0.293803,21.177538,0.00085355
2025-06-19,CRUX,0.600155,0.475369,20.077541,0.00376863
2025-06-20,CRUX,0.805033,0.605703,21.148398,0.00724957
2025-06-23,CRUX,0.881474,0.255711,21.216403,0.00249
2025-06-24,CRUX,0.896712,0.584763,20.699949,0.00176977
2025-06-25,CRUX,0.773171,0.390638,20.741761,0.00437183
2025-06-26,CRUX,1.069203,0.3518,19.427129,0.00599224
2025-06-27,CRUX,0.874893,0.482552,20.232532,-0.00937119
2025-06-30,CRUX,0.75994,0.542333,21.253055,0.00579391
2025-07-01,CRUX,0.891168,0.198819,19.764267,-0.00238714
2025-07-02,CRUX,0.668149,0.450936,21.245365,-0.00622782
2025-07-03,CRUX,0.917533,0.339985,21.176965,0.01036514
2025-07-04,CRUX,0.882697,0.280748,20.973124,-0.00264478
2025-07-07,CRUX,0.792378,0.282801,20.006614,-0.01803869
2025-07-08,CRUX,0.888329,0.292117,20.059203,0.00325106
2025-07-09,CRUX,0.915175,0.235497,20.583267,0.00287289
2025-07-10,CRUX,0.531041,0.391244,21.249688,-0.00495251
2025-07-11,CRUX,0.846083,0.517269,19.727897,0.00215271
2025-07-14,CRUX,0.888747,0.408217,20.402119,0.00756652
2025-07-15,CRUX,0.719321,0.545654,20.057985,-0.00546529
2025-07-16,CRUX,0.749682,0.430618,21.124124,-0.00069099
2025-07-17,CRUX,0.777877,0.366474,20.664312,-0.00382488
2025-07-18,CRUX,0.968515,0.348323,20.446789,-0.00969158
2025-07-21,CRUX,0.816658,0.518895,20.392605,0.00801342
2025-07-22,CRUX,0.807946,0.248325,20.35015,0.00521068
2025-07-23,CRUX,0.736247,0.387771,21.041338,-0.00090898
2025-07-24,CRUX,1.048205,0.401431,19.873845,-0.0079019
2025-07-25,CRUX,0.778981,0.550537,20.116889,0.00630593
2025-07-28,CRUX,0.873555,0.363555,18.933064,0.00878747
2025-07-29,CRUX,0.957821,0.461004,20.84267,-0.00369503
2025-07-30,CRUX,0.806161,0.419067,21.206039,0.0014234
2025-07-31,CRUX,0.655462,0.443939,19.428427,-0.01654659
2025-08-01,CRUX,0.796416,0.467479,20.249663,-0.00146149
2025-08-04,CRUX,0.863038,0.38801,21.102317,0.0059664
2025-08-05,CRUX,0.750522,0.405881,20.442693,0.00563967
2025-08-06,CRUX,0.779914,0.429197,20.729143,0.00287344
2025-08-07,CRUX,0.781842,0.317076,20.855515,0.00103604
2025-08-08,CRUX,0.843009,0.404391,21.225678,0.01007781
2025-08-11,CRUX,0.91611,0.477184,19.201001,-0.00166169
2025-08-12,CRUX,0.969938,0.434418,21.126453,-0.0053787
2025-08-13,CRUX,0.895063,0.322277,20.549394,-0.01079426
2025-08-14,CRUX,0.823749,0.225126,21.246267,-0.00550075
2025-08-15,CRUX,0.776402,0.53886,20.45043,0.00139774
2025-08-18,CRUX,0.911204,0.388402,20.818556,0.00705966
2025-08-19,CRUX,1.113555,0.241016,21.175346,-0.00849886
2025-08-20,CRUX,0.734019,0.424718,21.210914,-0.00035217
2025-08-21,CRUX,0.808997,0.254405,18.760516,-0.0047507
2025-08-22,CRUX,0.966925,0.338755,21.178418,0.00928537
2025-08-25,CRUX,0.848471,0.204505,19.869598,-0.00480547
2025-08-26,CRUX,0.76352,0.425732,21.038705,-0.00672878
2025-08-27,CRUX,1.121634,0.387206,21.078644,0.00636087
2025-08-28,CRUX,0.9695,0.360568,19.603996,0.00565155
2025-08-29,CRUX,0.870993,0.351268,20.823686,0.00767958
2025-09-01,CRUX,0.846243,0.363517,20.513501,0.0117313
2025-09-02,CRUX,1.007043,0.201927,21.20799,-0.00218751
2025-09-03,CRUX,0.778415,0.518988,19.409272,0.00442852
2025-09-04,CRUX,0.942166,0.071943,19.083899,-0.0027099
2025-09-05,CRUX,0.755538,0.580693,21.212613,0.00078399
2025-09-08,CRUX,0.996936,0.612607,20.955211,-0.00226948
2025-09-09,CRUX,0.738575,0.418069,19.924062,0.01189168
2025-09-10,CRUX,0.742623,0.404057,21.047708,-0.00763729
2025-09-11,CRUX,1.030236,0.444205,20.982673,-0.0075277
2025-09-12,CRUX,0.70379,0.544919,21.01402,-0.00016884
2025-09-15,CRUX,0.815358,0.268675,20.375813,0.00389068
2025-09-16,CRUX,0.722716,0.640498,20.62476,-0.00904336
2025-09-17,CRUX,0.858139,0.453964,21.062591,-0.00301563
2025-09-18,CRUX,0.790033,0.433152,20.864248,-0.01389515
2025-09-19,CRUX,0.787726,0.423423,21.151666,-0.00982323
2025-09-22,CRUX,0.800781,0.330278,20.963501,-0.00170569
2025-09-23,CRUX,0.756907,0.303555,20.129108,-0.0104067
2025-09-24,CRUX,0.940525,0.411615,20.634769,-0.00098763
2025-09-25,CRUX,0.971682,0.380753,20.491504,0.0036585
2025-09-26,CRUX,0.846407,0.263603,21.096585,-0.00255487
2025-09-29,CRUX,0.916755,0.580667,20.143432,0.00126944
2025-09-30,CRUX,0.771708,0.381035,19.236851,-0.00689569
2025-10-01,CRUX,0.916508,0.244399,20.957635,-0.00701596
2025-10-02,CRUX,0.9044,0.270935,18.84134,-0.00658202
2025-10-03,CRUX,0.956436,0.249067,20.82374,0.00014745
2025-10-06,CRUX,0.896208,0.3457,21.178478,-0.00721048
2025-10-07,CRUX,0.973134,0.211068,21.175696,0.00215232
2025-10-08,CRUX,0.870408,0.476875,20.801102,0.00233859
2025-10-09,CRUX,0.938273,0.26767,21.172732,0.00992659
2025-10-10,CRUX,0.81161,0.472099,21.202393,-0.00430469
2025-10-13,CRUX,0.760895,0.475711,20.878888,-0.00719826
2025-10-14,CRUX,0.903838,0.282508,20.958361,-0.00010864
2025-10-15,CRUX,0.797149,0.57963,20.312785,0.01161541
2025-10-16,CRUX,0.818183,0.301734,20.95391,0.00447433
2025-10-17,CRUX,0.917977,0.455693,21.163037,0.00082359
2025-10-20,CRUX,0.882091,0.383909,20.956571,0.00462174
2025-10-21,CRUX,0.887408,0.358406,20.994616,0.00871946
2025-10-22,CRUX,0.865955,0.171979,20.205454,-0.00402637
2025-10-23,CRUX,1.021049,0.320948,18.675511,-0.0006506
2025-10-24,CRUX,1.036172,0.280302,19.726673,-0.01339719
2025-10-27,CRUX,0.7384,0.520802,20.219431,-0.00300018
2025-10-28,CRUX,1.112058,0.308776,19.144677,0.00696652
2025-10-29,CRUX,0.904628,0.168418,19.183116,-0.00349188
2025-10-30,CRUX,1.063458,0.433567,20.675397,0.00035205
2025-10-31,CRUX,0.667559,0.507257,20.983431,-0.01381958
2025-11-03,CRUX,0.944178,0.146904,21.027792,-0.01071225
2025-11-04,CRUX,0.942478,0.473032,20.293989,0.00468087
2025-11-05,CRUX,0.727153,0.368623,21.063016,0.00436661
2025-11-06,CRUX,0.662061,0.421343,20.131845,0.00925765
2025-11-07,CRUX,0.992321,0.356254,20.472726,0.00017472
2025-11-10,CRUX,0.884066,0.382496,20.627824,0.00129985
2025-11-11,CRUX,1.080284,0.285506,19.421241,0.00462574
2025-11-12,CRUX,0.868323,0.232031,20.694323,0.00864161
2025-11-13,CRUX,0.971731,0.330581,20.900299,0.00589461
2025-11-14,CRUX,0.800508,0.381297,20.765735,0.00524478
2025-11-17,CRUX,0.932559,0.446752,20.840325,0.00626724
2025-11-18,CRUX,0.958457,0.355657,20.416614,0.01409531
2025-11-19,CRUX,0.97373,0.43483,19.203598,-0.00266105
2025-11-20,CRUX,1.198738,0.298932,21.194316,-0.00340698
2025-11-21,CRUX,0.950151,0.323945,18.995438,-0.00431307
2025-11-24,CRUX,0.95698,0.577069,21.222797,
2023-01-02,DUNE,0.131555,0.41514,21.404147,-0.00398425
2023-01-03,DUNE,0.117356,0.456799,19.562047,0.00334859
2023-01-04,DUNE,-0.059702,0.724088,20.881767,0.00276152
2023-01-05,DUNE,0.033055,0.671604,21.278375,0.00808683
2023-01-06,DUNE,0.186058,0.623253,21.13476,0.00179404
2023-01-09,DUNE,0.131575,0.591467,20.97233,0.00678896
2023-01-10,DUNE,0.059094,0.547513,21.032107,0.00450517
2023-01-11,DUNE,0.301214,0.447734,21.254947,-0.00400874
2023-01-12,DUNE,-0.004984,0.50336,21.118232,-0.01518754
2023-01-13,DUNE,0.366869,0.536986,20.145155,-0.00766926
2023-01-16,DUNE,0.42412,0.57058,21.401389,0.0050365
2023-01-17,DUNE,0.293173,0.475253,21.206916,0.01261574
2023-01-18,DUNE,0.101612,0.720944,20.506251,0.00573912
2023-01-19,DUNE,0.082018,0.447832,20.086203,0.00393313
2023-01-20,DUNE,0.293182,0.411832,20.482202,0.01059206
2023-01-23,DUNE,0.165527,0.527355,21.038574,0.01350722
2023-01-24,DUNE,0.076727,0.455536,21.213169,0.00777538
2023-01-25,DUNE,0.140713,0.586336,19.913805,0.00683479
2023-01-26,DUNE,0.179773,0.496752,20.994916,-0.00542879
2023-01-27,DUNE,0.134953,0.547777,21.043834,-0.00176189
2023-01-30,DUNE,0.133111,0.503122,20.801821,0.00218891
2023-01-31,DUNE,0.296741,0.422603,19.305057,-0.00302069
2023-02-01,DUNE,0.445463,0.484806,21.360774,0.01041698
2023-02-02,DUNE,0.191556,0.504889,21.329666,-0.01034547
2023-02-03,DUNE,0.058292,0.422481,20.936926,-0.00901305
2023-02-06,DUNE,0.311513,0.442346,21.055997,-0.00119287
2023-02-07,DUNE,-0.006348,0.687919,20.722216,-0.00403127
2023-02-08,DUNE,0.209027,0.515487,20.718492,-0.00319594
2023-02-09,DUNE,0.376844,0.382492,19.044517,-0.00266618
2023-02-10,DUNE,0.348245,0.605188,21.037414,0.00999676
2023-02-13,DUNE,0.346073,0.523946,19.073313,0.00131081
2023-02-14,DUNE,0.34463,0.525084,20.867454,0.00740544
2023-02-15,DUNE,0.309164,0.517088,19.536497,-0.00199801
2023-02-16,DUNE,0.065371,0.570556,21.022343,0.00168613
2023-02-17,DUNE,0.258548,0.601423,21.250669,0.0107499
2023-02-20,DUNE,0.116056,0.691626,20.577235,-0.01251332
2023-02-21,DUNE,0.206448,0.544646,19.816738,0.00580087
2023-02-22,DUNE,0.362743,0.560011,21.02876,0.00451365
2023-02-23,DUNE,0.252829,0.516853,21.245879,0.00336213
2023-02-24,DUNE,0.161285,0.622606,19.546903,-0.00138562
2023-02-27,DUNE,0.37513,0.449695,21.448372,0.00687653
2023-02-28,DUNE,0.241577,0.376753,20.775782,0.00734412
2023-03-01,DUNE,0.161818,0.478586,19.163418,-0.00968999
2023-03-02,DUNE,0.219223,0.500863,20.617148,-0.00284658
2023-03-03,DUNE,0.172965,0.502118,20.42293,0.00550824
2023-03-06,DUNE,0.278719,0.396587,20.323504,-0.00435941
2023-03-07,DUNE,0.37002,0.536283,20.253044,0.00219201
2023-03-08,DUNE,0.215488,0.441992,21.425346,0.00457517
2023-03-09,DUNE,0.108916,0.501904,20.585302,-0.00169083
2023-03-10,DUNE,0.201296,0.625968,21.282399,0.00304149
2023-03-13,DUNE,0.2111,0.361393,21.299652,0.00547589
2023-03-14,DUNE,0.239867,0.526264,20.82516,0.00414443
2023-03-15,DUNE,0.112974,0.575234,19.034439,0.02068303
2023-03-16,DUNE,0.36014,0.488356,20.38136,0.00887957
2023-03-17,DUNE,0.51457,0.489071,20.961265,-0.01226863
2023-03-20,DUNE,0.256054,0.355157,20.609721,0.00803494
2023-03-21,DUNE,0.369322,0.422836,20.810437,0.0093628
2023-03-22,DUNE,0.264771,0.556954,21.480392,-0.00547743
2023-03-23,DUNE,0.220008,0.459017,21.05681,0.00898229
2023-03-24,DUNE,0.309939,0.43593,19.152524,0.00485596
2023-03-27,DUNE,0.233471,0.614729,20.83657,0.00812872
2023-03-28,DUNE,0.350749,0.544496,20.063168,-0.00657326
2023-03-29,DUNE,0.301597,0.487053,20.184469,0.00205773
2023-03-30,DUNE,0.252912,0.462223,20.360884,-0.00400561
2023-03-31,DUNE,0.367817,0.728226,21.187879,0.0080671
2023-04-03,DUNE,-0.130328,0.776099,21.387483,-0.00785806
2023-04-04,DUNE,0.245724,0.398541,19.750545,0.00385638
2023-04-05,DUNE,0.364796,0.535652,21.36286,0.00833153
2023-04-06,DUNE,0.131371,0.675545,21.061283,0.00126439
2023-04-07,DUNE,0.375609,0.54675,21.300177,-0.00353624
2023-04-10,DUNE,0.244654,0.392959,20.803551,-0.00094218
2023-04-11,DUNE,0.293544,0.501842,20.69152,6.18e-05
2023-04-12,DUNE,0.27322,0.547728,21.074021,0.00965034
2023-04-13,DUNE,0.394376,0.55562,21.118529,0.00146991
2023-04-14,DUNE,0.351647,0.41262,21.322288,0.0021956
2023-04-17,DUNE,0.324149,0.324028,21.078849,0.00205917
2023-04-18,DUNE,0.314077,0.489732,21.190284,-0.00175356
2023-04-19,DUNE,0.227635,0.647397,21.074639,-0.01126652
2023-04-20,DUNE,0.322878,0.323267,20.640501,0.00415084
2023-04-21,DUNE,0.163129,0.801298,19.79466,-0.00324905
2023-04-24,DUNE,0.430319,0.521646,20.67549,0.00657362
2023-04-25,DUNE,0.331772,0.76981,20.441994,-0.00827948
2023-04-26,DUNE,0.316995,0.525274,21.493411,0.00025715
2023-04-27,DUNE,0.339035,0.57494,21.275124,-0.00029006
2023-04-28,DUNE,0.345032,0.513957,20.30918,-0.00248573
2023-05-01,DUNE,0.212676,0.341867,21.169316,-0.01050898
2023-05-02,DUNE,0.332219,0.482961,21.316088,-0.00430373
2023-05-03,DUNE,0.317875,0.726778,21.47091,0.00183671
2023-05-04,DUNE,0.340095,0.509987,21.194207,-0.00040673
2023-05-05,DUNE,0.176397,0.715851,20.147856,0.00375396
2023-05-08,DUNE,0.101685,0.680656,21.321169,0.00563862
2023-05-09,DUNE,0.331746,0.345924,20.286475,-0.00030858
2023-05-10,DUNE,0.405017,0.459791,21.023922,-0.00521738
2023-05-11,DUNE,0.374413,0.477186,21.500373,0.00739956
2023-05-12,DUNE,0.325126,0.44414,20.097012,-0.01176987
2023-05-15,DUNE,0.14379,0.525777,20.189393,0.00638794
2023-05-16,DUNE,0.484,0.603534,21.438667,-0.00104229
2023-05-17,DUNE,0.247849,0.615986,20.950414,-0.00715737
2023-05-18,DUNE,0.30538,0.440498,19.805301,-0.0060603
2023-05-19,DUNE,0.409576,0.556206,21.240352,-0.01010993
2023-05-22,DUNE,0.403339,0.294967,20.498787,-0.00213862
2023-05-23,DUNE,0.211,0.511118,19.733108,-0.00165736
2023-05-24,DUNE,0.138154,0.439198,21.499381,0.0031775
2023-05-25,DUNE,0.243485,0.512307,19.976713,0.00519712
2023-05-26,DUNE,0.259835,0.60875,21.240045,-0.00921129
2023-05-29,DUNE,0.117989,0.663223,21.286426,0.00123702
2023-05-30,DUNE,0.270104,0.444731,21.452268,-0.00095772
2023-05-31,DUNE,0.443737,0.361519,20.880591,-0.0146281
2023-06-01,DUNE,0.419867,0.501401,20.126232,0.00822519
2023-06-02,DUNE,0.288851,0.463209,21.129093,-0.0007836
2023-06-05,DUNE,0.416116,0.622666,20.288082,0.00493689
2023-06-06,DUNE,0.06584,0.565643,20.329622,-0.0115571
2023-06-07,DUNE,0.332181,0.459965,20.592831,-0.01102762
2023-06-08,DUNE,0.580433,0.487484,20.648717,0.00887314
2023-06-09,DUNE,0.448733,0.377045,20.879771,0.0035105
2023-06-12,DUNE,0.524403,0.521808,20.605779,-0.001121
2023-06-13,DUNE,0.511766,0.275184,19.952587,0.00171888
2023-06-14,DUNE,0.281088,0.583693,20.742364,-0.00460147
2023-06-15,DUNE,0.262268,0.455164,20.673921,0.00324915
2023-06-16,DUNE,0.327142,0.528337,21.400094,-0.00233267
2023-06-19,DUNE,0.354708,0.530195,19.701179,0.00244092
2023-06-20,DUNE,0.371832,0.346609,20.972451,-0.00176937
2023-06-21,DUNE,0.330163,0.502467,20.347025,0.02020366
2023-06-22,DUNE,0.104023,0.468128,19.749409,-0.00587703
2023-06-23,DUNE,0.175858,0.576311,21.083044,0.00706517
2023-06-26,DUNE,0.289126,0.546879,20.608367,-0.00771284
2023-06-27,DUNE,0.222441,0.649994,19.512506,0.00067269
2023-06-28,DUNE,0.255965,0.243218,21.029775,-0.00995855
2023-06-29,DUNE,0.384411,0.404588,21.113415,-0.00081768
2023-06-30,DUNE,0.236674,0.452165,21.415242,0.00358878
2023-07-03,DUNE,0.118881,0.68925,20.46783,0.00041359
2023-07-04,DUNE,0.446453,0.47864,20.853491,-0.00152429
2023-07-05,DUNE,0.426287,0.49238,20.707259,-0.00203293
2023-07-06,DUNE,0.323785,0.413479,21.064068,-0.00566042
2023-07-07,DUNE,0.479224,0.430751,20.804075,0.00682199
2023-07-10,DUNE,0.317207,0.411382,20.987052,0.00714632
2023-07-11,DUNE,0.526977,0.343599,19.491487,0.00884393
2023-07-12,DUNE,0.255726,0.675254,21.509123,0.00253543
2023-07-13,DUNE,0.349661,0.661324,21.490346,-0.00445917
2023-07-14,DUNE,0.365399,0.297133,20.577206,-0.00718732
2023-07-17,DUNE,0.437528,0.654381,20.14286,0.00312215
2023-07-18,DUNE,0.627495,0.325467,20.036991,0.00160057
2023-07-19,DUNE,0.307313,0.483283,20.144946,-0.0027537
2023-07-20,DUNE,0.225742,0.35417,20.750226,-0.02363969
2023-07-21,DUNE,0.374984,0.526622,20.364326,-0.00863459
2023-07-24,DUNE,0.609186,0.364259,19.817177,0.00393733
2023-07-25,DUNE,0.277055,0.570874,20.064303,0.00478502
2023-07-26,DUNE,0.397074,0.382991,20.422064,0.00827287
2023-07-27,DUNE,0.461319,0.370246,20.824474,0.00558337
2023-07-28,DUNE,0.340776,0.499288,21.104466,0.00456916
2023-07-31,DUNE,0.214306,0.562664,20.882164,-0.00028962
2023-08-01,DUNE,0.514171,0.645297,20.735676,-0.0008956
2023-08-02,DUNE,0.434963,0.299012,19.880268,0.00289902
2023-08-03,DUNE,0.234621,0.575103,21.460432,0.00719687
2023-08-04,DUNE,0.141689,0.417803,20.436356,-0.00173334
2023-08-07,DUNE,0.332411,0.448272,20.733826,-0.00129029
2023-08-08,DUNE,0.219618,0.388031,19.151265,-0.00448918
2023-08-09,DUNE,0.438746,0.502683,21.226963,0.00495022
2023-08-10,DUNE,0.44566,0.372209,20.444446,-0.00682222
2023-08-11,DUNE,0.183254,0.60558,19.760916,-0.00518783
2023-08-14,DUNE,0.390843,0.273974,19.925771,0.00176199
2023-08-15,DUNE,0.254407,0.610194,20.083633,0.00612755
2023-08-16,DUNE,0.154987,0.482318,21.089253,0.00138038
2023-08-17,DUNE,0.461249,0.530921,21.295923,-0.00298667
2023-08-18,DUNE,0.320595,0.446253,21.425418,0.00811698
2023-08-21,DUNE,0.50096,0.459852,21.001004,0.01302339
2023-08-22,DUNE,0.269327,0.54228,19.847522,0.00674692
2023-08-23,DUNE,0.209467,0.579792,20.643144,0.00724733
2023-08-24,DUNE,0.414949,0.377923,19.378172,-0.00526972
2023-08-25,DUNE,0.230699,0.509889,20.983352,0.00223393
2023-08-28,DUNE,0.467099,0.635754,20.852228,-0.00112129
2023-08-29,DUNE,0.319273,0.513432,21.297083,-0.00778109
2023-08-30,DUNE,0.421654,0.538685,21.469935,0.00068801
2023-08-31,DUNE,0.234933,0.546849,20.440668,0.00373514
2023-09-01,DUNE,0.447518,0.443847,20.571676,0.00306862
2023-09-04,DUNE,0.4754,0.574836,20.716649,0.00201235
2023-09-05,DUNE,0.495217,0.490917,21.471505,-0.00035102
2023-09-06,DUNE,0.496217,0.613431,21.33462,0.00288688
2023-09-07,DUNE,0.302188,0.657822,21.416702,0.00613564
2023-09-08,DUNE,0.068227,0.537304,21.055323,-0.00119305
2023-09-11,DUNE,0.276995,0.555788,20.036997,-0.0122061
2023-09-12,DUNE,0.493615,0.598719,20.997648,0.00835484
2023-09-13,DUNE,0.135403,0.710213,20.050429,0.00921546
2023-09-14,DUNE,0.496283,0.400411,19.395764,0.00397562
2023-09-15,DUNE,0.315127,0.467627,20.839926,-0.0048772
2023-09-18,DUNE,0.385816,0.411373,20.135731,-0.0017982
2023-09-19,DUNE,0.244895,0.600979,19.099103,-0.00034995
2023-09-20,DUNE,0.316455,0.656814,21.116228,-0.00035067
2023-09-21,DUNE,0.252809,0.439281,20.478047,0.00975372
2023-09-22,DUNE,0.582783,0.359545,20.533768,-0.0033989
2023-09-25,DUNE,0.53753,0.511984,20.965489,-0.00164472
2023-09-26,DUNE,0.356165,0.382693,19.760504,0.00325177
2023-09-27,DUNE,0.531295,0.621584,21.533605,-0.00364547
2023-09-28,DUNE,0.511754,0.486226,19.193025,-0.00211496
2023-09-29,DUNE,0.213409,0.463599,21.37719,-0.00250229
2023-10-02,DUNE,0.29425,0.460241,21.329458,0.00070285
2023-10-03,DUNE,0.358703,0.679928,21.269683,-0.00197164
2023-10-04,DUNE,0.260766,0.488405,20.471974,0.00217221
2023-10-05,DUNE,0.314987,0.601062,21.441407,0.0036331
2023-10-06,DUNE,0.291921,0.530283,21.261893,0.0109127
2023-10-09,DUNE,0.345967,0.651542,19.130495,-0.00391257
2023-10-10,DUNE,0.411858,0.647731,20.541284,0.00013329
2023-10-11,DUNE,0.199299,0.503941,21.517484,-0.00522927
2023-10-12,DUNE,0.39428,0.514819,21.135477,-0.00453831
2023-10-13,DUNE,0.301888,0.580695,21.310815,-0.01286578
2023-10-16,DUNE,0.176109,0.577854,21.510827,-0.00271032
2023-10-17,DUNE,0.412568,0.569631,21.036876,-0.01054408
2023-10-18,DUNE,0.294868,0.480067,20.983289,0.00627848
2023-10-19,DUNE,0.256719,0.504969,19.45753,-0.00026033
2023-10-20,DUNE,0.344336,0.747452,20.142091,0.00328934
2023-10-23,DUNE,0.307913,0.498358,20.217422,0.00298242
2023-10-24,DUNE,0.506394,0.576466,21.036976,0.00847034
2023-10-25,DUNE,0.382423,0.43866,20.485202,0.00030496
2023-10-26,DUNE,0.569231,0.506555,21.31056,0.01245018
2023-10-27,DUNE,0.515068,0.512368,19.63441,-0.00252808
2023-10-30,DUNE,0.452537,0.580108,20.01546,-0.00358215
2023-10-31,DUNE,0.561008,0.486131,20.877692,0.00708098
2023-11-01,DUNE,0.313128,0.332846,19.804247,0.00621056
2023-11-02,DUNE,0.506358,0.293754,20.962524,-0.00706748
2023-11-03,DUNE,0.449095,0.511935,20.114043,-0.00618657
2023-11-06,DUNE,0.316874,0.768579,20.006925,0.00289177
2023-11-07,DUNE,0.284151,0.39309,21.194171,-0.00160636
2023-11-08,DUNE,0.474111,0.320452,20.71177,-0.00056915
2023-11-09,DUNE,0.372786,0.49276,19.825248,0.00208514
2023-11-10,DUNE,0.308677,0.501224,21.478701,0.00844336
2023-11-13,DUNE,0.443599,0.410377,20.996465,-0.0053721
2023-11-14,DUNE,0.607353,0.416824,20.96172,0.0124557
2023-11-15,DUNE,0.425616,0.541377,21.017887,0.00341774
2023-11-16,DUNE,0.447377,0.62687,21.126768,0.01163518
2023-11-17,DUNE,0.413053,0.364246,21.517625,-0.0003903
2023-11-20,DUNE,0.298434,0.535073,20.951809,-0.00465037
2023-11-21,DUNE,0.380792,0.541426,20.220486,0.00133246
2023-11-22,DUNE,0.380343,0.483155,21.521618,0.00072128
2023-11-23,DUNE,0.49636,0.634139,21.029061,-0.01196215
2023-11-24,DUNE,0.405348,0.491936,21.528133,0.01648832
2023-11-27,DUNE,0.487109,0.512565,20.763144,-0.0094446
2023-11-28,DUNE,0.477669,0.36976,21.356642,-0.00126148
2023-11-29,DUNE,0.407548,0.59974,19.013494,0.00319969
2023-11-30,DUNE,0.457802,0.636542,20.968645,0.01299463
2023-12-01,DUNE,0.385517,0.545685,21.223786,-0.00458492
2023-12-04,DUNE,0.320746,0.510687,19.089267,-0.0024564
2023-12-05,DUNE,0.164519,0.76434,20.383112,0.00222544
2023-12-06,DUNE,0.474711,0.679107,20.544193,0.00140395
2023-12-07,DUNE,0.270312,0.413127,21.354193,-0.00239231
2023-12-08,DUNE,0.26069,0.556208,19.398576,0.00270562
2023-12-11,DUNE,0.261558,0.701035,19.781252,0.00860673
2023-12-12,DUNE,0.335498,0.345138,19.672932,0.01097432
2023-12-13,DUNE,0.467423,0.464536,21.546077,-0.00233779
2023-12-14,DUNE,0.544812,0.474408,21.044646,0.0095914
2023-12-15,DUNE,0.507478,0.399982,19.906435,0.00270795
2023-12-18,DUNE,0.263863,0.43275,20.690038,-0.01029531
2023-12-19,DUNE,0.465759,0.55025,19.772447,0.00299996
2023-12-20,DUNE,0.308733,0.641513,21.186202,0.00664856
2023-12-21,DUNE,0.525906,0.38239,21.583424,0.00421924
2023-12-22,DUNE,0.45685,0.317012,19.642175,0.0101941
2023-12-25,DUNE,0.42186,0.444468,19.966599,-0.00431279
2023-12-26,DUNE,0.267074,0.553512,19.181974,0.00529561
2023-12-27,DUNE,0.48348,0.342659,21.103376,0.00596715
2023-12-28,DUNE,0.426521,0.470433,19.484306,0.00248527
2023-12-29,DUNE,0.301948,0.58745,20.095802,-0.01002506
2024-01-01,DUNE,0.597463,0.406064,21.203443,0.0010526
2024-01-02,DUNE,0.427765,0.545001,19.93192,0.00878146
2024-01-03,DUNE,0.552955,0.604998,19.211693,-0.01232412
2024-01-04,DUNE,0.547848,0.274831,19.680617,-0.00130754
2024-01-05,DUNE,0.497654,0.387284,19.577724,0.0012319
2024-01-08,DUNE,0.25118,0.677326,20.895973,0.01359683
2024-01-09,DUNE,0.27459,0.57611,20.078392,-0.00445811
2024-01-10,DUNE,0.558076,0.350465,21.273457,0.00018203
2024-01-11,DUNE,0.50648,0.600624,20.727272,0.00761882
2024-01-12,DUNE,0.624872,0.398752,21.332857,-0.00153429
2024-01-15,DUNE,0.308968,0.516266,21.031255,-0.00304086
2024-01-16,DUNE,0.741592,0.540347,20.623158,0.00987447
2024-01-17,DUNE,0.545377,0.586669,20.151417,0.01294489
2024-01-18,DUNE,0.399151,0.625162,21.631133,0.01193862
2024-01-19,DUNE,0.542504,0.614265,21.140629,0.00273494
2024-01-22,DUNE,0.325341,0.419465,20.707845,0.01309777
2024-01-23,DUNE,0.154558,0.651172,20.846573,0.00074431
2024-01-24,DUNE,0.614705,0.551095,19.24647,-0.00095757
2024-01-25,DUNE,0.499448,0.497159,21.080573,0.00662884
2024-01-26,DUNE,0.439431,0.547214,21.213343,0.00108318
2024-01-29,DUNE,0.273361,0.501957,21.37284,-0.00627781
2024-01-30,DUNE,0.473612,0.449071,21.594838,-0.00401304
2024-01-31,DUNE,0.340819,0.633721,20.779744,-0.00303536
2024-02-01,DUNE,0.494246,0.427164,20.706281,-0.00270433
2024-02-02,DUNE,0.278303,0.640748,21.143955,-0.00065836
2024-02-05,DUNE,0.377325,0.295668,21.378299,-0.00422271
2024-02-06,DUNE,0.362392,0.565357,21.527057,-0.00428132
2024-02-07,DUNE,0.393724,0.606225,21.650117,0.00418418
2024-02-08,DUNE,0.702429,0.449938,19.155534,-0.0042137
2024-02-09,DUNE,0.571228,0.427044,21.471967,-0.00347694
2024-02-12,DUNE,0.565273,0.421347,21.337497,0.01632268
2024-02-13,DUNE,0.389177,0.627548,19.814198,-0.00187833
2024-02-14,DUNE,0.504018,0.374054,19.253019,-0.00585498
2024-02-15,DUNE,0.657732,0.3751,20.258052,0.01560463
2024-02-16,DUNE,0.356472,0.482146,20.926168,0.00072105
2024-02-19,DUNE,0.375887,0.489729,21.615957,-0.00140503
2024-02-20,DUNE,0.520621,0.579111,20.616256,0.00134015
2024-02-21,DUNE,0.491962,0.393272,21.277855,-0.00011634
2024-02-22,DUNE,0.593791,0.408147,21.209568,0.01012773
2024-02-23,DUNE,0.44513,0.509495,21.271227,-0.00966782
2024-02-26,DUNE,0.670179,0.480446,20.984768,0.00658624
2024-02-27,DUNE,0.432897,0.567716,21.391627,-0.00838477
2024-02-28,DUNE,0.510015,0.48194,21.65515,-0.00477151
2024-02-29,DUNE,0.256447,0.574215,21.350137,0.00070768
2024-03-01,DUNE,0.505455,0.363257,21.661852,0.00301609
2024-03-04,DUNE,0.552703,0.357982,21.211825,0.00347168
2024-03-05,DUNE,0.442889,0.638542,21.34476,0.0011322
2024-03-06,DUNE,0.425138,0.468759,21.392879,0.01327147
2024-03-07,DUNE,0.294325,0.581312,20.987979,-0.01479769
2024-03-08,DUNE,0.500008,0.554088,21.534902,-0.0046854
2024-03-11,DUNE,0.384829,0.455777,21.602465,-0.00380627
2024-03-12,DUNE,0.523738,0.277719,19.835721,0.00855806
2024-03-13,DUNE,0.822767,0.424706,21.269683,0.00384885
2024-03-14,DUNE,0.620125,0.354903,21.305496,0.00644474
2024-03-15,DUNE,0.523199,0.417884,21.429198,-0.0036196
2024-03-18,DUNE,0.416175,0.413204,21.424839,0.00134518
2024-03-19,DUNE,0.480251,0.587562,21.403228,0.00314453
2024-03-20,DUNE,0.540846,0.450196,20.612617,0.00745664
2024-03-21,DUNE,0.56147,0.531417,20.089933,-0.00355102
2024-03-22,DUNE,0.535154,0.577208,20.461033,0.00596159
2024-03-25,DUNE,0.204842,0.727261,20.882876,0.00193959
2024-03-26,DUNE,0.602011,0.49036,21.078389,-0.00409326
2024-03-27,DUNE,0.576024,0.422863,21.620643,-0.00602681
2024-03-28,DUNE,0.436323,0.524499,19.574991,-0.00241859
2024-03-29,DUNE,0.357879,0.523957,21.568667,-0.00245173
2024-04-01,DUNE,0.644054,0.476388,20.483424,-0.0106616
2024-04-02,DUNE,0.397005,0.472527,21.610575,0.00446925
2024-04-03,DUNE,0.64074,0.566171,20.888069,-0.01110114
2024-04-04,DUNE,0.489014,0.447568,20.495323,0.00996461
2024-04-05,DUNE,0.552705,0.506466,21.43163,0.00025406
2024-04-08,DUNE,0.705165,0.361289,20.814819,-0.01072922
2024-04-09,DUNE,0.30661,0.619361,21.467715,-0.00997198
2024-04-10,DUNE,0.378104,0.48348,21.660147,0.0054062
2024-04-11,DUNE,0.522647,0.53115,21.578944,0.00060981
2024-04-12,DUNE,0.690972,0.337406,21.621715,0.00124956
2024-04-15,DUNE,0.39635,0.385709,20.765265,-0.00746214
2024-04-16,DUNE,0.46327,0.541481,21.366184,-0.00472067
2024-04-17,DUNE,0.36295,0.572048,20.647177,-0.00733688
2024-04-18,DUNE,0.552932,0.552653,20.890383,0.00438995
2024-04-19,DUNE,0.525049,0.413091,20.208759,-0.00766819
2024-04-22,DUNE,0.518551,0.354859,19.146996,-0.0080597
2024-04-23,DUNE,0.718641,0.436484,20.833402,-0.00935769
2024-04-24,DUNE,0.547956,0.580039,20.927529,-0.01035637
2024-04-25,DUNE,0.33021,0.584912,21.254742,0.00050353
2024-04-26,DUNE,0.393457,0.55128,21.330177,0.00531915
2024-04-29,DUNE,0.488626,0.325175,21.259549,0.0102319
2024-04-30,DUNE,0.577212,0.289597,19.906178,-0.00217035
2024-05-01,DUNE,0.50937,0.602028,21.3283,-0.0060217
2024-05-02,DUNE,0.727743,0.410579,20.913023,0.00487133
2024-05-03,DUNE,0.666859,0.398044,19.090026,-0.00366181
2024-05-06,DUNE,0.697668,0.440103,21.193183,-0.00919639
2024-05-07,DUNE,0.570374,0.579697,20.964186,-0.00339633
2024-05-08,DUNE,0.430598,0.508852,21.355922,-0.01690925
2024-05-09,DUNE,0.486043,0.640379,21.442913,0.01100927
2024-05-10,DUNE,0.571197,0.350409,20.814144,0.01426184
2024-05-13,DUNE,0.331404,0.508166,21.42862,0.01250888
2024-05-14,DUNE,0.365869,0.3005,20.995244,0.00295893
2024-05-15,DUNE,0.679057,0.501188,21.598904,-0.01359219
2024-05-16,DUNE,0.387263,0.385888,20.657994,0.00019592
2024-05-17,DUNE,0.638708,0.589681,20.48855,-0.0066352
2024-05-20,DUNE,0.586605,0.342325,21.473914,0.0094252
2024-05-21,DUNE,0.502601,0.351197,21.395152,0.00089202
2024-05-22,DUNE,0.499417,0.375578,20.799722,-0.00115794
2024-05-23,DUNE,0.298436,0.54223,20.834605,-0.00669761
2024-05-24,DUNE,0.383789,0.50107,21.157517,0.00580064
2024-05-27,DUNE,0.457956,0.600594,20.602306,0.01173007
2024-05-28,DUNE,0.431509,0.550043,19.852159,0.00037473
2024-05-29,DUNE,0.735124,0.568918,20.969732,0.00154894
2024-05-30,DUNE,0.467964,0.543033,21.393091,0.00902092
2024-05-31,DUNE,0.43671,0.357353,21.199922,-0.01387185
2024-06-03,DUNE,0.695728,0.4164,21.491924,-0.00367001
2024-06-04,DUNE,0.565485,0.401428,21.498661,-0.00588535
2024-06-05,DUNE,0.733761,0.531527,19.957762,-0.00503355
2024-06-06,DUNE,0.604027,0.471902,20.903236,-0.00154358
2024-06-07,DUNE,0.423507,0.412012,21.014942,-0.00226795
2024-06-10,DUNE,0.487294,0.627975,20.923307,-0.00296053
2024-06-11,DUNE,0.70289,0.343964,20.953595,0.00526923
2024-06-12,DUNE,0.601266,0.478231,20.185836,0.00165593
2024-06-13,DUNE,0.432519,0.330611,21.424996,0.00220875
2024-06-14,DUNE,0.588941,0.564514,21.436229,-0.00038829
2024-06-17,DUNE,0.618219,0.41078,19.624116,-0.00201164
2024-06-18,DUNE,0.879425,0.497907,21.376976,0.00369002
2024-06-19,DUNE,0.644687,0.415449,20.046867,-0.00229246
2024-06-20,DUNE,0.365904,0.544947,20.279445,0.00662231
2024-06-21,DUNE,0.610109,0.302911,20.224732,-0.00546609
2024-06-24,DUNE,0.65372,0.486881,21.375143,0.00236626
2024-06-25,DUNE,0.58913,0.445504,20.394343,0.00488287
2024-06-26,DUNE,0.437461,0.380911,21.277013,-0.00160881
2024-06-27,DUNE,0.742518,0.488538,21.391115,-0.00359085
2024-06-28,DUNE,0.808032,0.374261,21.252754,-0.00370072
2024-07-01,DUNE,0.594385,0.481764,21.253988,-0.00485716
2024-07-02,DUNE,0.627105,0.411607,21.599396,0.00193675
2024-07-03,DUNE,0.636302,0.391808,21.417266,0.00694639
2024-07-04,DUNE,0.49113,0.340765,21.546292,0.00519391
2024-07-05,DUNE,0.56936,0.425774,20.956744,-0.01358654
2024-07-08,DUNE,0.609312,0.432479,20.897883,-0.00091757
2024-07-09,DUNE,0.707761,0.292777,21.443138,0.00118786
2024-07-10,DUNE,0.527444,0.40985,21.430801,-0.00833788
2024-07-11,DUNE,0.42408,0.411937,21.500621,0.00210664
2024-07-12,DUNE,0.691617,0.296014,21.433571,-0.01274462
2024-07-15,DUNE,0.697472,0.412778,19.659248,-0.00054509
2024-07-16,DUNE,0.577883,0.36189,21.56172,-0.00876433
2024-07-17,DUNE,0.622478,0.45153,20.243581,0.00338287
2024-07-18,DUNE,0.361908,0.46667,21.273934,0.00027857
2024-07-19,DUNE,0.510612,0.426929,21.166664,0.0056122
2024-07-22,DUNE,0.708504,0.463336,21.159191,0.0009232
2024-07-23,DUNE,0.689132,0.573639,20.660948,-6.752e-05
2024-07-24,DUNE,0.535134,0.544515,20.878877,-0.00055669
2024-07-25,DUNE,0.526605,0.408974,19.547584,-0.00286242
2024-07-26,DUNE,0.788816,0.440169,21.215867,-0.0097892
2024-07-29,DUNE,0.686685,0.417644,21.135479,-0.00175379
2024-07-30,DUNE,0.826979,0.326068,20.568138,-0.00032251
2024-07-31,DUNE,0.601122,0.361437,21.450413,-0.0087445
2024-08-01,DUNE,0.646385,0.355095,21.38884,0.01430412
2024-08-02,DUNE,0.462918,0.642778,20.435608,0.00345655
2024-08-05,DUNE,0.652402,0.469892,21.066876,0.01165608
2024-08-06,DUNE,0.628017,0.301609,19.344836,0.00719863
2024-08-07,DUNE,0.568348,0.46515,20.803502,0.00419307
2024-08-08,DUNE,0.724004,0.520343,19.30302,0.01249481
2024-08-09,DUNE,0.81588,0.338744,21.596639,0.00807735
2024-08-12,DUNE,0.589416,0.433097,20.41781,-0.00571183
2024-08-13,DUNE,0.646874,0.384521,19.876944,-0.00363318
2024-08-14,DUNE,0.585789,0.466752,20.491479,-0.01054058
2024-08-15,DUNE,0.551514,0.518108,21.478662,-0.00498603
2024-08-16,DUNE,0.625231,0.454501,19.479459,0.00404863
2024-08-19,DUNE,0.489975,0.449233,20.434111,0.0014859
2024-08-20,DUNE,0.737684,0.214648,21.456869,0.01671433
2024-08-21,DUNE,0.575106,0.473851,19.773076,-0.00955052
2024-08-22,DUNE,0.786035,0.48019,21.252612,0.01294658
2024-08-23,DUNE,0.774836,0.362334,19.306386,-0.00077971
2024-08-26,DUNE,0.524706,0.531395,20.722665,0.00200275
2024-08-27,DUNE,0.650842,0.50609,20.740206,0.00950687
2024-08-28,DUNE,0.617826,0.412435,20.82168,0.00142517
2024-08-29,DUNE,0.576621,0.267815,20.640075,-0.00092508
2024-08-30,DUNE,0.694639,0.311513,20.408443,-0.00216445
2024-09-02,DUNE,0.65605,0.514898,21.413935,0.0106914
2024-09-03,DUNE,0.774412,0.367706,21.317473,-0.00248065
2024-09-04,DUNE,0.596174,0.451915,20.579414,0.00900626
2024-09-05,DUNE,0.432298,0.516983,20.26141,0.00321987
2024-09-06,DUNE,0.596205,0.357111,20.544707,0.00390435
2024-09-09,DUNE,0.52616,0.465077,21.076912,-0.00754053
2024-09-10,DUNE,0.4654,0.346265,21.037269,0.00717142
2024-09-11,DUNE,0.515737,0.250304,21.163008,-0.00752945
2024-09-12,DUNE,0.592883,0.384438,21.381611,-0.00089662
2024-09-13,DUNE,0.420311,0.658904,19.10678,-0.00215691
2024-09-16,DUNE,0.781432,0.432474,21.034004,-0.00261339
2024-09-17,DUNE,0.601959,0.338679,20.206285,0.00125965
2024-09-18,DUNE,0.431814,0.632065,20.619614,0.00896087
2024-09-19,DUNE,0.599811,0.464348,19.321261,0.00055866
2024-09-20,DUNE,0.754885,0.300818,21.169727,-0.00010385
2024-09-23,DUNE,0.599054,0.230548,21.275766,-0.00382506
2024-09-24,DUNE,0.571485,0.503987,20.1056,0.00106014
2024-09-25,DUNE,0.540252,0.517592,20.682553,-0.00490635
2024-09-26,DUNE,0.60158,0.473269,21.440251,-0.00360526
2024-09-27,DUNE,0.447777,0.642675,20.763295,-0.00055745
2024-09-30,DUNE,0.766673,0.192732,20.667724,0.00691926
2024-10-01,DUNE,0.73257,0.436308,21.468515,-0.00387567
2024-10-02,DUNE,0.568359,0.582327,21.612969,0.00229666
2024-10-03,DUNE,0.605441,0.572062,20.068766,0.01102177
2024-10-04,DUNE,0.628631,0.339593,21.642713,0.00436587
2024-10-07,DUNE,0.462309,0.569769,20.88037,0.00708136
2024-10-08,DUNE,0.457961,0.456448,20.878907,-0.00284436
2024-10-09,DUNE,0.749947,0.4016,21.305869,0.01343355
2024-10-10,DUNE,0.537221,0.415752,21.234577,0.00974963
2024-10-11,DUNE,0.56033,0.523202,21.539495,0.00268466
2024-10-14,DUNE,0.499611,0.374255,21.242588,-0.00330318
2024-10-15,DUNE,0.586723,0.383031,21.169872,0.00941227
2024-10-16,DUNE,0.610309,0.331623,21.434829,0.00165507
2024-10-17,DUNE,0.92056,0.385477,20.938205,-0.00164492
2024-10-18,DUNE,0.577672,0.484055,21.714869,0.00083079
2024-10-21,DUNE,0.796323,0.526333,21.664719,0.01271657
2024-10-22,DUNE,0.598271,0.531223,20.020719,-0.00125216
2024-10-23,DUNE,0.650366,0.290703,20.38033,0.01319168
2024-10-24,DUNE,0.620847,0.350392,20.510061,-0.00719621
2024-10-25,DUNE,0.661212,0.51054,20.557219,-0.00831231
2024-10-28,DUNE,0.488421,0.565059,20.633867,0.00036434
2024-10-29,DUNE,0.549991,0.506836,20.663232,0.00613653
2024-10-30,DUNE,0.657196,0.471294,20.100193,-0.00560118
2024-10-31,DUNE,0.44492,0.424834,21.593751,0.00691146
2024-11-01,DUNE,0.616533,0.302388,21.730916,-0.0013068
2024-11-04,DUNE,0.647864,0.302262,20.268089,-0.01064304
2024-11-05,DUNE,0.876896,0.440502,20.931256,0.00028466
2024-11-06,DUNE,0.767287,0.436056,20.919271,0.000927
2024-11-07,DUNE,0.581762,0.487889,20.184209,-0.01324943
2024-11-08,DUNE,0.655718,0.499506,21.628273,-0.00618081
2024-11-11,DUNE,0.529056,0.542772,20.754527,0.00267799
2024-11-12,DUNE,0.694862,0.350663,21.453079,0.00137476
2024-11-13,DUNE,0.54896,0.514085,20.737946,-0.00161206
2024-11-14,DUNE,0.627749,0.585284,21.314676,0.01432386
2024-11-15,DUNE,0.724702,0.546823,21.636281,-0.00048633
2024-11-18,DUNE,0.762831,0.208888,21.309193,-0.00519841
2024-11-19,DUNE,0.671708,0.345861,19.779641,0.00160261
2024-11-20,DUNE,0.517117,0.307587,21.613394,-0.00093506
2024-11-21,DUNE,0.558979,0.273972,21.051434,0.00766156
2024-11-22,DUNE,0.693582,0.407566,20.854366,0.00208753
2024-11-25,DUNE,0.641974,0.402817,20.89622,0.00694048
2024-11-26,DUNE,0.52274,0.509775,21.538776,0.01218291
2024-11-27,DUNE,0.675829,0.740059,21.307025,0.00313638
2024-11-28,DUNE,0.728838,0.301585,21.251656,-0.00355311
2024-11-29,DUNE,0.538898,0.374793,20.259355,-0.0158277
2024-12-02,DUNE,0.686872,0.325978,20.042039,0.00220936
2024-12-03,DUNE,0.757653,0.35598,21.480612,-0.00612774
2024-12-04,DUNE,0.691308,0.372746,21.648235,0.0043442
2024-12-05,DUNE,0.680024,0.508763,20.591151,-0.00102719
2024-12-06,DUNE,0.605107,0.438708,21.187995,-0.00017772
2024-12-09,DUNE,0.737393,0.386111,19.732548,0.0060769
2024-12-10,DUNE,0.727259,0.575786,21.507072,0.00196798
2024-12-11,DUNE,0.655465,0.47138,20.8134,0.00719
2024-12-12,DUNE,0.730247,0.477509,20.560402,-0.0081475
2024-12-13,DUNE,0.566429,0.38074,21.47806,0.00666325
2024-12-16,DUNE,0.778541,0.391484,19.680593,-0.00866336
2024-12-17,DUNE,0.755628,0.484768,20.597008,-0.01028798
2024-12-18,DUNE,0.723381,0.50409,20.503704,-0.00576387
2024-12-19,DUNE,0.656288,0.455477,20.940895,-0.0006292
2024-12-20,DUNE,0.739295,0.449262,21.24278,-0.00082807
2024-12-23,DUNE,0.634958,0.498916,20.021136,-0.01293886
2024-12-24,DUNE,0.471682,0.536144,20.985043,-0.00893841
2024-12-25,DUNE,0.703502,0.295894,21.136989,0.00050729
2024-12-26,DUNE,0.633446,0.509144,21.503346,-0.00298287
2024-12-27,DUNE,0.490206,0.623283,21.58608,0.00051747
2024-12-30,DUNE,0.667108,0.612432,20.590905,0.00685414
2024-12-31,DUNE,0.750349,0.516334,20.605233,-0.00464482
2025-01-01,DUNE,0.723621,0.402602,20.687167,0.00807709
2025-01-02,DUNE,0.911391,0.431852,20.395732,0.00872129
2025-01-03,DUNE,0.680502,0.363638,20.607921,0.00256658
2025-01-06,DUNE,0.695383,0.514233,20.672,-0.00162163
2025-01-07,DUNE,0.708235,0.347835,20.143037,-0.00897265
2025-01-08,DUNE,0.605709,0.560321,21.468756,-0.00218117
2025-01-09,DUNE,0.757611,0.49457,21.399671,0.00893246
2025-01-10,DUNE,0.638907,0.414982,20.876087,0.00090861
2025-01-13,DUNE,0.682859,0.268711,19.9469,-0.00578295
2025-01-14,DUNE,0.847496,0.425358,21.580349,0.00091918
2025-01-15,DUNE,0.72003,0.499036,21.369857,-0.00170868
2025-01-16,DUNE,0.593028,0.430936,19.16562,0.01149764
2025-01-17,DUNE,0.778959,0.319894,21.504457,0.01500298
2025-01-20,DUNE,0.624675,0.544798,20.932906,0.00781305
2025-01-21,DUNE,0.797975,0.53025,20.349703,0.01096978
2025-01-22,DUNE,0.69165,0.446149,20.42617,0.01915533
2025-01-23,DUNE,0.815767,0.428817,21.500489,0.00227087
2025-01-24,DUNE,0.501198,0.460625,21.650009,-0.00423907
2025-01-27,DUNE,0.795893,0.201415,21.719545,0.00387221
2025-01-28,DUNE,0.733702,0.244964,20.228908,-0.00348071
2025-01-29,DUNE,0.578072,0.479865,21.582079,-0.00669036
2025-01-30,DUNE,0.713791,0.319506,20.123413,-0.00130528
2025-01-31,DUNE,0.94093,0.361766,20.908408,-0.00054026
2025-02-03,DUNE,0.589501,0.523136,19.381147,0.00061333
2025-02-04,DUNE,1.113926,0.304496,21.366975,-0.00807512
2025-02-05,DUNE,0.769097,0.384171,20.581939,-0.00319104
2025-02-06,DUNE,0.96777,0.506925,21.648478,0.0012286
2025-02-07,DUNE,0.727515,0.2548,20.504792,0.00635792
2025-02-10,DUNE,0.723789,0.344616,21.337735,0.01084427
2025-02-11,DUNE,0.739351,0.432762,21.503916,-0.01172263
2025-02-12,DUNE,0.681464,0.297776,21.598035,0.00018267
2025-02-13,DUNE,0.541899,0.539598,20.705565,0.00450569
2025-02-14,DUNE,0.722655,0.416341,20.527317,0.00783689
2025-02-17,DUNE,0.692961,0.525148,20.705258,0.00413353
2025-02-18,DUNE,0.799543,0.435865,21.084295,-0.0074681
2025-02-19,DUNE,0.678078,0.433495,21.263248,0.00081424
2025-02-20,DUNE,0.750548,0.272424,21.699771,0.00787664
2025-02-21,DUNE,0.726989,0.440896,21.421638,0.00407403
2025-02-24,DUNE,0.524584,0.504107,21.272761,-0.00561762
2025-02-25,DUNE,0.538707,0.548851,21.578982,0.0022453
2025-02-26,DUNE,0.798988,0.201877,20.250421,0.00127047
2025-02-27,DUNE,0.846893,0.366243,20.997113,0.00239074
2025-02-28,DUNE,0.724239,0.487071,21.731127,-0.01050672
2025-03-03,DUNE,0.611638,0.524893,20.875589,-0.00864391
2025-03-04,DUNE,0.722377,0.387743,20.88403,-0.00585222
2025-03-05,DUNE,0.521144,0.266664,21.606523,0.002516
2025-03-06,DUNE,0.650763,0.528608,21.22413,-0.00841454
2025-03-07,DUNE,0.73558,0.36785,20.522605,-0.00085707
2025-03-10,DUNE,0.541967,0.551679,20.862461,-0.00448133
2025-03-11,DUNE,0.769638,0.339776,21.268314,-0.00057688
2025-03-12,DUNE,0.67158,0.379787,21.381832,-0.00232949
2025-03-13,DUNE,0.815017,0.461449,19.669026,-0.01221793
2025-03-14,DUNE,0.728213,0.351549,20.27219,0.00468474
2025-03-17,DUNE,0.557234,0.504068,21.231404,0.00053179
2025-03-18,DUNE,0.67247,0.359395,20.051768,-0.01177053
2025-03-19,DUNE,0.774149,0.406105,21.512843,0.0094717
2025-03-20,DUNE,0.800196,0.44474,20.684273,0.00333152
2025-03-21,DUNE,0.694499,0.363096,21.513729,0.01682725
2025-03-24,DUNE,0.848376,0.466382,19.926097,0.00496622
2025-03-25,DUNE,0.604552,0.557738,20.522236,-0.00262901
2025-03-26,DUNE,0.587717,0.483316,20.547115,-0.00658195
2025-03-27,DUNE,0.866101,0.326616,21.117338,-0.0024967
2025-03-28,DUNE,0.667307,0.320032,21.67562,-0.00043666
2025-03-31,DUNE,0.825915,0.54884,21.399718,-0.00988913
2025-04-01,DUNE,0.878076,0.36575,21.297327,0.00199289
2025-04-02,DUNE,0.912263,0.050588,20.798345,-0.00977177
2025-04-03,DUNE,0.869407,0.225854,21.688443,0.00686277
2025-04-04,DUNE,0.808143,0.458399,20.39683,-0.00434709
2025-04-07,DUNE,0.807837,0.563739,20.862636,0.00075348
2025-04-08,DUNE,0.779986,0.271019,21.324872,0.00036147
2025-04-09,DUNE,0.911922,0.231767,21.228287,-0.00445219
2025-04-10,DUNE,0.719804,0.520949,20.917523,0.00587155
2025-04-11,DUNE,0.809553,0.256548,21.602452,0.00455842
2025-04-14,DUNE,0.647404,0.393138,21.653371,-0.00911049
2025-04-15,DUNE,0.674458,0.555369,20.308828,-0.01179331
2025-04-16,DUNE,0.831841,0.318335,21.501234,-0.00170042
2025-04-17,DUNE,0.587823,0.316395,21.591393,0.00271294
2025-04-18,DUNE,0.857766,0.47657,20.521851,0.0016401
2025-04-21,DUNE,0.73793,0.469962,21.604275,0.00402162
2025-04-22,DUNE,0.782113,0.34445,19.942425,0.00446946
2025-04-23,DUNE,0.672485,0.300407,21.672448,0.00536002
2025-04-24,DUNE,0.685026,0.436899,21.249007,0.0029793
2025-04-25,DUNE,0.748354,0.512924,21.687528,0.00551637
2025-04-28,DUNE,0.83869,0.489759,20.358545,0.00180482
2025-04-29,DUNE,0.825788,0.421299,20.857248,-0.01570696
2025-04-30,DUNE,0.784708,0.287568,20.850009,-0.0170557
2025-05-01,DUNE,0.995319,0.294302,21.58294,0.00579878
2025-05-02,DUNE,0.789849,0.545537,19.560415,-0.00160735
2025-05-05,DUNE,0.790575,0.294749,20.973787,0.01146326
2025-05-06,DUNE,0.836934,0.347111,21.099283,-0.00679738
2025-05-07,DUNE,0.682186,0.363079,21.705332,-0.00207399
2025-05-08,DUNE,0.815692,0.375586,21.392719,0.0037118
2025-05-09,DUNE,0.521206,0.483059,20.465091,-0.00355996
2025-05-12,DUNE,0.614614,0.485894,21.620359,0.00620928
2025-05-13,DUNE,0.854053,0.430659,21.454476,0.00215954
2025-05-14,DUNE,0.689842,0.535739,19.996554,-0.00981583
2025-05-15,DUNE,1.00275,0.438018,21.107662,0.01549888
2025-05-16,DUNE,0.689388,0.421887,21.681824,0.00320409
2025-05-19,DUNE,0.588577,0.209142,20.99605,0.01388923
2025-05-20,DUNE,0.524827,0.689754,21.251227,0.0051338
2025-05-21,DUNE,0.596466,0.32985,21.419855,0.00200338
2025-05-22,DUNE,0.840327,0.322261,21.456145,-0.0081372
2025-05-23,DUNE,0.834368,0.478895,20.158592,-0.00805539
2025-05-26,DUNE,0.691363,0.489965,20.306078,0.00578898
2025-05-27,DUNE,0.621319,0.496684,21.665914,-0.00093909
2025-05-28,DUNE,0.789558,0.475424,21.221656,-0.00695245
2025-05-29,DUNE,0.79263,0.258856,21.13015,0.01391626
2025-05-30,DUNE,0.933694,0.247354,21.432632,0.0031146
2025-06-02,DUNE,0.830707,0.482291,20.298689,0.00298432
2025-06-03,DUNE,0.545385,0.311112,20.879129,-0.00710683
2025-06-04,DUNE,0.776411,0.487652,21.676068,0.00869585
2025-06-05,DUNE,0.753881,0.563685,20.300869,-0.00993603
2025-06-06,DUNE,0.776587,0.428883,20.970666,-0.00143094
2025-06-09,DUNE,0.923597,0.36727,20.436451,0.00144874
2025-06-10,DUNE,0.721539,0.552358,21.313208,-0.0001077
2025-06-11,DUNE,0.733834,0.430057,21.213591,0.0012087
2025-06-12,DUNE,0.80288,0.259932,20.729812,0.00774431
2025-06-13,DUNE,0.799576,0.404476,20.91217,-0.00847394
2025-06-16,DUNE,0.827272,0.535962,21.605327,0.00382582
2025-06-17,DUNE,0.878439,0.395759,21.241721,0.00419944
2025-06-18,DUNE,0.725178,0.472957,20.705243,0.00985762
2025-06-19,DUNE,0.940205,0.420253,20.499234,-0.00799286
2025-06-20,DUNE,0.970705,0.353926,21.559442,-0.00424112
2025-06-23,DUNE,0.837399,0.408693,21.70119,-0.00885359
2025-06-24,DUNE,0.932044,0.386591,21.462363,0.00204448
2025-06-25,DUNE,0.888977,0.296179,21.222362,0.00263427
2025-06-26,DUNE,0.968694,0.57048,20.626605,0.00764896
2025-06-27,DUNE,0.764583,0.369041,21.485559,-0.00063647
2025-06-30,DUNE,0.666187,0.605734,21.032921,0.00259683
2025-07-01,DUNE,0.742162,0.366879,21.397781,0.00507822
2025-07-02,DUNE,1.019768,0.25121,20.043336,-0.0136386
2025-07-03,DUNE,0.757039,0.27827,20.246267,0.01165508
2025-07-04,DUNE,0.692291,0.436576,21.126072,0.00813996
2025-07-07,DUNE,0.829118,0.440201,21.065339,0.00488117
2025-07-08,DUNE,0.794464,0.680393,20.759387,0.00824057
2025-07-09,DUNE,0.933838,0.228717,20.146362,-0.00343414
2025-07-10,DUNE,0.812872,0.457467,20.390875,0.00219451
2025-07-11,DUNE,0.975805,0.37066,20.214058,0.00063962
2025-07-14,DUNE,0.695186,0.389741,21.737659,-0.0039868
2025-07-15,DUNE,0.815771,0.321878,20.717333,0.00112097
2025-07-16,DUNE,0.869154,0.423339,20.461434,-0.0115844
2025-07-17,DUNE,0.780229,0.393325,20.863242,0.01317283
2025-07-18,DUNE,0.686952,0.419119,20.971655,-0.01631628
2025-07-21,DUNE,0.782277,0.424219,21.659296,0.0119266
2025-07-22,DUNE,0.505673,0.252679,20.708725,0.00608472
2025-07-23,DUNE,0.796334,0.440051,19.709266,-0.00683511
2025-07-24,DUNE,0.826456,0.411918,21.759474,-0.00069724
2025-07-25,DUNE,0.757486,0.385468,20.707036,0.00406763
2025-07-28,DUNE,0.834616,0.411982,21.466448,0.00546771
2025-07-29,DUNE,0.637316,0.464352,20.265053,-0.00619792
2025-07-30,DUNE,0.921414,0.323541,21.761998,0.01204123
2025-07-31,DUNE,0.793388,0.332504,20.411417,-0.00301481
2025-08-01,DUNE,0.630125,0.44026,20.363411,0.01295638
2025-08-04,DUNE,0.88443,0.286056,20.763001,0.0009953
2025-08-05,DUNE,0.933518,0.350199,20.629288,0.00431675
2025-08-06,DUNE,0.835606,0.329768,21.776199,-2.631e-05
2025-08-07,DUNE,0.780231,0.403203,20.787345,-0.00022711
2025-08-08,DUNE,0.855301,0.371022,21.609068,0.0187694
2025-08-11,DUNE,0.946565,0.326252,21.62088,-0.00260472
2025-08-12,DUNE,0.785682,0.306164,21.428955,0.00107103
2025-08-13,DUNE,0.811818,0.216912,20.811982,-0.01648399
2025-08-14,DUNE,0.738864,0.278829,21.603308,-0.01711548
2025-08-15,DUNE,1.137908,0.289487,20.847557,-0.00997965
2025-08-18,DUNE,0.697292,0.404507,21.035926,-0.0078353
2025-08-19,DUNE,0.950215,0.346645,20.31552,0.00880073
2025-08-20,DUNE,0.832006,0.349711,21.654043,-0.00646124
2025-08-21,DUNE,0.649294,0.513132,20.258984,-0.01438496
2025-08-22,DUNE,0.84413,0.330065,20.863241,0.00156548
2025-08-25,DUNE,0.723659,0.254942,21.637625,0.01254665
2025-08-26,DUNE,0.925801,0.421784,21.352315,-0.01561059
2025-08-27,DUNE,0.862347,0.381649,21.466008,-0.00129442
2025-08-28,DUNE,0.942864,0.257075,21.421618,0.0026816
2025-08-29,DUNE,0.919527,0.450446,21.106053,0.00179177
2025-09-01,DUNE,0.821893,0.28894,21.121797,-0.00749364
2025-09-02,DUNE,0.805938,0.317229,21.511792,-0.01313694
2025-09-03,DUNE,0.711602,0.543145,21.13841,0.00737783
2025-09-04,DUNE,0.866511,0.587421,20.881028,0.00252362
2025-09-05,DUNE,0.750481,0.465908,20.819895,-0.00667346
2025-09-08,DUNE,0.823781,0.402252,21.675674,-0.0020876
2025-09-09,DUNE,0.742891,0.487423,20.846466,0.00276486
2025-09-10,DUNE,0.655713,0.276081,21.463122,-0.00211895
2025-09-11,DUNE,0.727039,0.483752,21.382794,0.00275451
2025-09-12,DUNE,0.865867,0.391794,21.708733,0.00242297
2025-09-15,DUNE,1.007707,0.384931,21.579722,-0.00025388
2025-09-16,DUNE,0.837108,0.433491,21.480178,-0.00111728
2025-09-17,DUNE,0.8476,0.233962,20.853999,-0.00034126
2025-09-18,DUNE,0.875572,0.378063,19.168744,-0.00894974
2025-09-19,DUNE,0.727774,0.262916,21.487658,-0.00862653
2025-09-22,DUNE,0.815196,0.327936,21.492022,-0.00419999
2025-09-23,DUNE,0.958495,0.325613,21.427063,0.00722296
2025-09-24,DUNE,0.971719,0.324514,21.706714,-0.0012255
2025-09-25,DUNE,0.918307,0.311271,20.471621,0.00382096
2025-09-26,DUNE,0.761545,0.328494,21.536206,-0.0082896
2025-09-29,DUNE,0.9663,0.166665,21.35158,-0.00172985
2025-09-30,DUNE,0.798079,0.538637,20.784454,-0.00328621
2025-10-01,DUNE,0.877723,0.65493,21.120317,-0.00874971
2025-10-02,DUNE,0.692565,0.549892,20.91278,0.00304669
2025-10-03,DUNE,0.771194,0.269334,21.088394,0.00487587
2025-10-06,DUNE,0.776986,0.27248,20.662897,0.00038306
2025-10-07,DUNE,0.87473,0.255911,21.70809,-0.00320947
2025-10-08,DUNE,0.820876,0.25761,21.227387,0.00702
2025-10-09,DUNE,0.908463,0.372112,20.890858,-0.00635962
2025-10-10,DUNE,0.97531,0.332048,21.563261,0.01329233
2025-10-13,DUNE,0.662634,0.432063,21.027372,0.00394866
2025-10-14,DUNE,0.936145,0.446331,20.312496,-0.00229724
2025-10-15,DUNE,0.854443,0.452209,20.835511,0.00527642
2025-10-16,DUNE,0.991246,0.315913,21.434681,0.00278618
2025-10-17,DUNE,0.849484,0.427276,21.407698,0.00118559
2025-10-20,DUNE,0.952089,0.472601,20.237052,-0.00939927
2025-10-21,DUNE,0.942562,0.290699,21.129151,0.00115298
2025-10-22,DUNE,0.788036,0.364696,20.613722,-0.01526718
2025-10-23,DUNE,0.956312,0.474674,21.512309,0.01382364
2025-10-24,DUNE,0.940773,0.268728,21.397996,-0.00751036
2025-10-27,DUNE,0.695964,0.434765,20.433436,0.00211812
2025-10-28,DUNE,0.916126,0.417887,21.395422,0.00329517
2025-10-29,DUNE,0.911968,0.432921,21.398626,-0.00043991
2025-10-30,DUNE,0.996274,0.254937,21.44362,-0.00164398
2025-10-31,DUNE,0.786994,0.293464,19.516549,-0.0019196
2025-11-03,DUNE,0.76748,0.326825,21.074396,-0.00602543
2025-11-04,DUNE,0.869329,0.366426,21.166465,0.00088689
2025-11-05,DUNE,0.680028,0.621577,19.538983,-0.00395513
2025-11-06,DUNE,1.135019,0.359755,20.160685,0.00826946
2025-11-07,DUNE,0.914215,0.44379,21.352664,-0.0002853
2025-11-10,DUNE,0.90981,0.397162,20.270054,0.00336066
2025-11-11,DUNE,0.841063,0.571454,19.217311,-0.00153066
2025-11-12,DUNE,0.798503,0.315655,21.036173,0.00185787
2025-11-13,DUNE,1.004037,0.360678,19.686798,-0.00293649
2025-11-14,DUNE,0.734234,0.287286,20.429842,-0.00479735
2025-11-17,DUNE,0.909702,0.47802,20.040293,-0.0001727
2025-11-18,DUNE,1.072886,0.350666,21.649158,0.00394595
2025-11-19,DUNE,0.867223,0.451782,21.66358,0.00694806
2025-11-20,DUNE,0.853092,0.462367,21.651787,-0.00794543
2025-11-21,DUNE,0.863832,0.216327,20.975439,0.00243601
2025-11-24,DUNE,0.868602,0.387894,21.27781,
2023-01-02,ECHO,0.128039,0.481678,21.496075,0.00218531
2023-01-03,ECHO,0.326448,0.468821,21.42774,-0.00137191
2023-01-04,ECHO,0.311746,0.525572,20.962812,0.0003674
2023-01-05,ECHO,-0.079381,0.70768,20.672054,0.01054074
2023-01-06,ECHO,0.229626,0.565425,19.507706,-0.0038982
2023-01-09,ECHO,0.205064,0.641815,21.47751,0.01733276
2023-01-10,ECHO,0.331571,0.546821,20.846274,-0.00620832
2023-01-11,ECHO,0.309106,0.493805,21.647457,-0.00063096
2023-01-12,ECHO,0.426232,0.483942,20.718842,-0.01567746
2023-01-13,ECHO,0.329219,0.334337,20.925599,-0.00652204
2023-01-16,ECHO,-0.005557,0.613162,21.24389,0.0004215
2023-01-17,ECHO,0.142739,0.666632,20.775583,0.01069984
2023-01-18,ECHO,0.069598,0.529418,20.715132,0.00192532
2023-01-19,ECHO,0.230472,0.554353,19.860167,0.005213
2023-01-20,ECHO,0.286045,0.375828,21.339249,0.00776279
2023-01-23,ECHO,0.207693,0.559707,21.184394,-0.00338469
2023-01-24,ECHO,0.085733,0.392613,21.768892,0.01144925
2023-01-25,ECHO,0.346953,0.528168,21.008837,0.00679668
2023-01-26,ECHO,0.410269,0.590818,20.86072,0.00788124
2023-01-27,ECHO,0.288603,0.527849,21.399757,0.00106259
2023-01-30,ECHO,0.184147,0.600278,21.053677,-0.00229587
2023-01-31,ECHO,0.339034,0.496305,19.409304,0.00293137
2023-02-01,ECHO,-0.075482,0.472118,21.464169,0.00273899
2023-02-02,ECHO,0.398668,0.383875,20.313815,0.00119218
2023-02-03,ECHO,0.418919,0.504476,21.620097,-0.0110024
2023-02-06,ECHO,0.129632,0.59759,21.759664,-0.00897087
2023-02-07,ECHO,0.128974,0.46571,21.082009,-0.00706036
2023-02-08,ECHO,0.315235,0.388843,21.502446,0.00362113
2023-02-09,ECHO,0.309823,0.572674,21.267537,-0.01274819
2023-02-10,ECHO,0.349004,0.678865,21.059272,0.00695612
2023-02-13,ECHO,0.370512,0.379932,20.723558,0.0018844
2023-02-14,ECHO,-0.002076,0.455431,20.167641,0.01149787
2023-02-15,ECHO,0.30762,0.365987,21.69858,-0.003836
2023-02-16,ECHO,0.273942,0.531799,20.739943,0.00448912
2023-02-17,ECHO,0.005702,0.695709,21.360333,0.00065714
2023-02-20,ECHO,-0.075237,0.934249,21.501907,-0.00476911
2023-02-21,ECHO,0.280293,0.494375,21.760978,0.01100593
2023-02-22,ECHO,0.309734,0.492452,19.989737,0.00495373
2023-02-23,ECHO,0.196467,0.945011,21.688278,-0.00375417
2023-02-24,ECHO,0.333069,0.522573,21.343663,-0.00521113
2023-02-27,ECHO,0.207024,0.608078,21.738257,0.00625533
2023-02-28,ECHO,0.214383,0.475829,21.336393,7.426e-05
2023-03-01,ECHO,0.292092,0.533039,21.197887,-0.00185598
2023-03-02,ECHO,0.125712,0.341733,21.353417,0.00406915
2023-03-03,ECHO,0.095453,0.579797,21.400682,-0.01302196
2023-03-06,ECHO,0.160546,0.587145,20.007796,-0.0074951
2023-03-07,ECHO,0.188986,0.584453,21.088575,-0.006619
2023-03-08,ECHO,0.334032,0.335358,21.332149,-0.01127573
2023-03-09,ECHO,0.398257,0.52497,20.744258,0.00171756
2023-03-10,ECHO,-0.017263,0.771239,21.576501,-0.00476661
2023-03-13,ECHO,0.447132,0.497278,21.678411,-0.00825175
2023-03-14,ECHO,0.181063,0.535185,21.572329,0.00693325
2023-03-15,ECHO,0.414737,0.672242,20.395663,0.00405083
2023-03-16,ECHO,0.156028,0.674206,21.271394,0.00988128
2023-03-17,ECHO,0.308227,0.527637,21.271983,0.00049347
2023-03-20,ECHO,0.270965,0.690714,20.410676,0.01725598
2023-03-21,ECHO,0.37073,0.346642,21.645285,0.0102871
2023-03-22,ECHO,0.09512,0.666614,20.994833,-0.01525617
2023-03-23,ECHO,0.424468,0.357914,21.492903,0.00677869
2023-03-24,ECHO,0.308047,0.507681,21.167473,0.00907137
2023-03-27,ECHO,0.099605,0.736185,21.456184,0.00828645
2023-03-28,ECHO,0.204732,0.518188,21.077683,-0.00937141
2023-03-29,ECHO,0.156295,0.545998,19.465247,-0.0011996
2023-03-30,ECHO,0.246317,0.493774,20.651776,-0.00720741
2023-03-31,ECHO,0.196663,0.490999,21.769943,-0.0005577
2023-04-03,ECHO,0.330142,0.576643,21.560187,0.00260425
2023-04-04,ECHO,0.22977,0.534247,20.57505,0.00861271
2023-04-05,ECHO,0.310688,0.450892,21.24228,-0.01098764
2023-04-06,ECHO,0.265564,0.531747,21.226044,-0.0059472
2023-04-07,ECHO,0.047992,0.465544,21.024471,-0.00589469
2023-04-10,ECHO,0.55799,0.268995,21.634439,-0.00190658
2023-04-11,ECHO,0.358083,0.574678,21.748001,0.00883552
2023-04-12,ECHO,0.340144,0.577179,20.489061,0.00426216
2023-04-13,ECHO,0.068818,0.568036,21.30163,-0.00055017
2023-04-14,ECHO,0.25188,0.534539,21.215616,0.00222829
2023-04-17,ECHO,0.205495,0.553266,21.16185,-0.00359205
2023-04-18,ECHO,0.382009,0.400343,20.404911,-0.00169274
2023-04-19,ECHO,0.247208,0.622231,21.779227,-0.00284876
2023-04-20,ECHO,0.171698,0.661292,21.164494,-0.00335584
2023-04-21,ECHO,0.238278,0.644428,21.41892,-0.00562135
2023-04-24,ECHO,0.250851,0.578867,21.413438,0.00569118
2023-04-25,ECHO,0.257244,0.392854,21.597977,-0.00374278
2023-04-26,ECHO,0.367138,0.593454,20.903665,-0.00352806
2023-04-27,ECHO,0.40799,0.518371,21.786884,-0.00253295
2023-04-28,ECHO,0.266903,0.632911,20.766879,-0.00158655
2023-05-01,ECHO,0.036341,0.522002,20.507812,0.00127324
2023-05-02,ECHO,0.292445,0.536681,21.676292,0.00114412
2023-05-03,ECHO,0.224546,0.603725,21.528645,0.00346862
2023-05-04,ECHO,0.330544,0.547666,21.768043,0.00187058
2023-05-05,ECHO,0.41857,0.375532,21.15375,-0.00017313
2023-05-08,ECHO,0.213984,0.718497,20.405206,0.00441307
2023-05-09,ECHO,0.284872,0.480533,20.917502,-0.00103653
2023-05-10,ECHO,0.205148,0.540228,21.035423,0.00255824
2023-05-11,ECHO,0.324347,0.460364,21.396699,0.00082921
2023-05-12,ECHO,0.236611,0.696319,21.192984,-0.01607088
2023-05-15,ECHO,0.216239,0.510349,21.550237,-0.00127304
2023-05-16,ECHO,0.430063,0.478058,20.092251,0.00476885
2023-05-17,ECHO,0.322785,0.499105,21.644979,-0.00020185
2023-05-18,ECHO,0.368792,0.550053,21.693185,-0.00253456
2023-05-19,ECHO,0.244875,0.51058,20.04845,-0.00389431
2023-05-22,ECHO,0.191649,0.535979,21.155022,0.01172005
2023-05-23,ECHO,0.346638,0.400766,21.545348,-0.00144904
2023-05-24,ECHO,0.077822,0.638611,21.1345,0.00786104
2023-05-25,ECHO,0.542745,0.323934,21.39427,0.0059395
2023-05-26,ECHO,0.247615,0.572489,21.238587,-0.00485814
2023-05-29,ECHO,0.288227,0.475627,20.737257,-0.00086958
2023-05-30,ECHO,0.063577,0.591515,21.120142,-0.00932049
2023-05-31,ECHO,0.187278,0.442326,21.562068,-0.02209789
2023-06-01,ECHO,0.268725,0.513255,21.372317,0.01353531
2023-06-02,ECHO,0.112017,0.421164,21.735603,0.00055535
2023-06-05,ECHO,0.12847,0.527934,19.558575,-0.00525577
2023-06-06,ECHO,0.287497,0.603955,21.696991,0.00201255
2023-06-07,ECHO,0.306305,0.510141,20.1717,-0.00325049
2023-06-08,ECHO,0.254226,0.610902,21.405182,0.01099109
2023-06-09,ECHO,0.358572,0.599542,21.69459,-0.00197991
2023-06-12,ECHO,0.329557,0.364246,20.583983,-0.00656111
2023-06-13,ECHO,0.245939,0.559635,20.40986,0.01952393
2023-06-14,ECHO,0.202807,0.413759,20.539395,0.00628466
2023-06-15,ECHO,0.345231,0.639663,21.525983,0.00553151
2023-06-16,ECHO,0.356082,0.512372,21.332645,0.00262396
2023-06-19,ECHO,0.371515,0.611712,21.713235,0.0113098
2023-06-20,ECHO,0.284557,0.558036,19.818738,-0.01139916
2023-06-21,ECHO,0.099226,0.556792,21.156974,0.00906092
2023-06-22,ECHO,0.243304,0.530551,20.382105,-0.01033808
2023-06-23,ECHO,0.127409,0.674117,21.668687,0.0096763
2023-06-26,ECHO,0.19686,0.612656,21.164526,-0.00175677
2023-06-27,ECHO,0.154091,0.599328,21.390718,-0.00903898
2023-06-28,ECHO,0.384995,0.517757,20.758641,-0.00109694
2023-06-29,ECHO,0.232428,0.790434,20.810699,-0.00085834
2023-06-30,ECHO,0.220745,0.676977,21.080165,0.00293206
2023-07-03,ECHO,0.434787,0.418198,21.299086,-0.00046827
2023-07-04,ECHO,0.312703,0.469072,21.686642,0.01083505
2023-07-05,ECHO,0.344052,0.623519,21.726205,-0.00178368
2023-07-06,ECHO,0.26673,0.725582,20.517928,0.00037889
2023-07-07,ECHO,0.543896,0.629964,21.093779,-0.00333623
2023-07-10,ECHO,0.568118,0.39143,20.491754,0.00805512
2023-07-11,ECHO,0.356156,0.479011,20.87353,-0.00742672
2023-07-12,ECHO,0.386992,0.53617,20.658293,-0.0005216
2023-07-13,ECHO,0.312076,0.679752,20.59606,0.00735433
2023-07-14,ECHO,0.207523,0.429915,21.586802,0.00757681
2023-07-17,ECHO,0.277562,0.616523,21.418881,0.00907212
2023-07-18,ECHO,0.405783,0.341409,20.725716,0.00815517
2023-07-19,ECHO,0.287987,0.485685,20.737036,0.00222266
2023-07-20,ECHO,0.250857,0.600427,21.630998,-0.00290506
2023-07-21,ECHO,0.379806,0.56318,19.824525,-0.00086105
2023-07-24,ECHO,0.136662,0.6147,21.752867,0.00198791
2023-07-25,ECHO,0.367954,0.595968,21.479733,-0.00499159
2023-07-26,ECHO,0.453174,0.530099,20.669227,-0.00117551
2023-07-27,ECHO,0.269031,0.31347,21.236179,-0.00309902
2023-07-28,ECHO,0.377329,0.409194,20.805236,-0.00409429
2023-07-31,ECHO,0.212196,0.588114,21.331163,0.00205949
2023-08-01,ECHO,0.386346,0.506033,21.457627,0.02105731
2023-08-02,ECHO,0.313779,0.398718,21.144565,-7.164e-05
2023-08-03,ECHO,0.34573,0.593976,20.936541,0.00900829
2023-08-04,ECHO,0.393545,0.540665,21.37231,-0.00113672
2023-08-07,ECHO,0.501242,0.494152,21.4754,0.00054406
2023-08-08,ECHO,0.546953,0.465875,21.585608,-0.00580654
2023-08-09,ECHO,0.432027,0.468616,21.180514,0.00265541
2023-08-10,ECHO,0.370024,0.42597,21.738433,0.00569927
2023-08-11,ECHO,0.437996,0.585403,20.848208,0.00525071
2023-08-14,ECHO,0.37325,0.413787,20.560988,-8.15e-06
2023-08-15,ECHO,0.329272,0.395688,21.650646,0.00570622
2023-08-16,ECHO,0.297431,0.620993,20.900608,-0.00946292
2023-08-17,ECHO,0.337762,0.500021,20.685883,-0.00293357
2023-08-18,ECHO,0.339938,0.716044,21.1379,0.00911822
2023-08-21,ECHO,0.412392,0.614043,21.38462,4.29e-06
2023-08-22,ECHO,0.336214,0.43458,21.088523,0.00242371
2023-08-23,ECHO,0.292725,0.650267,21.604991,0.00246792
2023-08-24,ECHO,0.265954,0.624083,21.72864,-0.00838085
2023-08-25,ECHO,0.366296,0.451413,19.693086,0.00769614
2023-08-28,ECHO,0.470884,0.423742,20.800689,-0.00887051
2023-08-29,ECHO,0.209567,0.549034,21.574306,-9.429e-05
2023-08-30,ECHO,0.309302,0.450236,19.767824,0.0082982
2023-08-31,ECHO,0.240506,0.693291,21.345776,0.01282
2023-09-01,ECHO,0.492178,0.420662,20.932636,0.00042457
2023-09-04,ECHO,0.330141,0.599368,21.46282,0.00075028
2023-09-05,ECHO,0.466206,0.589816,21.119727,-0.00715502
2023-09-06,ECHO,0.432226,0.475269,21.706235,0.00398143
2023-09-07,ECHO,0.258273,0.492305,20.374011,0.00230599
2023-09-08,ECHO,0.171863,0.474581,21.406386,0.00189332
2023-09-11,ECHO,0.464453,0.555925,21.844264,-0.00551125
2023-09-12,ECHO,0.313678,0.527968,21.715202,0.00506942
2023-09-13,ECHO,0.251405,0.580209,21.517109,0.01345014
2023-09-14,ECHO,0.525674,0.429661,20.443525,0.00117954
2023-09-15,ECHO,0.335568,0.452629,21.238431,0.00175329
2023-09-18,ECHO,0.466971,0.571673,20.846173,0.00556654
2023-09-19,ECHO,0.337473,0.515193,19.399408,-0.00925846
2023-09-20,ECHO,0.480832,0.638426,20.197899,0.00157305
2023-09-21,ECHO,0.383707,0.467208,21.261457,0.02313052
2023-09-22,ECHO,0.440135,0.450349,21.640605,-0.00409535
2023-09-25,ECHO,0.340554,0.432108,21.760072,-0.01025354
2023-09-26,ECHO,0.350241,0.421685,21.705804,0.00948736
2023-09-27,ECHO,0.437896,0.445725,21.278924,-0.00640489
2023-09-28,ECHO,0.270472,0.443426,21.030162,-0.00167718
2023-09-29,ECHO,0.246247,0.795544,21.521266,0.00295153
2023-10-02,ECHO,0.349767,0.61048,21.655034,-0.00216519
2023-10-03,ECHO,0.377134,0.717247,21.408036,-0.00408286
2023-10-04,ECHO,0.297914,0.505926,20.75968,-0.00675869
2023-10-05,ECHO,0.476242,0.300351,21.780925,0.01078842
2023-10-06,ECHO,0.405625,0.403639,20.139109,0.0083317
2023-10-09,ECHO,0.406371,0.672032,21.430021,-0.0060887
2023-10-10,ECHO,0.274194,0.571727,20.70513,-0.00049798
2023-10-11,ECHO,0.457395,0.618763,20.022441,-0.00500182
2023-10-12,ECHO,0.260776,0.657841,21.440274,-0.00169209
2023-10-13,ECHO,0.342301,0.337773,21.440115,-0.00508977
2023-10-16,ECHO,0.37301,0.492817,21.394123,-0.01215411
2023-10-17,ECHO,0.500808,0.521729,21.829567,-0.01200673
2023-10-18,ECHO,0.398412,0.73511,21.528282,0.0123888
2023-10-19,ECHO,0.728293,0.453485,21.218083,-0.00635018
2023-10-20,ECHO,0.237723,0.837111,20.572612,0.00302016
2023-10-23,ECHO,0.384314,0.403128,20.089903,0.00207543
2023-10-24,ECHO,0.333831,0.48866,21.468105,0.00425205
2023-10-25,ECHO,0.558753,0.27794,21.429385,-0.00424671
2023-10-26,ECHO,0.264341,0.687389,21.71081,0.00687009
2023-10-27,ECHO,0.464405,0.558495,21.258467,-0.01158104
2023-10-30,ECHO,0.662871,0.363477,21.120954,0.00099023
2023-10-31,ECHO,0.301696,0.42147,21.570882,-0.00123034
2023-11-01,ECHO,0.360259,0.477633,20.903534,0.00781895
2023-11-02,ECHO,0.475932,0.471152,20.708815,-0.00329261
2023-11-03,ECHO,0.478304,0.498718,21.416998,-0.00133276
2023-11-06,ECHO,0.433496,0.449491,20.851328,0.01106647
2023-11-07,ECHO,0.432685,0.648874,21.513852,0.01545103
2023-11-08,ECHO,0.530757,0.406874,20.240205,-0.003977
2023-11-09,ECHO,0.273301,0.432492,21.837912,-0.00174002
2023-11-10,ECHO,0.332212,0.469102,21.615112,0.00466842
2023-11-13,ECHO,0.263262,0.435674,20.954577,0.00371148
2023-11-14,ECHO,0.348869,0.508477,20.831857,0.0011599
2023-11-15,ECHO,0.31118,0.513436,21.889073,0.00545954
2023-11-16,ECHO,0.408811,0.395683,20.310779,0.00472977
2023-11-17,ECHO,0.340436,0.656805,21.221459,0.00662894
2023-11-20,ECHO,0.219533,0.579559,21.438271,-0.01114384
2023-11-21,ECHO,0.326173,0.503359,21.083999,-0.00326942
2023-11-22,ECHO,0.216047,0.58258,21.279702,0.00195301
2023-11-23,ECHO,0.550667,0.474165,20.174881,-0.00764534
2023-11-24,ECHO,0.323982,0.480563,21.48331,-0.00247221
2023-11-27,ECHO,0.258857,0.625093,21.426152,-0.00715641
2023-11-28,ECHO,0.329808,0.617147,21.464302,-0.00741257
2023-11-29,ECHO,0.340638,0.582835,21.25709,-0.00756663
2023-11-30,ECHO,0.384825,0.53893,21.78765,0.00312679
2023-12-01,ECHO,0.324669,0.730483,20.042291,0.00255841
2023-12-04,ECHO,0.289268,0.520646,20.880698,-0.00831702
2023-12-05,ECHO,0.342514,0.429489,20.65349,-0.0010559
2023-12-06,ECHO,0.525823,0.552857,21.027404,0.00512333
2023-12-07,ECHO,0.259271,0.552488,21.376371,0.01902811
2023-12-08,ECHO,0.445432,0.562237,20.101673,-0.01046369
2023-12-11,ECHO,0.376095,0.405867,21.813986,0.00412761
2023-12-12,ECHO,0.308457,0.694066,20.760555,0.00990732
2023-12-13,ECHO,0.579678,0.437368,21.69397,0.00087759
2023-12-14,ECHO,0.395117,0.60103,21.916935,0.00677823
2023-12-15,ECHO,0.589555,0.468631,20.166528,0.01770434
2023-12-18,ECHO,0.6377,0.31999,21.351389,-0.01742558
2023-12-19,ECHO,0.456333,0.319844,20.867352,0.00312303
2023-12-20,ECHO,0.423634,0.445786,21.803133,0.01276698
2023-12-21,ECHO,0.451725,0.390093,21.771909,-0.00187115
2023-12-22,ECHO,0.217377,0.464614,19.935211,0.00223877
2023-12-25,ECHO,0.574681,0.445218,21.744094,-0.01145264
2023-12-26,ECHO,0.222176,0.619208,21.52393,-0.00100308
2023-12-27,ECHO,0.539231,0.520106,21.383828,0.00919124
2023-12-28,ECHO,0.475963,0.528731,21.769661,-0.00526726
2023-12-29,ECHO,0.407264,0.334023,19.792387,-0.00506244
2024-01-01,ECHO,0.783726,0.421251,20.316263,0.00812393
2024-01-02,ECHO,0.402094,0.516874,21.919749,0.01355035
2024-01-03,ECHO,0.23113,0.817546,21.409782,-0.00171315
2024-01-04,ECHO,0.2447,0.553719,21.300678,-0.00424575
2024-01-05,ECHO,0.588385,0.531193,21.564629,0.00283958
2024-01-08,ECHO,0.823911,0.38667,21.442526,-0.00022403
2024-01-09,ECHO,0.366917,0.528331,21.093988,-0.0069379
2024-01-10,ECHO,0.373644,0.391801,19.981814,-0.00020188
2024-01-11,ECHO,0.241149,0.36587,19.875924,0.00305595
2024-01-12,ECHO,0.350636,0.453814,21.592663,-0.00599067
2024-01-15,ECHO,0.407531,0.75809,21.434044,0.00930715
2024-01-16,ECHO,0.480855,0.442919,20.58076,0.00533289
2024-01-17,ECHO,0.505373,0.50843,21.354784,0.00118014
2024-01-18,ECHO,0.486011,0.409831,21.81658,0.0093841
2024-01-19,ECHO,0.318392,0.536757,21.424564,0.00772275
2024-01-22,ECHO,0.542794,0.535474,20.903604,-0.00141259
2024-01-23,ECHO,0.289774,0.345415,20.776536,0.00767042
2024-01-24,ECHO,0.292317,0.292169,21.254916,0.01478997
2024-01-25,ECHO,0.763812,0.456068,21.15546,0.00395457
2024-01-26,ECHO,0.466562,0.561852,21.967742,-0.00209398
2024-01-29,ECHO,0.429833,0.462935,20.793719,-0.00434017
2024-01-30,ECHO,0.644742,0.414701,21.106889,-0.00507035
2024-01-31,ECHO,0.299427,0.538005,21.657092,-0.00357716
2024-02-01,ECHO,0.56404,0.272097,20.841567,-0.01101992
2024-02-02,ECHO,0.477014,0.581503,21.53886,-7.301e-05
2024-02-05,ECHO,0.575039,0.504882,21.769249,0.00607741
2024-02-06,ECHO,0.09684,0.624828,21.154051,-0.0030171
2024-02-07,ECHO,0.386735,0.475723,21.669917,0.0111093
2024-02-08,ECHO,0.488839,0.768661,21.646216,-0.01836299
2024-02-09,ECHO,0.463114,0.544113,21.6841,-2.348e-05
2024-02-12,ECHO,0.57621,0.53756,21.935377,0.0134255
2024-02-13,ECHO,0.425581,0.451977,19.593647,0.00584709
2024-02-14,ECHO,0.192874,0.5103,21.856976,0.00057778
2024-02-15,ECHO,0.345213,0.636485,20.995548,0.01493349
2024-02-16,ECHO,0.511418,0.351156,21.603836,-0.0041235
2024-02-19,ECHO,0.458499,0.571315,21.690526,-0.00121502
2024-02-20,ECHO,0.56979,0.429418,19.976454,-0.01408256
2024-02-21,ECHO,0.398797,0.522276,20.905384,0.00625496
2024-02-22,ECHO,0.333441,0.571515,21.859043,0.0045714
2024-02-23,ECHO,0.430244,0.501086,21.393266,-0.01494209
2024-02-26,ECHO,0.524455,0.490852,21.069859,-0.00962071
2024-02-27,ECHO,0.449246,0.633041,20.546223,0.00015306
2024-02-28,ECHO,0.75148,0.529579,21.474522,0.00408498
2024-02-29,ECHO,0.320126,0.603904,20.778652,0.00415889
2024-03-01,ECHO,0.520016,0.525144,20.919439,-0.0017841
2024-03-04,ECHO,0.555353,0.525984,21.598482,0.00890082
2024-03-05,ECHO,0.726016,0.439215,21.650062,0.0045526
2024-03-06,ECHO,0.472701,0.346094,21.581859,0.00838219
2024-03-07,ECHO,0.437278,0.343502,21.931735,-0.00785011
2024-03-08,ECHO,0.417385,0.404877,21.358479,-0.00845808
2024-03-11,ECHO,0.613805,0.428167,19.857298,0.00399984
2024-03-12,ECHO,0.242246,0.452122,21.820325,0.01335604
2024-03-13,ECHO,0.303632,0.626315,20.231457,0.00670446
2024-03-14,ECHO,0.333012,0.575584,21.769153,0.00026856
2024-03-15,ECHO,0.370299,0.555712,21.929914,0.00225763
2024-03-18,ECHO,0.316432,0.371365,21.880095,-0.00327082
2024-03-19,ECHO,0.509841,0.595703,21.48446,-0.00321281
2024-03-20,ECHO,0.416357,0.60701,21.014312,0.0089234
2024-03-21,ECHO,0.617542,0.546791,20.492752,0.01320743
2024-03-22,ECHO,0.33854,0.567196,20.601324,0.01883335
2024-03-25,ECHO,0.393789,0.397295,20.566871,-0.00887549
2024-03-26,ECHO,0.307163,0.590034,21.632194,-0.01300487
2024-03-27,ECHO,0.275643,0.491743,19.897394,-0.02752834
2024-03-28,ECHO,0.525782,0.340165,21.156309,-0.00847207
2024-03-29,ECHO,0.412854,0.684829,21.926075,-0.01138029
2024-04-01,ECHO,0.531017,0.420258,21.637194,-0.00663018
2024-04-02,ECHO,0.537494,0.353581,21.672719,0.00235901
2024-04-03,ECHO,0.419438,0.701842,21.702482,-0.00620335
2024-04-04,ECHO,0.684005,0.433769,21.460627,-8.621e-05
2024-04-05,ECHO,0.522115,0.45873,19.641257,-0.00052265
2024-04-08,ECHO,0.492418,0.228051,21.503568,-0.00510526
2024-04-09,ECHO,0.599166,0.708395,21.905848,-0.0025393
2024-04-10,ECHO,0.327461,0.484971,21.428962,0.0028522
2024-04-11,ECHO,0.252415,0.690232,21.875149,0.00247779
2024-04-12,ECHO,0.316026,0.605732,21.604267,0.01193533
2024-04-15,ECHO,0.524202,0.443211,20.881202,-0.00637748
2024-04-16,ECHO,0.609301,0.385983,21.582309,0.00151017
2024-04-17,ECHO,0.579398,0.392265,21.545587,-0.00704383
2024-04-18,ECHO,0.550303,0.299202,21.220619,0.00732094
2024-04-19,ECHO,0.557293,0.390371,21.44312,-0.00453512
2024-04-22,ECHO,0.279718,0.609302,21.676416,-0.01392487
2024-04-23,ECHO,0.450748,0.50278,19.493832,-0.0072218
2024-04-24,ECHO,0.594258,0.492922,21.767522,0.00086879
2024-04-25,ECHO,0.507995,0.606604,21.23615,-0.01639275
2024-04-26,ECHO,0.555421,0.541348,20.923872,0.00565218
2024-04-29,ECHO,0.330492,0.451727,21.601991,0.01408287
2024-04-30,ECHO,0.517741,0.572394,20.217904,0.00577334
2024-05-01,ECHO,0.464123,0.363521,19.931278,-0.00343063
2024-05-02,ECHO,0.361845,0.359271,21.844234,-0.00877297
2024-05-03,ECHO,0.555413,0.374805,20.693349,0.00791657
2024-05-06,ECHO,0.538812,0.638209,20.713531,0.01478576
2024-05-07,ECHO,0.424562,0.434939,21.662124,0.00195458
2024-05-08,ECHO,0.680488,0.444261,21.115389,-0.00085454
2024-05-09,ECHO,0.389211,0.568289,21.6354,0.00045616
2024-05-10,ECHO,0.549947,0.379159,21.949748,0.00800804
2024-05-13,ECHO,0.656002,0.599964,20.930779,-0.00519837
2024-05-14,ECHO,0.541049,0.605137,21.953092,-0.00701954
2024-05-15,ECHO,0.421082,0.37691,21.072873,-0.02804883
2024-05-16,ECHO,0.739346,0.399441,21.711682,0.00651321
2024-05-17,ECHO,0.552811,0.408679,21.727061,-0.00702396
2024-05-20,ECHO,0.645912,0.447935,21.060522,0.00386568
2024-05-21,ECHO,0.742973,0.420149,20.745443,-0.00286405
2024-05-22,ECHO,0.453784,0.380454,21.658403,0.00341916
2024-05-23,ECHO,0.519828,0.644234,20.953116,0.00621155
2024-05-24,ECHO,0.629138,0.457378,21.289649,0.00109725
2024-05-27,ECHO,0.406104,0.482237,21.2277,-0.00100589
2024-05-28,ECHO,0.251364,0.676633,21.718613,-0.00933275
2024-05-29,ECHO,0.642382,0.523946,21.464972,0.00815884
2024-05-30,ECHO,0.421574,0.549083,21.57853,0.0091198
2024-05-31,ECHO,0.56625,0.377042,21.375369,-0.00918144
2024-06-03,ECHO,0.416459,0.617034,20.348635,-0.00427892
2024-06-04,ECHO,0.506531,0.635983,21.685452,0.00919689
2024-06-05,ECHO,0.279968,0.701924,21.305043,-5.933e-05
2024-06-06,ECHO,0.533179,0.312025,21.874579,0.0034041
2024-06-07,ECHO,0.73151,0.538226,21.490701,-0.00067095
2024-06-10,ECHO,0.600537,0.410389,21.776885,0.00162378
2024-06-11,ECHO,0.540845,0.455584,21.095508,-0.00368427
2024-06-12,ECHO,0.342249,0.461276,20.588106,0.00454932
2024-06-13,ECHO,0.64633,0.450042,20.942315,-0.01012883
2024-06-14,ECHO,0.599229,0.40084,20.582022,0.00019945
2024-06-17,ECHO,0.392038,0.465422,20.790498,0.00027793
2024-06-18,ECHO,0.381435,0.546731,20.943707,-0.00552037
2024-06-19,ECHO,0.664844,0.322817,20.089956,0.01042618
2024-06-20,ECHO,0.638563,0.453134,21.259464,0.00438645
2024-06-21,ECHO,0.613055,0.364398,19.564696,-0.01109198
2024-06-24,ECHO,0.527127,0.507981,21.45426,-0.00822337
2024-06-25,ECHO,0.617672,0.461152,19.911926,0.00264646
2024-06-26,ECHO,0.517154,0.591338,21.548449,0.00149602
2024-06-27,ECHO,0.698878,0.321192,21.715583,-0.00203253
2024-06-28,ECHO,0.739278,0.357599,21.576842,-0.00223083
2024-07-01,ECHO,0.41594,0.32461,21.915977,0.00696706
2024-07-02,ECHO,0.712091,0.278023,19.57539,-0.00698734
2024-07-03,ECHO,0.476772,0.26539,21.898403,0.0100502
2024-07-04,ECHO,0.567893,0.478634,21.564001,-0.00066937
2024-07-05,ECHO,0.458581,0.618804,21.835779,-0.00508068
2024-07-08,ECHO,0.448087,0.45948,21.578279,-0.01118882
2024-07-09,ECHO,0.669133,0.602166,21.796629,-0.00368716
2024-07-10,ECHO,0.434664,0.451968,21.125495,-0.0095419
2024-07-11,ECHO,0.668137,0.5119,21.763768,0.0030424
2024-07-12,ECHO,0.590474,0.4717,20.993666,-0.01776002
2024-07-15,ECHO,0.677742,0.413829,20.421981,0.00278967
2024-07-16,ECHO,0.554952,0.478656,21.042615,-0.01488303
2024-07-17,ECHO,0.504038,0.48516,20.752927,-0.00554742
2024-07-18,ECHO,0.53816,0.452692,21.295467,0.00641086
2024-07-19,ECHO,0.847011,0.365686,19.964682,0.00801865
2024-07-22,ECHO,0.485702,0.678267,21.633187,0.00759581
2024-07-23,ECHO,0.478541,0.378214,20.957978,-0.00143664
2024-07-24,ECHO,0.797148,0.438632,21.554335,-0.00049321
2024-07-25,ECHO,0.546342,0.465541,21.657022,-0.0007702
2024-07-26,ECHO,0.781416,0.471747,20.55131,-0.01049303
2024-07-29,ECHO,0.712753,0.407982,20.509175,-0.00876296
2024-07-30,ECHO,0.659527,0.474916,21.129211,0.00444318
2024-07-31,ECHO,0.687628,0.496374,21.517437,-0.01124704
2024-08-01,ECHO,0.750311,0.444935,21.580378,0.00783084
2024-08-02,ECHO,0.544761,0.264804,21.054811,0.01163779
2024-08-05,ECHO,0.509847,0.481042,20.479905,0.01044907
2024-08-06,ECHO,0.748904,0.419962,21.003247,0.00397826
2024-08-07,ECHO,0.785969,0.390904,21.808026,-0.0042192
2024-08-08,ECHO,0.256699,0.642406,21.124711,0.0095016
2024-08-09,ECHO,0.478611,0.518213,20.12498,-0.00101236
2024-08-12,ECHO,0.657684,0.339869,20.45834,0.00075263
2024-08-13,ECHO,0.638482,0.356911,20.500769,-0.00332242
2024-08-14,ECHO,0.633367,0.617017,20.898577,-0.00620973
2024-08-15,ECHO,0.540187,0.480873,21.340821,0.00406274
2024-08-16,ECHO,0.602643,0.462898,21.163605,-0.00177503
2024-08-19,ECHO,0.643219,0.446304,20.897505,-0.00217138
2024-08-20,ECHO,0.58508,0.571005,21.848628,0.00620278
2024-08-21,ECHO,0.542144,0.447025,21.66644,-0.00641049
2024-08-22,ECHO,0.710234,0.555276,20.495401,0.00180571
2024-08-23,ECHO,0.71544,0.562378,20.733895,-0.00309996
2024-08-26,ECHO,0.54744,0.382088,21.713834,0.00654403
2024-08-27,ECHO,0.451284,0.334081,21.61741,-0.0023686
2024-08-28,ECHO,0.870059,0.295807,21.689793,-0.00613162
2024-08-29,ECHO,0.611263,0.291561,21.331803,-0.01269134
2024-08-30,ECHO,0.629553,0.286301,20.56767,-0.00311115
2024-09-02,ECHO,0.810664,0.314857,21.454234,-0.00564073
2024-09-03,ECHO,0.699936,0.403233,21.544157,-0.00738917
2024-09-04,ECHO,0.62192,0.408034,20.153597,-0.00177986
2024-09-05,ECHO,0.754407,0.299486,21.541,-0.00915816
2024-09-06,ECHO,0.709791,0.555018,21.370258,-0.00626212
2024-09-09,ECHO,0.57613,0.34465,21.149662,-0.00861037
2024-09-10,ECHO,0.662628,0.419697,21.498097,-0.01134547
2024-09-11,ECHO,0.525206,0.396989,21.560726,0.00076204
2024-09-12,ECHO,0.432862,0.431097,21.288046,-0.00144939
2024-09-13,ECHO,0.711222,0.34372,21.521862,-0.00199891
2024-09-16,ECHO,0.735424,0.364645,19.56524,-0.00105703
2024-09-17,ECHO,0.806732,0.275126,21.630382,-0.00434314
2024-09-18,ECHO,0.560452,0.44925,21.494281,-0.00711874
2024-09-19,ECHO,0.520791,0.547585,21.692967,0.0065116
2024-09-20,ECHO,0.456445,0.365809,20.965594,0.00135506
2024-09-23,ECHO,0.534978,0.523171,21.624637,0.00533657
2024-09-24,ECHO,0.670645,0.450033,21.605465,-0.00066939
2024-09-25,ECHO,0.754298,0.453943,20.453618,-0.00381463
2024-09-26,ECHO,0.461629,0.43852,21.738425,-0.00292654
2024-09-27,ECHO,0.581938,0.533235,20.077966,0.00891616
2024-09-30,ECHO,0.656333,0.364608,21.498487,-0.00964584
2024-10-01,ECHO,0.659894,0.468646,21.662354,0.01052671
2024-10-02,ECHO,0.631294,0.492479,21.209703,0.00484076
2024-10-03,ECHO,0.715441,0.559564,21.690251,0.00562445
2024-10-04,ECHO,0.632395,0.569698,21.811609,0.00445266
2024-10-07,ECHO,0.516295,0.390617,21.078374,0.00434886
2024-10-08,ECHO,0.493118,0.614304,21.3668,-0.00349975
2024-10-09,ECHO,0.727777,0.357568,21.717635,0.00183409
2024-10-10,ECHO,0.516899,0.574951,21.132319,0.01118683
2024-10-11,ECHO,0.667283,0.472289,21.734575,0.00659232
2024-10-14,ECHO,0.690288,0.421183,21.355008,0.00552251
2024-10-15,ECHO,0.679883,0.421804,20.113771,0.01612237
2024-10-16,ECHO,0.482926,0.463196,20.336324,-0.00026641
2024-10-17,ECHO,0.517191,0.353649,20.646544,-0.00534284
2024-10-18,ECHO,0.661859,0.456846,21.869526,0.00864701
2024-10-21,ECHO,0.535565,0.516677,21.121504,0.00815589
2024-10-22,ECHO,0.591209,0.488983,20.884326,-0.00678178
2024-10-23,ECHO,0.520583,0.386657,20.258411,-0.00162148
2024-10-24,ECHO,0.501734,0.423489,21.244096,-0.00757585
2024-10-25,ECHO,0.651016,0.452531,21.506728,-0.00128927
2024-10-28,ECHO,0.587024,0.341808,21.796239,-0.00896801
2024-10-29,ECHO,0.609431,0.327005,21.099445,0.01428459
2024-10-30,ECHO,0.700932,0.480306,21.513745,-0.00546833
2024-10-31,ECHO,0.568912,0.433718,21.202853,-0.00189476
2024-11-01,ECHO,0.667863,0.516556,21.601405,0.00795036
2024-11-04,ECHO,0.647192,0.436542,21.186966,0.00078699
2024-11-05,ECHO,0.701146,0.405081,20.847544,0.00291415
2024-11-06,ECHO,0.649003,0.573468,20.938253,-0.00866245
2024-11-07,ECHO,0.430452,0.565837,20.805633,0.01026297
2024-11-08,ECHO,0.851364,0.422007,21.028302,-0.00168222
2024-11-11,ECHO,0.690942,0.509659,21.219668,0.0083462
2024-11-12,ECHO,0.561231,0.513344,21.324919,0.00264615
2024-11-13,ECHO,0.889544,0.396959,21.589217,-0.00077214
2024-11-14,ECHO,0.602536,0.361258,21.648418,-0.00458678
2024-11-15,ECHO,0.565222,0.417017,19.731509,-0.00098191
2024-11-18,ECHO,0.715908,0.432254,21.298903,-0.00508268
2024-11-19,ECHO,0.549063,0.519914,21.815179,0.0079052
2024-11-20,ECHO,0.869958,0.552113,21.476189,0.00597214
2024-11-21,ECHO,0.904031,0.342795,20.821434,-0.00494781
2024-11-22,ECHO,0.713317,0.282352,21.106501,0.00792157
2024-11-25,ECHO,0.676781,0.376918,21.620701,0.00367494
2024-11-26,ECHO,0.660394,0.506965,21.474906,0.00545963
2024-11-27,ECHO,0.703942,0.36253,21.412524,-0.01028849
2024-11-28,ECHO,0.812096,0.538617,21.040477,0.00154437
2024-11-29,ECHO,0.609871,0.31796,19.808869,-0.01561228
2024-12-02,ECHO,0.787245,0.475197,21.405266,0.00378049
2024-12-03,ECHO,0.54615,0.378467,20.110267,0.00227655
2024-12-04,ECHO,0.831566,0.593987,21.643432,0.01267945
2024-12-05,ECHO,0.768369,0.509873,19.686861,0.00462308
2024-12-06,ECHO,0.622132,0.551602,21.893878,0.00399338
2024-12-09,ECHO,0.786269,0.210309,21.319902,-0.00829616
2024-12-10,ECHO,0.580057,0.37928,21.397598,0.00416819
2024-12-11,ECHO,0.84077,0.367917,21.377271,0.00149114
2024-12-12,ECHO,0.452807,0.365412,20.721971,-0.00981164
2024-12-13,ECHO,0.555607,0.70614,19.691899,0.00933107
2024-12-16,ECHO,0.556792,0.396282,19.822379,-0.00868646
2024-12-17,ECHO,0.478358,0.607902,21.189902,-0.01477735
2024-12-18,ECHO,0.506465,0.609431,21.276504,-0.00484449
2024-12-19,ECHO,0.58609,0.605572,21.166054,0.00626833
2024-12-20,ECHO,0.803996,0.538268,20.808218,-0.00397655
2024-12-23,ECHO,0.766436,0.205326,19.791737,-0.01424002
2024-12-24,ECHO,0.503191,0.608067,21.494294,-0.00272921
2024-12-25,ECHO,0.671533,0.652475,21.395832,-0.00382023
2024-12-26,ECHO,0.611821,0.491811,21.609715,-0.00423233
2024-12-27,ECHO,0.540755,0.494783,21.379334,0.01151244
2024-12-30,ECHO,0.416704,0.441698,21.275724,0.00332218
2024-12-31,ECHO,0.562258,0.356189,21.71705,0.00930218
2025-01-01,ECHO,0.816828,0.351049,21.364434,0.01123968
2025-01-02,ECHO,0.861009,0.276914,21.775463,0.00547294
2025-01-03,ECHO,0.864763,0.512061,20.553918,-0.00049363
2025-01-06,ECHO,0.751788,0.47599,19.575216,-0.00469765
2025-01-07,ECHO,0.61892,0.502275,21.092751,-0.0031767
2025-01-08,ECHO,0.712602,0.388574,20.809253,-0.00457715
2025-01-09,ECHO,0.624528,0.30524,21.305671,0.00891739
2025-01-10,ECHO,0.661399,0.413719,20.480286,0.01027276
2025-01-13,ECHO,0.645356,0.36606,21.196409,-0.00797243
2025-01-14,ECHO,0.675852,0.447891,21.749116,0.00473646
2025-01-15,ECHO,0.66517,0.447136,21.555094,-0.00039177
2025-01-16,ECHO,0.689357,0.429619,21.661347,0.00601425
2025-01-17,ECHO,0.696048,0.477079,21.852612,0.01642503
2025-01-20,ECHO,0.86623,0.436722,21.415528,0.00583463
2025-01-21,ECHO,0.704357,0.301952,21.761638,0.00149693
2025-01-22,ECHO,0.934001,0.438266,20.781862,0.01479295
2025-01-23,ECHO,0.829879,0.227472,19.781808,-0.00245566
2025-01-24,ECHO,0.641715,0.383916,21.317926,-0.00761914
2025-01-27,ECHO,0.601199,0.286008,20.330795,0.00608775
2025-01-28,ECHO,0.753084,0.476657,20.002608,-0.00568743
2025-01-29,ECHO,0.774982,0.530885,20.190044,0.00446545
2025-01-30,ECHO,0.580065,0.380121,19.371849,-0.0020525
2025-01-31,ECHO,0.680991,0.360658,21.442536,-0.00067978
2025-02-03,ECHO,0.611722,0.581733,21.088796,-0.01244673
2025-02-04,ECHO,0.822218,0.367647,20.990117,0.01144403
2025-02-05,ECHO,0.61069,0.339814,20.437014,0.00552099
2025-02-06,ECHO,0.663023,0.408829,21.624275,-0.0008638
2025-02-07,ECHO,0.616457,0.472356,21.82384,0.00378064
2025-02-10,ECHO,0.75701,0.493758,21.24703,0.00938583
2025-02-11,ECHO,0.779618,0.336733,21.761699,-0.00642641
2025-02-12,ECHO,0.618876,0.550063,21.105501,-0.00398555
2025-02-13,ECHO,0.995733,0.34857,20.763501,-0.00247529
2025-02-14,ECHO,0.714789,0.331889,21.283362,-0.00141946
2025-02-17,ECHO,0.684882,0.443231,20.930917,-0.00237759
2025-02-18,ECHO,0.902414,0.367694,21.623217,0.00224151
2025-02-19,ECHO,0.746939,0.384768,20.033923,0.01158111
2025-02-20,ECHO,0.692089,0.399661,21.381417,0.0085158
2025-02-21,ECHO,0.821282,0.211648,20.616199,-0.00544015
2025-02-24,ECHO,0.894721,0.531268,21.734985,-0.00554554
2025-02-25,ECHO,0.754209,0.479763,20.430876,-0.00102742
2025-02-26,ECHO,0.716904,0.564529,21.234127,0.00018446
2025-02-27,ECHO,0.722991,0.26176,20.09779,0.00490536
2025-02-28,ECHO,0.91536,0.164701,21.810223,-0.00185305
2025-03-03,ECHO,0.520842,0.327422,21.405031,0.00107227
2025-03-04,ECHO,0.701134,0.428815,21.714657,0.00077973
2025-03-05,ECHO,0.675673,0.430816,20.132631,-0.00665299
2025-03-06,ECHO,0.636661,0.580849,20.947367,-0.01110762
2025-03-07,ECHO,0.601375,0.415431,21.793296,0.00407067
2025-03-10,ECHO,0.7007,0.444308,19.708315,-0.00478428
2025-03-11,ECHO,0.846011,0.500516,21.594932,-0.00262703
2025-03-12,ECHO,0.599109,0.459487,20.723164,-0.00908812
2025-03-13,ECHO,0.873788,0.638291,20.678448,-0.0045564
2025-03-14,ECHO,0.735608,0.394584,19.482018,0.00029069
2025-03-17,ECHO,0.832943,0.418513,19.541094,0.00192834
2025-03-18,ECHO,0.609438,0.433638,20.726137,-0.00077289
2025-03-19,ECHO,0.575663,0.489072,19.501266,-0.00169175
2025-03-20,ECHO,0.730196,0.402988,19.895489,-0.01360308
2025-03-21,ECHO,0.647972,0.489463,21.339188,0.00427802
2025-03-24,ECHO,0.578756,0.516764,20.995986,0.00250273
2025-03-25,ECHO,0.816038,0.503043,20.172404,-0.00749698
2025-03-26,ECHO,0.865221,0.434426,21.519116,-0.00071888
2025-03-27,ECHO,0.718579,0.447906,21.420079,-0.00218096
2025-03-28,ECHO,0.762765,0.295128,21.84084,0.00158163
2025-03-31,ECHO,0.748063,0.440843,21.836378,-0.00321623
2025-04-01,ECHO,0.744288,0.384021,20.790938,-0.01274013
2025-04-02,ECHO,0.806185,0.479756,21.342307,-0.00311717
2025-04-03,ECHO,0.651334,0.624705,21.142729,0.00512042
2025-04-04,ECHO,0.788586,0.543871,21.510174,-0.00553638
2025-04-07,ECHO,0.874003,0.488997,20.5122,0.00481119
2025-04-08,ECHO,0.88549,0.469418,20.464068,0.01139055
2025-04-09,ECHO,0.580577,0.508827,21.11833,-0.01339343
2025-04-10,ECHO,0.68625,0.432532,19.919474,0.00192391
2025-04-11,ECHO,0.57421,0.497464,21.446845,0.00753763
2025-04-14,ECHO,0.943467,0.385235,19.840497,0.00069838
2025-04-15,ECHO,0.835522,0.397145,19.786845,0.00814307
2025-04-16,ECHO,0.575233,0.436955,20.389153,-0.01253623
2025-04-17,ECHO,0.697276,0.356194,21.114964,-0.00747884
2025-04-18,ECHO,0.657462,0.68553,21.779104,0.00228726
2025-04-21,ECHO,0.760262,0.338782,20.861255,0.00559958
2025-04-22,ECHO,0.805775,0.352094,21.874875,-0.00855976
2025-04-23,ECHO,0.706204,0.544898,21.762584,0.00027445
2025-04-24,ECHO,0.769507,0.335721,21.876978,0.00609765
2025-04-25,ECHO,0.693214,0.306476,20.665912,0.01367894
2025-04-28,ECHO,0.963276,0.310261,20.643424,0.00423491
2025-04-29,ECHO,1.016144,0.375077,21.619389,-0.00909753
2025-04-30,ECHO,0.770022,0.303785,19.347268,-0.00550008
2025-05-01,ECHO,0.747127,0.30756,21.48911,0.00076016
2025-05-02,ECHO,0.678694,0.397827,21.076201,-0.00359546
2025-05-05,ECHO,0.700371,0.178118,20.925003,0.00252748
2025-05-06,ECHO,0.745528,0.268244,20.580444,0.02306837
2025-05-07,ECHO,0.855407,0.456166,21.102272,0.00453772
2025-05-08,ECHO,0.8387,0.472774,21.483399,0.01089731
2025-05-09,ECHO,0.846736,0.390486,20.771461,-0.00073534
2025-05-12,ECHO,0.761874,0.432703,21.703375,0.00706173
2025-05-13,ECHO,0.65283,0.486133,20.522081,0.00090762
2025-05-14,ECHO,0.690525,0.4013,20.997119,-0.0106627
2025-05-15,ECHO,0.963329,0.368953,21.905801,0.0036586
2025-05-16,ECHO,0.982374,0.396223,20.982821,0.0047439
2025-05-19,ECHO,1.043737,0.433588,21.458717,0.00557539
2025-05-20,ECHO,0.69505,0.541904,20.045053,0.00714735
2025-05-21,ECHO,0.818762,0.288327,21.852092,-0.00129107
2025-05-22,ECHO,1.038656,0.488379,21.939696,-0.01552488
2025-05-23,ECHO,0.79336,0.462926,21.776842,-0.00662925
2025-05-26,ECHO,0.721111,0.35162,20.498314,0.00374133
2025-05-27,ECHO,0.832531,0.450398,20.217835,-0.00416905
2025-05-28,ECHO,0.849819,0.485443,19.515945,-0.00692946
2025-05-29,ECHO,0.775874,0.314172,19.413007,0.00428709
2025-05-30,ECHO,0.89628,0.336995,20.181885,0.00989849
2025-06-02,ECHO,0.605814,0.412261,21.358744,-0.00600829
2025-06-03,ECHO,0.848079,0.348619,21.37651,-0.00622528
2025-06-04,ECHO,0.808601,0.635965,20.618329,-0.00765935
2025-06-05,ECHO,0.892966,0.275204,21.656283,0.00150356
2025-06-06,ECHO,0.754458,0.554095,20.250822,0.0075062
2025-06-09,ECHO,0.838812,0.432806,21.243752,0.0074493
2025-06-10,ECHO,0.94308,0.201197,20.299833,-0.00140239
2025-06-11,ECHO,0.773405,0.484784,21.142627,-0.00047096
2025-06-12,ECHO,0.829108,0.40095,21.857904,0.00067399
2025-06-13,ECHO,0.7354,0.487878,19.771085,-0.01468641
2025-06-16,ECHO,0.708614,0.330617,21.824946,0.00504921
2025-06-17,ECHO,0.882238,0.153256,21.167261,0.01078623
2025-06-18,ECHO,0.644666,0.448165,21.232536,-3.669e-05
2025-06-19,ECHO,0.874708,0.246187,19.76267,-0.00439441
2025-06-20,ECHO,0.605147,0.507673,19.947179,0.00696553
2025-06-23,ECHO,0.665273,0.467254,21.173785,0.00179497
2025-06-24,ECHO,0.771507,0.399691,21.621838,0.01229659
2025-06-25,ECHO,0.752433,0.388053,21.893992,0.01386657
2025-06-26,ECHO,0.829912,0.305504,19.464311,0.00288585
2025-06-27,ECHO,0.811785,0.414584,21.756765,0.00134794
2025-06-30,ECHO,0.929014,0.323557,20.903706,-0.00255246
2025-07-01,ECHO,0.714653,0.383914,21.027117,-0.00462483
2025-07-02,ECHO,0.730698,0.453703,21.689426,-0.00640656
2025-07-03,ECHO,0.891115,0.506242,21.717797,0.01171211
2025-07-04,ECHO,0.74728,0.498064,21.169927,0.0018135
2025-07-07,ECHO,0.623097,0.307799,20.294359,-0.00303401
2025-07-08,ECHO,0.77295,0.305844,20.703039,0.01176432
2025-07-09,ECHO,0.835023,0.48443,20.630565,-0.00151425
2025-07-10,ECHO,0.913369,0.388931,21.567491,-0.00295673
2025-07-11,ECHO,0.700538,0.493486,20.255791,-0.01255307
2025-07-14,ECHO,0.905457,0.44871,21.865848,0.00854555
2025-07-15,ECHO,0.977155,0.351414,21.582352,8.193e-05
2025-07-16,ECHO,0.694253,0.248787,21.264826,-0.00217041
2025-07-17,ECHO,0.904535,0.236251,21.943603,-0.0159749
2025-07-18,ECHO,0.739847,0.207699,19.714171,-0.00169863
2025-07-21,ECHO,0.750471,0.357377,21.065105,0.00053208
2025-07-22,ECHO,0.876166,0.516522,21.766814,0.00188105
2025-07-23,ECHO,0.759982,0.664063,21.741792,0.00494119
2025-07-24,ECHO,0.965629,0.569209,20.344497,-0.01132849
2025-07-25,ECHO,0.51967,0.533825,19.819593,0.00194254
2025-07-28,ECHO,0.912885,0.306902,21.60654,0.00312599
2025-07-29,ECHO,0.908409,0.166134,19.500988,-0.0022551
2025-07-30,ECHO,0.700114,0.567695,21.555058,0.00656656
2025-07-31,ECHO,0.833272,0.581482,21.618736,-0.00543578
2025-08-01,ECHO,1.02081,0.709097,21.185832,-0.00197437
2025-08-04,ECHO,0.979095,0.347934,21.403256,0.00139785
2025-08-05,ECHO,0.732372,0.214409,20.51016,0.00188011
2025-08-06,ECHO,0.736827,0.339694,21.507867,0.00079208
2025-08-07,ECHO,0.718903,0.521383,21.864799,0.0033757
2025-08-08,ECHO,1.025533,0.147285,19.380951,0.00401355
2025-08-11,ECHO,1.013007,0.223708,21.92796,-0.00156895
2025-08-12,ECHO,1.042287,0.342723,21.10608,-0.00635849
2025-08-13,ECHO,0.742185,0.219976,21.63878,-0.00907196
2025-08-14,ECHO,0.916921,0.277626,21.314291,-0.0103015
2025-08-15,ECHO,0.692964,0.460486,19.585051,0.0008482
2025-08-18,ECHO,0.836196,0.285983,20.961554,-0.00178615
2025-08-19,ECHO,0.932918,0.479957,21.450149,-0.00090327
2025-08-20,ECHO,0.771986,0.611708,21.654648,0.00641026
2025-08-21,ECHO,0.908318,0.409312,21.554115,-0.02114976
2025-08-22,ECHO,0.686683,0.520358,21.660923,0.0060812
2025-08-25,ECHO,0.753027,0.351178,21.608865,-0.00290835
2025-08-26,ECHO,0.879143,0.335676,19.357146,-0.00990624
2025-08-27,ECHO,0.957483,0.172268,21.013818,0.01300531
2025-08-28,ECHO,0.980286,0.375464,21.459616,0.01043065
2025-08-29,ECHO,1.100422,0.153178,21.110459,-0.00405022
2025-09-01,ECHO,0.57778,0.49158,21.809673,-0.00224328
2025-09-02,ECHO,0.849612,0.393718,20.849791,0.00753493
2025-09-03,ECHO,0.956112,0.364659,21.655185,0.01104704
2025-09-04,ECHO,0.718603,0.595353,20.835899,-0.0046583
2025-09-05,ECHO,0.745242,0.330874,21.718172,0.00245416
2025-09-08,ECHO,0.841896,0.375674,20.246475,0.0087045
2025-09-09,ECHO,0.723078,0.42863,21.72688,-0.00943548
2025-09-10,ECHO,0.787237,0.387324,21.559375,-0.00763364
2025-09-11,ECHO,0.71404,0.396984,21.790712,-0.00628614
2025-09-12,ECHO,0.95036,0.401402,21.755912,0.00315242
2025-09-15,ECHO,0.772205,0.435252,21.445666,0.00042018
2025-09-16,ECHO,0.965917,0.174455,21.327859,-2.59e-06
2025-09-17,ECHO,0.949664,0.525401,21.747573,-0.00964968
2025-09-18,ECHO,0.931379,0.314556,19.376323,-0.01088973
2025-09-19,ECHO,0.815135,0.369048,21.54466,0.00523136
2025-09-22,ECHO,0.990557,0.300758,20.080558,0.00880931
2025-09-23,ECHO,0.89668,0.33511,21.250467,-0.00271014
2025-09-24,ECHO,0.887634,0.416834,21.668373,-0.00906432
2025-09-25,ECHO,0.795131,0.566499,21.66032,-0.00320007
2025-09-26,ECHO,0.738294,0.332687,21.885668,0.0052277
2025-09-29,ECHO,1.109194,0.416491,21.642265,0.00400565
2025-09-30,ECHO,0.935078,0.275597,21.700407,-0.01481113
2025-10-01,ECHO,0.581085,0.531379,20.864239,0.00535876
2025-10-02,ECHO,1.095869,0.231093,21.379755,0.00887575
2025-10-03,ECHO,0.669051,0.49297,20.066077,-0.00606677
2025-10-06,ECHO,0.629947,0.510313,20.472457,0.00811135
2025-10-07,ECHO,0.71772,0.269861,21.221657,0.00416676
2025-10-08,ECHO,0.978127,0.337028,21.334755,0.01354766
2025-10-09,ECHO,0.922396,0.347136,21.886801,0.00550141
2025-10-10,ECHO,1.080287,0.267941,21.461161,-0.01197829
2025-10-13,ECHO,0.670207,0.467121,21.193209,-0.00682614
2025-10-14,ECHO,0.885388,0.38817,21.748129,0.00310219
2025-10-15,ECHO,0.794233,0.540274,20.946618,-0.00525407
2025-10-16,ECHO,0.989242,0.333424,20.542338,-0.00101629
2025-10-17,ECHO,0.973946,0.408631,21.901261,0.00923205
2025-10-20,ECHO,0.907354,0.406191,20.715576,-0.00137715
2025-10-21,ECHO,0.828399,0.537504,20.806549,-0.00378074
2025-10-22,ECHO,0.689833,0.370157,21.762554,0.00109581
2025-10-23,ECHO,0.810108,0.279882,20.509072,-0.00319477
2025-10-24,ECHO,0.830855,0.423105,19.531695,0.00116302
2025-10-27,ECHO,0.875748,0.286719,20.659009,0.01116979
2025-10-28,ECHO,0.718192,0.54718,21.14653,-0.00152165
2025-10-29,ECHO,0.889182,0.383758,21.797178,-0.00491536
2025-10-30,ECHO,1.001627,0.525623,21.182653,0.00255514
2025-10-31,ECHO,0.705335,0.490688,21.701709,-0.00732443
2025-11-03,ECHO,0.922647,0.392085,21.740344,-0.00939278
2025-11-04,ECHO,0.806892,0.367321,21.654729,-0.00683909
2025-11-05,ECHO,0.891894,0.374161,21.216586,0.00536516
2025-11-06,ECHO,0.776576,0.389977,20.672262,0.02298472
2025-11-07,ECHO,0.978285,0.283882,20.157929,-0.01052833
2025-11-10,ECHO,0.95657,0.365777,21.102509,-0.00327154
2025-11-11,ECHO,1.027901,0.383184,20.586063,-0.00790429
2025-11-12,ECHO,0.840593,0.38381,19.564452,0.01517196
2025-11-13,ECHO,1.111276,0.305734,20.909714,-0.00772771
2025-11-14,ECHO,1.033249,0.459547,21.898511,-0.00076607
2025-11-17,ECHO,0.837205,0.35139,21.759016,0.00354733
2025-11-18,ECHO,0.817239,0.597634,19.757778,0.00157867
2025-11-19,ECHO,0.96828,0.49824,21.273109,0.00587483
2025-11-20,ECHO,0.90521,0.452527,20.395151,0.00063409
2025-11-21,ECHO,0.990425,0.491614,21.892047,0.00468191
2025-11-24,ECHO,0.624189,0.322138,20.923372,
